database,series,ni_at,T_C,label,fraction,alpha_solvus_C
mpea-02b,C_measured,4.2,1000.0,A1_FCC,0.9999999999996665,1340.0
mpea-02b,C_measured,4.2,1010.0,A1_FCC,0.9999999999876084,1340.0
mpea-02b,C_measured,4.2,1020.0,A1_FCC,1.0000000000006546,1340.0
mpea-02b,C_measured,4.2,1030.0,A1_FCC,0.9999999999751485,1340.0
mpea-02b,C_measured,4.2,1040.0,A1_FCC,1.0000000000102978,1340.0
mpea-02b,C_measured,4.2,1050.0,A1_FCC,1.0000000000198095,1340.0
mpea-02b,C_measured,4.2,1060.0,B2_BCC[A2],0.03679090242959407,1340.0
mpea-02b,C_measured,4.2,1060.0,A1_FCC,0.9632090975893016,1340.0
mpea-02b,C_measured,4.2,1070.0,B2_BCC[A2],0.08887207623485074,1340.0
mpea-02b,C_measured,4.2,1070.0,A1_FCC,0.9111279237144808,1340.0
mpea-02b,C_measured,4.2,1080.0,A1_FCC,0.8583086243016557,1340.0
mpea-02b,C_measured,4.2,1080.0,B2_BCC[A2],0.14169137569587065,1340.0
mpea-02b,C_measured,4.2,1090.0,A1_FCC,0.8049553777434892,1340.0
mpea-02b,C_measured,4.2,1090.0,B2_BCC[A2],0.19504462225457253,1340.0
mpea-02b,C_measured,4.2,1100.0,B2_BCC[A2],0.24866314144194435,1340.0
mpea-02b,C_measured,4.2,1100.0,A1_FCC,0.7513368585564714,1340.0
mpea-02b,C_measured,4.2,1110.0,A1_FCC,0.6977905785639289,1340.0
mpea-02b,C_measured,4.2,1110.0,B2_BCC[A2],0.3022094214272758,1340.0
mpea-02b,C_measured,4.2,1120.0,B2_BCC[A2],0.3552792774000747,1340.0
mpea-02b,C_measured,4.2,1120.0,A1_FCC,0.64472072258811,1340.0
mpea-02b,C_measured,4.2,1130.0,A1_FCC,0.5925862520849278,1340.0
mpea-02b,C_measured,4.2,1130.0,B2_BCC[A2],0.40741374789779455,1340.0
mpea-02b,C_measured,4.2,1140.0,A1_FCC,0.5418769516974034,1340.0
mpea-02b,C_measured,4.2,1140.0,B2_BCC[A2],0.4581230482803604,1340.0
mpea-02b,C_measured,4.2,1150.0,A1_FCC,0.4930777281873003,1340.0
mpea-02b,C_measured,4.2,1150.0,B2_BCC[A2],0.5069222718221813,1340.0
mpea-02b,C_measured,4.2,1160.0,A1_FCC,0.44662556599769876,1340.0
mpea-02b,C_measured,4.2,1160.0,B2_BCC[A2],0.5533744340449065,1340.0
mpea-02b,C_measured,4.2,1170.0,A1_FCC,0.40286755781196903,1340.0
mpea-02b,C_measured,4.2,1170.0,B2_BCC[A2],0.5971324422348949,1340.0
mpea-02b,C_measured,4.2,1180.0,A1_FCC,0.3620299368184793,1340.0
mpea-02b,C_measured,4.2,1180.0,B2_BCC[A2],0.6379700632333857,1340.0
mpea-02b,C_measured,4.2,1190.0,A1_FCC,0.32420543746736635,1340.0
mpea-02b,C_measured,4.2,1190.0,B2_BCC[A2],0.6757945625513893,1340.0
mpea-02b,C_measured,4.2,1200.0,B2_BCC[A2],0.7106395074940697,1340.0
mpea-02b,C_measured,4.2,1200.0,A1_FCC,0.28936049250286977,1340.0
mpea-02b,C_measured,4.2,1210.0,A1_FCC,0.25735778931050307,1340.0
mpea-02b,C_measured,4.2,1210.0,B2_BCC[A2],0.742642210696077,1340.0
mpea-02b,C_measured,4.2,1220.0,B2_BCC[A2],0.7720135409210233,1340.0
mpea-02b,C_measured,4.2,1220.0,A1_FCC,0.22798645910676194,1340.0
mpea-02b,C_measured,4.2,1230.0,B2_BCC[A2],0.7990075582543773,1340.0
mpea-02b,C_measured,4.2,1230.0,A1_FCC,0.200992441726355,1340.0
mpea-02b,C_measured,4.2,1240.0,A1_FCC,0.1761040739766694,1340.0
mpea-02b,C_measured,4.2,1240.0,B2_BCC[A2],0.8238959260246403,1340.0
mpea-02b,C_measured,4.2,1250.0,A1_FCC,0.15307057356748288,1340.0
mpea-02b,C_measured,4.2,1250.0,B2_BCC[A2],0.8469294264287945,1340.0
mpea-02b,C_measured,4.2,1260.0,B2_BCC[A2],0.8684040743221557,1340.0
mpea-02b,C_measured,4.2,1260.0,A1_FCC,0.13159592567783945,1340.0
mpea-02b,C_measured,4.2,1270.0,B2_BCC[A2],0.8885319740390826,1340.0
mpea-02b,C_measured,4.2,1270.0,A1_FCC,0.11146802592904963,1340.0
mpea-02b,C_measured,4.2,1280.0,A1_FCC,0.09247439408422195,1340.0
mpea-02b,C_measured,4.2,1280.0,B2_BCC[A2],0.9075256059160883,1340.0
mpea-02b,C_measured,4.2,1290.0,B2_BCC[A2],0.9255756760136736,1340.0
mpea-02b,C_measured,4.2,1290.0,A1_FCC,0.07442432398596151,1340.0
mpea-02b,C_measured,4.2,1300.0,A1_FCC,0.05714799104488467,1340.0
mpea-02b,C_measured,4.2,1300.0,B2_BCC[A2],0.9428520089580783,1340.0
mpea-02b,C_measured,4.2,1310.0,B2_BCC[A2],0.9595053454602214,1340.0
mpea-02b,C_measured,4.2,1310.0,A1_FCC,0.04049465455654183,1340.0
mpea-02b,C_measured,4.2,1320.0,A1_FCC,0.024330462606982108,1340.0
mpea-02b,C_measured,4.2,1320.0,B2_BCC[A2],0.975669537355929,1340.0
mpea-02b,C_measured,4.2,1330.0,A1_FCC,0.008536168045163012,1340.0
mpea-02b,C_measured,4.2,1330.0,B2_BCC[A2],0.9914638319460533,1340.0
mpea-02b,C_measured,4.2,1340.0,B2_BCC[A2],0.9999999999823634,1340.0
mpea-02b,C_measured,4.2,1350.0,B2_BCC[A2],1.0000000000005547,1340.0
mpea-02b,C_measured,4.2,1360.0,B2_BCC[A2],1.0000000000090328,1340.0
mpea-02b,C_measured,4.2,1370.0,B2_BCC[A2],1.0000000000122715,1340.0
mpea-02b,C_measured,4.2,1380.0,B2_BCC[A2],0.9999999999967231,1340.0
mpea-02b,C_measured,4.2,1390.0,B2_BCC[A2],0.9999999999982926,1340.0
mpea-02b,C_measured,4.2,1400.0,B2_BCC[A2],1.000000000000702,1340.0
mpea-02b,C_measured,4.2,425.0,A1_FCC,0.8089556010739283,1340.0
mpea-02b,C_measured,4.2,425.0,CUB_A13,0.08196397648645874,1340.0
mpea-02b,C_measured,4.2,425.0,B2_BCC[ordered],0.10739181716681498,1340.0
mpea-02b,C_measured,4.2,425.0,M23C6_D84,0.0016886049620862412,1340.0
mpea-02b,C_measured,4.2,450.0,A1_FCC,0.8945658484603961,1340.0
mpea-02b,C_measured,4.2,450.0,B2_BCC[ordered],0.10543415153392577,1340.0
mpea-02b,C_measured,4.2,475.0,A1_FCC,0.8976191206919645,1340.0
mpea-02b,C_measured,4.2,475.0,B2_BCC[ordered],0.1023808793385305,1340.0
mpea-02b,C_measured,4.2,500.0,A1_FCC,0.9011277668670601,1340.0
mpea-02b,C_measured,4.2,500.0,B2_BCC[ordered],0.09887223312168539,1340.0
mpea-02b,C_measured,4.2,525.0,A1_FCC,0.9050951315631758,1340.0
mpea-02b,C_measured,4.2,525.0,B2_BCC[ordered],0.09490486843699768,1340.0
mpea-02b,C_measured,4.2,550.0,A1_FCC,0.9095201655682826,1340.0
mpea-02b,C_measured,4.2,550.0,B2_BCC[ordered],0.09047983441671609,1340.0
mpea-02b,C_measured,4.2,575.0,A1_FCC,0.9143980692158932,1340.0
mpea-02b,C_measured,4.2,575.0,B2_BCC[ordered],0.08560193076459983,1340.0
mpea-02b,C_measured,4.2,600.0,A1_FCC,0.9197210927857292,1340.0
mpea-02b,C_measured,4.2,600.0,B2_BCC[ordered],0.0802789072192876,1340.0
mpea-02b,C_measured,4.2,625.0,B2_BCC[ordered],0.07452054017107697,1340.0
mpea-02b,C_measured,4.2,625.0,A1_FCC,0.9254794598242746,1340.0
mpea-02b,C_measured,4.2,650.0,A1_FCC,0.931662381232164,1340.0
mpea-02b,C_measured,4.2,650.0,B2_BCC[ordered],0.06833761873199157,1340.0
mpea-02b,C_measured,4.2,675.0,B2_BCC[ordered],0.061740861634410026,1340.0
mpea-02b,C_measured,4.2,675.0,A1_FCC,0.9382591383597475,1340.0
mpea-02b,C_measured,4.2,700.0,A1_FCC,0.9452602340724776,1340.0
mpea-02b,C_measured,4.2,700.0,B2_BCC[ordered],0.05473976592528713,1340.0
mpea-02b,C_measured,4.2,725.0,A1_FCC,0.952658644171152,1340.0
mpea-02b,C_measured,4.2,725.0,B2_BCC[ordered],0.047341355858880226,1340.0
mpea-02b,C_measured,4.2,750.0,B2_BCC[ordered],0.03954875172277927,1340.0
mpea-02b,C_measured,4.2,750.0,A1_FCC,0.9604512482834231,1340.0
mpea-02b,C_measured,4.2,775.0,B2_BCC[ordered],0.031359403024120096,1340.0
mpea-02b,C_measured,4.2,775.0,A1_FCC,0.9686405969775782,1340.0
mpea-02b,C_measured,4.2,800.0,A1_FCC,0.9772372990205166,1340.0
mpea-02b,C_measured,4.2,800.0,B2_BCC[ordered],0.02276270098047866,1340.0
mpea-02b,C_measured,4.2,825.0,B2_BCC[ordered],0.013736446870524723,1340.0
mpea-02b,C_measured,4.2,825.0,A1_FCC,0.986263553204634,1340.0
mpea-02b,C_measured,4.2,850.0,A1_FCC,0.9957588363696688,1340.0
mpea-02b,C_measured,4.2,850.0,B2_BCC[ordered],0.0042411636596316445,1340.0
mpea-02b,C_measured,4.2,875.0,A1_FCC,0.9999999999840665,1340.0
mpea-02b,C_measured,4.2,900.0,A1_FCC,0.9999999999768107,1340.0
mpea-02b,C_measured,4.2,925.0,A1_FCC,1.0000000000200833,1340.0
mpea-02b,C_measured,4.2,950.0,A1_FCC,1.0000000000028213,1340.0
mpea-02b,C_measured,4.6,1000.0,A1_FCC,1.00000000000703,1340.0
mpea-02b,C_measured,4.6,1010.0,A1_FCC,0.999999999990076,1340.0
mpea-02b,C_measured,4.6,1020.0,A1_FCC,1.0000000000006757,1340.0
mpea-02b,C_measured,4.6,1030.0,A1_FCC,0.9999999999842486,1340.0
mpea-02b,C_measured,4.6,1040.0,A1_FCC,1.0000000000012144,1340.0
mpea-02b,C_measured,4.6,1050.0,A1_FCC,1.000000000008068,1340.0
mpea-02b,C_measured,4.6,1060.0,A1_FCC,0.9919336046178011,1340.0
mpea-02b,C_measured,4.6,1060.0,B2_BCC[A2],0.008066395345604997,1340.0
mpea-02b,C_measured,4.6,1070.0,A1_FCC,0.9394877672683427,1340.0
mpea-02b,C_measured,4.6,1070.0,B2_BCC[A2],0.06051223275988995,1340.0
mpea-02b,C_measured,4.6,1080.0,A1_FCC,0.8861848149252285,1340.0
mpea-02b,C_measured,4.6,1080.0,B2_BCC[A2],0.11381518507350402,1340.0
mpea-02b,C_measured,4.6,1090.0,A1_FCC,0.8322039816947905,1340.0
mpea-02b,C_measured,4.6,1090.0,B2_BCC[A2],0.1677960183372778,1340.0
mpea-02b,C_measured,4.6,1100.0,A1_FCC,0.7777884344439769,1340.0
mpea-02b,C_measured,4.6,1100.0,B2_BCC[A2],0.22221156557219612,1340.0
mpea-02b,C_measured,4.6,1110.0,A1_FCC,0.7232524047103152,1340.0
mpea-02b,C_measured,4.6,1110.0,B2_BCC[A2],0.27674759530152865,1340.0
mpea-02b,C_measured,4.6,1120.0,A1_FCC,0.6689831299020602,1340.0
mpea-02b,C_measured,4.6,1120.0,B2_BCC[A2],0.3310168700922584,1340.0
mpea-02b,C_measured,4.6,1130.0,A1_FCC,0.6154340736916978,1340.0
mpea-02b,C_measured,4.6,1130.0,B2_BCC[A2],0.3845659262886556,1340.0
mpea-02b,C_measured,4.6,1140.0,A1_FCC,0.5631061097125291,1340.0
mpea-02b,C_measured,4.6,1140.0,B2_BCC[A2],0.43689389031145254,1340.0
mpea-02b,C_measured,4.6,1150.0,A1_FCC,0.512515231799922,1340.0
mpea-02b,C_measured,4.6,1150.0,B2_BCC[A2],0.4874847681735714,1340.0
mpea-02b,C_measured,4.6,1160.0,A1_FCC,0.46414921365849615,1340.0
mpea-02b,C_measured,4.6,1160.0,B2_BCC[A2],0.5358507863173568,1340.0
mpea-02b,C_measured,4.6,1170.0,A1_FCC,0.41842050116065405,1340.0
mpea-02b,C_measured,4.6,1170.0,B2_BCC[A2],0.5815794988170091,1340.0
mpea-02b,C_measured,4.6,1180.0,A1_FCC,0.37562603262012256,1340.0
mpea-02b,C_measured,4.6,1180.0,B2_BCC[A2],0.6243739673477298,1340.0
mpea-02b,C_measured,4.6,1190.0,A1_FCC,0.335924039948971,1340.0
mpea-02b,C_measured,4.6,1190.0,B2_BCC[A2],0.6640759600460029,1340.0
mpea-02b,C_measured,4.6,1200.0,A1_FCC,0.2993327016437364,1340.0
mpea-02b,C_measured,4.6,1200.0,B2_BCC[A2],0.7006672983588306,1340.0
mpea-02b,C_measured,4.6,1210.0,A1_FCC,0.2657483902635049,1340.0
mpea-02b,C_measured,4.6,1210.0,B2_BCC[A2],0.7342516097351144,1340.0
mpea-02b,C_measured,4.6,1220.0,A1_FCC,0.23497598675949483,1340.0
mpea-02b,C_measured,4.6,1220.0,B2_BCC[A2],0.7650240132719598,1340.0
mpea-02b,C_measured,4.6,1230.0,A1_FCC,0.20676243847405126,1340.0
mpea-02b,C_measured,4.6,1230.0,B2_BCC[A2],0.7932375615423428,1340.0
mpea-02b,C_measured,4.6,1240.0,A1_FCC,0.1808267883409289,1340.0
mpea-02b,C_measured,4.6,1240.0,B2_BCC[A2],0.8191732116365936,1340.0
mpea-02b,C_measured,4.6,1250.0,A1_FCC,0.15690340305712988,1340.0
mpea-02b,C_measured,4.6,1250.0,B2_BCC[A2],0.8430965969466782,1340.0
mpea-02b,C_measured,4.6,1260.0,A1_FCC,0.1346773062463493,1340.0
mpea-02b,C_measured,4.6,1260.0,B2_BCC[A2],0.8653226937916583,1340.0
mpea-02b,C_measured,4.6,1270.0,A1_FCC,0.11391868570485278,1340.0
mpea-02b,C_measured,4.6,1270.0,B2_BCC[A2],0.8860813142792056,1340.0
mpea-02b,C_measured,4.6,1280.0,A1_FCC,0.09439775085667917,1340.0
mpea-02b,C_measured,4.6,1280.0,B2_BCC[A2],0.9056022491670532,1340.0
mpea-02b,C_measured,4.6,1290.0,A1_FCC,0.0759081778787523,1340.0
mpea-02b,C_measured,4.6,1290.0,B2_BCC[A2],0.9240918221231201,1340.0
mpea-02b,C_measured,4.6,1300.0,A1_FCC,0.05826648928146712,1340.0
mpea-02b,C_measured,4.6,1300.0,B2_BCC[A2],0.9417335107220173,1340.0
mpea-02b,C_measured,4.6,1310.0,A1_FCC,0.041310254985152756,1340.0
mpea-02b,C_measured,4.6,1310.0,B2_BCC[A2],0.958689745024218,1340.0
mpea-02b,C_measured,4.6,1320.0,A1_FCC,0.024895751567101148,1340.0
mpea-02b,C_measured,4.6,1320.0,B2_BCC[A2],0.9751042484236154,1340.0
mpea-02b,C_measured,4.6,1330.0,A1_FCC,0.008895468944699501,1340.0
mpea-02b,C_measured,4.6,1330.0,B2_BCC[A2],0.9911045310380293,1340.0
mpea-02b,C_measured,4.6,1340.0,B2_BCC[A2],0.9999999999880047,1340.0
mpea-02b,C_measured,4.6,1350.0,B2_BCC[A2],0.9999999999928642,1340.0
mpea-02b,C_measured,4.6,1360.0,B2_BCC[A2],1.0000000000099019,1340.0
mpea-02b,C_measured,4.6,1370.0,B2_BCC[A2],0.999999999982448,1340.0
mpea-02b,C_measured,4.6,1380.0,B2_BCC[A2],1.0000000000038067,1340.0
mpea-02b,C_measured,4.6,1390.0,B2_BCC[A2],0.9999999999958169,1340.0
mpea-02b,C_measured,4.6,1400.0,B2_BCC[A2],1.0000000000323317,1340.0
mpea-02b,C_measured,4.6,450.0,A1_FCC,0.8847089074446703,1340.0
mpea-02b,C_measured,4.6,450.0,B2_BCC[ordered],0.11529109257212944,1340.0
mpea-02b,C_measured,4.6,475.0,A1_FCC,0.8877334820217948,1340.0
mpea-02b,C_measured,4.6,475.0,B2_BCC[ordered],0.11226651797435935,1340.0
mpea-02b,C_measured,4.6,500.0,A1_FCC,0.8912132148263099,1340.0
mpea-02b,C_measured,4.6,500.0,B2_BCC[ordered],0.10878678516513962,1340.0
mpea-02b,C_measured,4.6,525.0,A1_FCC,0.8951497954317874,1340.0
mpea-02b,C_measured,4.6,525.0,B2_BCC[ordered],0.1048502045826093,1340.0
mpea-02b,C_measured,4.6,550.0,A1_FCC,0.8995402582403166,1340.0
mpea-02b,C_measured,4.6,550.0,B2_BCC[ordered],0.10045974178223885,1340.0
mpea-02b,C_measured,4.6,575.0,A1_FCC,0.9043776344340265,1340.0
mpea-02b,C_measured,4.6,575.0,B2_BCC[ordered],0.09562236557370106,1340.0
mpea-02b,C_measured,4.6,600.0,A1_FCC,0.9096517552676227,1340.0
mpea-02b,C_measured,4.6,600.0,B2_BCC[ordered],0.0903482447191807,1340.0
mpea-02b,C_measured,4.6,625.0,A1_FCC,0.9153501646788302,1340.0
mpea-02b,C_measured,4.6,625.0,B2_BCC[ordered],0.08464983532593465,1340.0
mpea-02b,C_measured,4.6,650.0,A1_FCC,0.9214590980525128,1340.0
mpea-02b,C_measured,4.6,650.0,B2_BCC[ordered],0.078540901977493,1340.0
mpea-02b,C_measured,4.6,675.0,A1_FCC,0.927964494192546,1340.0
mpea-02b,C_measured,4.6,675.0,B2_BCC[ordered],0.07203550579377217,1340.0
mpea-02b,C_measured,4.6,700.0,A1_FCC,0.9348530235778699,1340.0
mpea-02b,C_measured,4.6,700.0,B2_BCC[ordered],0.06514697644373302,1340.0
mpea-02b,C_measured,4.6,725.0,A1_FCC,0.9421131413930488,1340.0
mpea-02b,C_measured,4.6,725.0,B2_BCC[ordered],0.057886858588151895,1340.0
mpea-02b,C_measured,4.6,750.0,A1_FCC,0.9497362105122452,1340.0
mpea-02b,C_measured,4.6,750.0,B2_BCC[ordered],0.050263789498253976,1340.0
mpea-02b,C_measured,4.6,775.0,A1_FCC,0.9577177874209055,1340.0
mpea-02b,C_measured,4.6,775.0,B2_BCC[ordered],0.042282212575777654,1340.0
mpea-02b,C_measured,4.6,800.0,A1_FCC,0.9660592452057907,1340.0
mpea-02b,C_measured,4.6,800.0,B2_BCC[ordered],0.03394075481584268,1340.0
mpea-02b,C_measured,4.6,825.0,A1_FCC,0.9999999999920594,1340.0
mpea-02b,C_measured,4.6,850.0,A1_FCC,0.9999999999952106,1340.0
mpea-02b,C_measured,4.6,875.0,A1_FCC,1.0000000000029474,1340.0
mpea-02b,C_measured,4.6,900.0,A1_FCC,1.0000000000238287,1340.0
mpea-02b,C_measured,4.6,925.0,A1_FCC,0.9999999999965143,1340.0
mpea-02b,C_measured,4.6,950.0,A1_FCC,1.000000000012302,1340.0
mpea-02b,C_measured,5.0,1000.0,A1_FCC,0.9999999999965028,1340.0
mpea-02b,C_measured,5.0,1010.0,A1_FCC,0.9999999999640576,1340.0
mpea-02b,C_measured,5.0,1020.0,A1_FCC,1.0000000000035794,1340.0
mpea-02b,C_measured,5.0,1030.0,A1_FCC,1.0000000000166305,1340.0
mpea-02b,C_measured,5.0,1040.0,A1_FCC,1.0000000000146412,1340.0
mpea-02b,C_measured,5.0,1050.0,A1_FCC,0.9999999999933216,1340.0
mpea-02b,C_measured,5.0,1060.0,A1_FCC,0.9999999999900657,1340.0
mpea-02b,C_measured,5.0,1070.0,A1_FCC,0.9674904719382095,1340.0
mpea-02b,C_measured,5.0,1070.0,B2_BCC[A2],0.03250952808387521,1340.0
mpea-02b,C_measured,5.0,1080.0,A1_FCC,0.9138229616239509,1340.0
mpea-02b,C_measured,5.0,1080.0,B2_BCC[A2],0.08617703836516999,1340.0
mpea-02b,C_measured,5.0,1090.0,A1_FCC,0.8593438588184775,1340.0
mpea-02b,C_measured,5.0,1090.0,B2_BCC[A2],0.1406561411538027,1340.0
mpea-02b,C_measured,5.0,1100.0,A1_FCC,0.8042697285909929,1340.0
mpea-02b,C_measured,5.0,1100.0,B2_BCC[A2],0.19573027144074337,1340.0
mpea-02b,C_measured,5.0,1110.0,A1_FCC,0.7488886263015296,1340.0
mpea-02b,C_measured,5.0,1110.0,B2_BCC[A2],0.2511113737038133,1340.0
mpea-02b,C_measured,5.0,1120.0,A1_FCC,0.6935656318723769,1340.0
mpea-02b,C_measured,5.0,1120.0,B2_BCC[A2],0.3064343680915738,1340.0
mpea-02b,C_measured,5.0,1130.0,A1_FCC,0.6387410330416654,1340.0
mpea-02b,C_measured,5.0,1130.0,B2_BCC[A2],0.36125896700217713,1340.0
mpea-02b,C_measured,5.0,1140.0,A1_FCC,0.5849172010803949,1340.0
mpea-02b,C_measured,5.0,1140.0,B2_BCC[A2],0.41508279890047084,1340.0
mpea-02b,C_measured,5.0,1150.0,A1_FCC,0.5326312259173751,1340.0
mpea-02b,C_measured,5.0,1150.0,B2_BCC[A2],0.4673687740909017,1340.0
mpea-02b,C_measured,5.0,1160.0,A1_FCC,0.482413573405979,1340.0
mpea-02b,C_measured,5.0,1160.0,B2_BCC[A2],0.5175864265995355,1340.0
mpea-02b,C_measured,5.0,1170.0,A1_FCC,0.4347381431735617,1340.0
mpea-02b,C_measured,5.0,1170.0,B2_BCC[A2],0.5652618568541034,1340.0
mpea-02b,C_measured,5.0,1180.0,A1_FCC,0.38997411891948147,1340.0
mpea-02b,C_measured,5.0,1180.0,B2_BCC[A2],0.6100258811075003,1340.0
mpea-02b,C_measured,5.0,1190.0,A1_FCC,0.34835170802918775,1340.0
mpea-02b,C_measured,5.0,1190.0,B2_BCC[A2],0.6516482919811757,1340.0
mpea-02b,C_measured,5.0,1200.0,A1_FCC,0.3099502569225894,1340.0
mpea-02b,C_measured,5.0,1200.0,B2_BCC[A2],0.6900497430335331,1340.0
mpea-02b,C_measured,5.0,1210.0,A1_FCC,0.27470970659356064,1340.0
mpea-02b,C_measured,5.0,1210.0,B2_BCC[A2],0.72529029340091,1340.0
mpea-02b,C_measured,5.0,1220.0,A1_FCC,0.2424590860547813,1340.0
mpea-02b,C_measured,5.0,1220.0,B2_BCC[A2],0.7575409139308273,1340.0
mpea-02b,C_measured,5.0,1230.0,A1_FCC,0.21295233117215331,1340.0
mpea-02b,C_measured,5.0,1230.0,B2_BCC[A2],0.7870476688294205,1340.0
mpea-02b,C_measured,5.0,1240.0,A1_FCC,0.18590272193329857,1340.0
mpea-02b,C_measured,5.0,1240.0,B2_BCC[A2],0.8140972780885389,1340.0
mpea-02b,C_measured,5.0,1250.0,A1_FCC,0.16103136719311734,1340.0
mpea-02b,C_measured,5.0,1250.0,B2_BCC[A2],0.8389686328066719,1340.0
mpea-02b,C_measured,5.0,1260.0,A1_FCC,0.13800447948418054,1340.0
mpea-02b,C_measured,5.0,1260.0,B2_BCC[A2],0.8619955205354414,1340.0
mpea-02b,C_measured,5.0,1270.0,A1_FCC,0.1165740118506807,1340.0
mpea-02b,C_measured,5.0,1270.0,B2_BCC[A2],0.8834259881242829,1340.0
mpea-02b,C_measured,5.0,1280.0,A1_FCC,0.09649191858548035,1340.0
mpea-02b,C_measured,5.0,1280.0,B2_BCC[A2],0.9035080814184573,1340.0
mpea-02b,C_measured,5.0,1290.0,A1_FCC,0.07753519528990475,1340.0
mpea-02b,C_measured,5.0,1290.0,B2_BCC[A2],0.9224648046918901,1340.0
mpea-02b,C_measured,5.0,1300.0,A1_FCC,0.05950568043170946,1340.0
mpea-02b,C_measured,5.0,1300.0,B2_BCC[A2],0.9404943195611757,1340.0
mpea-02b,C_measured,5.0,1310.0,A1_FCC,0.04222832795458096,1340.0
mpea-02b,C_measured,5.0,1310.0,B2_BCC[A2],0.9577716720602442,1340.0
mpea-02b,C_measured,5.0,1320.0,A1_FCC,0.02554874684632962,1340.0
mpea-02b,C_measured,5.0,1320.0,B2_BCC[A2],0.9744512531592717,1340.0
mpea-02b,C_measured,5.0,1330.0,A1_FCC,0.009330499420299213,1340.0
mpea-02b,C_measured,5.0,1330.0,B2_BCC[A2],0.9906695005746349,1340.0
mpea-02b,C_measured,5.0,1340.0,B2_BCC[A2],0.9999999999954018,1340.0
mpea-02b,C_measured,5.0,1350.0,B2_BCC[A2],0.9999999999992323,1340.0
mpea-02b,C_measured,5.0,1360.0,B2_BCC[A2],0.9999999999973272,1340.0
mpea-02b,C_measured,5.0,1370.0,B2_BCC[A2],0.9999999999942994,1340.0
mpea-02b,C_measured,5.0,1380.0,B2_BCC[A2],1.0000000000014948,1340.0
mpea-02b,C_measured,5.0,1390.0,B2_BCC[A2],0.9999999999996695,1340.0
mpea-02b,C_measured,5.0,1400.0,B2_BCC[A2],0.9999999999757808,1340.0
mpea-02b,C_measured,5.0,450.0,A1_FCC,0.8750664475673561,1340.0
mpea-02b,C_measured,5.0,450.0,B2_BCC[ordered],0.12493355244845442,1340.0
mpea-02b,C_measured,5.0,475.0,A1_FCC,0.8780690845553002,1340.0
mpea-02b,C_measured,5.0,475.0,B2_BCC[ordered],0.12193091543961088,1340.0
mpea-02b,C_measured,5.0,500.0,A1_FCC,0.8815274101108637,1340.0
mpea-02b,C_measured,5.0,500.0,B2_BCC[ordered],0.11847258990594275,1340.0
mpea-02b,C_measured,5.0,525.0,A1_FCC,0.8854415225059931,1340.0
mpea-02b,C_measured,5.0,525.0,B2_BCC[ordered],0.1145584774860906,1340.0
mpea-02b,C_measured,5.0,550.0,A1_FCC,0.8898066236133697,1340.0
mpea-02b,C_measured,5.0,550.0,B2_BCC[ordered],0.11019337638594245,1340.0
mpea-02b,C_measured,5.0,575.0,A1_FCC,0.8946136896950978,1340.0
mpea-02b,C_measured,5.0,575.0,B2_BCC[ordered],0.10538631031867221,1340.0
mpea-02b,C_measured,5.0,600.0,A1_FCC,0.8998502906682434,1340.0
mpea-02b,C_measured,5.0,600.0,B2_BCC[ordered],0.10014970936165507,1340.0
mpea-02b,C_measured,5.0,625.0,A1_FCC,0.9055015071827857,1340.0
mpea-02b,C_measured,5.0,625.0,B2_BCC[ordered],0.09449849282270747,1340.0
mpea-02b,C_measured,5.0,650.0,A1_FCC,0.9115508945390655,1340.0
mpea-02b,C_measured,5.0,650.0,B2_BCC[ordered],0.08844910542273472,1340.0
mpea-02b,C_measured,5.0,675.0,A1_FCC,0.9179814498472034,1340.0
mpea-02b,C_measured,5.0,675.0,B2_BCC[ordered],0.08201855015233053,1340.0
mpea-02b,C_measured,5.0,700.0,A1_FCC,0.924776554685963,1340.0
mpea-02b,C_measured,5.0,700.0,B2_BCC[ordered],0.0752234453273366,1340.0
mpea-02b,C_measured,5.0,725.0,A1_FCC,0.9319208868812495,1340.0
mpea-02b,C_measured,5.0,725.0,B2_BCC[ordered],0.06807911312955839,1340.0
mpea-02b,C_measured,5.0,750.0,A1_FCC,0.9394013222163508,1340.0
mpea-02b,C_measured,5.0,750.0,B2_BCC[ordered],0.06059867776449351,1340.0
mpea-02b,C_measured,5.0,775.0,A1_FCC,0.947207881160152,1340.0
mpea-02b,C_measured,5.0,775.0,B2_BCC[ordered],0.05279211883844769,1340.0
mpea-02b,C_measured,5.0,800.0,A1_FCC,0.9553348253346868,1340.0
mpea-02b,C_measured,5.0,800.0,B2_BCC[ordered],0.044665174668213375,1340.0
mpea-02b,C_measured,5.0,825.0,A1_FCC,1.0000000000129117,1340.0
mpea-02b,C_measured,5.0,850.0,A1_FCC,1.0000000000054658,1340.0
mpea-02b,C_measured,5.0,875.0,A1_FCC,0.9999999999905681,1340.0
mpea-02b,C_measured,5.0,900.0,A1_FCC,1.0000000000306815,1340.0
mpea-02b,C_measured,5.0,925.0,A1_FCC,0.99999999998397,1340.0
mpea-02b,C_measured,5.0,950.0,A1_FCC,0.9999999999997232,1340.0
mpea-02b,C_measured,5.4,1000.0,A1_FCC,1.000000000014559,1340.0
mpea-02b,C_measured,5.4,1010.0,A1_FCC,1.0000000000012446,1340.0
mpea-02b,C_measured,5.4,1020.0,A1_FCC,1.000000000020168,1340.0
mpea-02b,C_measured,5.4,1030.0,A1_FCC,0.999999999978044,1340.0
mpea-02b,C_measured,5.4,1040.0,A1_FCC,0.9999999999853171,1340.0
mpea-02b,C_measured,5.4,1050.0,A1_FCC,0.9999999999909897,1340.0
mpea-02b,C_measured,5.4,1060.0,A1_FCC,0.9999999999956061,1340.0
mpea-02b,C_measured,5.4,1070.0,A1_FCC,0.999999999973256,1340.0
mpea-02b,C_measured,5.4,1080.0,A1_FCC,1.0000000000040115,1340.0
mpea-02b,C_measured,5.4,1090.0,A1_FCC,0.8863055265611509,1340.0
mpea-02b,C_measured,5.4,1090.0,B2_BCC[A2],0.11369447340510999,1340.0
mpea-02b,C_measured,5.4,1100.0,A1_FCC,0.8307038841074047,1340.0
mpea-02b,C_measured,5.4,1100.0,B2_BCC[A2],0.16929611587970175,1340.0
mpea-02b,C_measured,5.4,1110.0,A1_FCC,0.7746174589113745,1340.0
mpea-02b,C_measured,5.4,1110.0,B2_BCC[A2],0.22538254111994785,1340.0
mpea-02b,C_measured,5.4,1120.0,A1_FCC,0.7183852550667449,1340.0
mpea-02b,C_measured,5.4,1120.0,B2_BCC[A2],0.2816147449666222,1340.0
mpea-02b,C_measured,5.4,1130.0,A1_FCC,0.6624278895218356,1340.0
mpea-02b,C_measured,5.4,1130.0,B2_BCC[A2],0.33757211044584606,1340.0
mpea-02b,C_measured,5.4,1140.0,A1_FCC,0.6072402770594714,1340.0
mpea-02b,C_measured,5.4,1140.0,B2_BCC[A2],0.3927597229690798,1340.0
mpea-02b,C_measured,5.4,1150.0,A1_FCC,0.5533702310747721,1340.0
mpea-02b,C_measured,5.4,1150.0,B2_BCC[A2],0.4466297689537982,1340.0
mpea-02b,C_measured,5.4,1160.0,A1_FCC,0.5013811795300144,1340.0
mpea-02b,C_measured,5.4,1160.0,B2_BCC[A2],0.49861882050601436,1340.0
mpea-02b,C_measured,5.4,1170.0,A1_FCC,0.45180196808003026,1340.0
mpea-02b,C_measured,5.4,1170.0,B2_BCC[A2],0.5481980319505777,1340.0
mpea-02b,C_measured,5.4,1180.0,A1_FCC,0.40507276129245134,1340.0
mpea-02b,C_measured,5.4,1180.0,B2_BCC[A2],0.5949272386794549,1340.0
mpea-02b,C_measured,5.4,1190.0,A1_FCC,0.3615001243942174,1340.0
mpea-02b,C_measured,5.4,1190.0,B2_BCC[A2],0.6384998756136694,1340.0
mpea-02b,C_measured,5.4,1200.0,A1_FCC,0.3212331398177379,1340.0
mpea-02b,C_measured,5.4,1200.0,B2_BCC[A2],0.6787668601848867,1340.0
mpea-02b,C_measured,5.4,1210.0,A1_FCC,0.2842655314830688,1340.0
mpea-02b,C_measured,5.4,1210.0,B2_BCC[A2],0.7157344685764503,1340.0
mpea-02b,C_measured,5.4,1220.0,A1_FCC,0.2504599264276113,1340.0
mpea-02b,C_measured,5.4,1220.0,B2_BCC[A2],0.7495400735871499,1340.0
mpea-02b,C_measured,5.4,1230.0,A1_FCC,0.21958447204005951,1340.0
mpea-02b,C_measured,5.4,1230.0,B2_BCC[A2],0.7804155279731191,1340.0
mpea-02b,C_measured,5.4,1240.0,A1_FCC,0.1913512910308656,1340.0
mpea-02b,C_measured,5.4,1240.0,B2_BCC[A2],0.8086487089984769,1340.0
mpea-02b,C_measured,5.4,1250.0,A1_FCC,0.16547059450214463,1340.0
mpea-02b,C_measured,5.4,1250.0,B2_BCC[A2],0.834529405491249,1340.0
mpea-02b,C_measured,5.4,1260.0,A1_FCC,0.14159039583811628,1340.0
mpea-02b,C_measured,5.4,1260.0,B2_BCC[A2],0.8584096041327519,1340.0
mpea-02b,C_measured,5.4,1270.0,A1_FCC,0.11944412109061116,1340.0
mpea-02b,C_measured,5.4,1270.0,B2_BCC[A2],0.8805558789185866,1340.0
mpea-02b,C_measured,5.4,1280.0,A1_FCC,0.09876460850174817,1340.0
mpea-02b,C_measured,5.4,1280.0,B2_BCC[A2],0.9012353914934946,1340.0
mpea-02b,C_measured,5.4,1290.0,A1_FCC,0.07931110925518112,1340.0
mpea-02b,C_measured,5.4,1290.0,B2_BCC[A2],0.9206888907405774,1340.0
mpea-02b,C_measured,5.4,1300.0,A1_FCC,0.06086970441478431,1340.0
mpea-02b,C_measured,5.4,1300.0,B2_BCC[A2],0.9391302955848473,1340.0
mpea-02b,C_measured,5.4,1310.0,A1_FCC,0.04325174788250083,1340.0
mpea-02b,C_measured,5.4,1310.0,B2_BCC[A2],0.9567482521259718,1340.0
mpea-02b,C_measured,5.4,1320.0,A1_FCC,0.026291326820122314,1340.0
mpea-02b,C_measured,5.4,1320.0,B2_BCC[A2],0.9737086731707687,1340.0
mpea-02b,C_measured,5.4,1330.0,A1_FCC,0.009842358464012872,1340.0
mpea-02b,C_measured,5.4,1330.0,B2_BCC[A2],0.9901576415613752,1340.0
mpea-02b,C_measured,5.4,1340.0,B2_BCC[A2],0.9999999999983507,1340.0
mpea-02b,C_measured,5.4,1350.0,B2_BCC[A2],0.9999999999678166,1340.0
mpea-02b,C_measured,5.4,1360.0,B2_BCC[A2],1.0000000000039289,1340.0
mpea-02b,C_measured,5.4,1370.0,B2_BCC[A2],0.9999999999945138,1340.0
mpea-02b,C_measured,5.4,1380.0,B2_BCC[A2],1.0000000000246685,1340.0
mpea-02b,C_measured,5.4,1390.0,B2_BCC[A2],0.9999999999882205,1340.0
mpea-02b,C_measured,5.4,1400.0,B2_BCC[A2],1.000000000003609,1340.0
mpea-02b,C_measured,5.4,400.0,A1_FCC,0.6322598398919203,1340.0
mpea-02b,C_measured,5.4,400.0,B2_BCC[A2],0.06468362465828777,1340.0
mpea-02b,C_measured,5.4,400.0,B2_BCC[ordered],0.13879837323449545,1340.0
mpea-02b,C_measured,5.4,400.0,CUB_A13,0.15154179821020003,1340.0
mpea-02b,C_measured,5.4,400.0,M23C6_D84,0.012716376298323371,1340.0
mpea-02b,C_measured,5.4,425.0,A1_FCC,0.8606769467279387,1340.0
mpea-02b,C_measured,5.4,425.0,B2_BCC[ordered],0.13700515232302513,1340.0
mpea-02b,C_measured,5.4,425.0,M23C6_D84,0.0023179133403158684,1340.0
mpea-02b,C_measured,5.4,450.0,A1_FCC,0.8656225699790487,1340.0
mpea-02b,C_measured,5.4,450.0,B2_BCC[ordered],0.1343774300046821,1340.0
mpea-02b,C_measured,5.4,475.0,A1_FCC,0.8686094458696262,1340.0
mpea-02b,C_measured,5.4,475.0,B2_BCC[ordered],0.13139055413075568,1340.0
mpea-02b,C_measured,5.4,500.0,A1_FCC,0.8720531662525992,1340.0
mpea-02b,C_measured,5.4,500.0,B2_BCC[ordered],0.1279468337440212,1340.0
mpea-02b,C_measured,5.4,525.0,A1_FCC,0.8759522795943792,1340.0
mpea-02b,C_measured,5.4,525.0,B2_BCC[ordered],0.12404772040038928,1340.0
mpea-02b,C_measured,5.4,550.0,A1_FCC,0.8803002120185912,1340.0
mpea-02b,C_measured,5.4,550.0,B2_BCC[ordered],0.11969978798427226,1340.0
mpea-02b,C_measured,5.4,575.0,A1_FCC,0.8850859663181434,1340.0
mpea-02b,C_measured,5.4,575.0,B2_BCC[ordered],0.11491403367246128,1340.0
mpea-02b,C_measured,5.4,600.0,A1_FCC,0.8902949675689436,1340.0
mpea-02b,C_measured,5.4,600.0,B2_BCC[ordered],0.10970503240328836,1340.0
mpea-02b,C_measured,5.4,625.0,A1_FCC,0.8959099971799973,1340.0
mpea-02b,C_measured,5.4,625.0,B2_BCC[ordered],0.10409000283644632,1340.0
mpea-02b,C_measured,5.4,650.0,A1_FCC,0.9019121563120205,1340.0
mpea-02b,C_measured,5.4,650.0,B2_BCC[ordered],0.09808784370971131,1340.0
mpea-02b,C_measured,5.4,675.0,A1_FCC,0.9082818077024467,1340.0
mpea-02b,C_measured,5.4,675.0,B2_BCC[ordered],0.09171819234072014,1340.0
mpea-02b,C_measured,5.4,700.0,A1_FCC,0.9149994589975449,1340.0
mpea-02b,C_measured,5.4,700.0,B2_BCC[ordered],0.08500054099781754,1340.0
mpea-02b,C_measured,5.4,725.0,A1_FCC,0.9220465713426554,1340.0
mpea-02b,C_measured,5.4,725.0,B2_BCC[ordered],0.07795342865486599,1340.0
mpea-02b,C_measured,5.4,750.0,A1_FCC,0.9294062983293331,1340.0
mpea-02b,C_measured,5.4,750.0,B2_BCC[ordered],0.07059370168973211,1340.0
mpea-02b,C_measured,5.4,775.0,A1_FCC,0.9370641862662119,1340.0
mpea-02b,C_measured,5.4,775.0,B2_BCC[ordered],0.06293581377040933,1340.0
mpea-02b,C_measured,5.4,800.0,A1_FCC,0.9450088966495876,1340.0
mpea-02b,C_measured,5.4,800.0,B2_BCC[ordered],0.054991103346049404,1340.0
mpea-02b,C_measured,5.4,825.0,A1_FCC,0.9532330553995793,1340.0
mpea-02b,C_measured,5.4,825.0,B2_BCC[ordered],0.04676694517378837,1340.0
mpea-02b,C_measured,5.4,850.0,A1_FCC,0.961734402572648,1340.0
mpea-02b,C_measured,5.4,850.0,B2_BCC[ordered],0.0382655975437913,1340.0
mpea-02b,C_measured,5.4,875.0,A1_FCC,0.9705175648899197,1340.0
mpea-02b,C_measured,5.4,875.0,B2_BCC[ordered],0.02948243515290322,1340.0
mpea-02b,C_measured,5.4,900.0,A1_FCC,0.9795970606650841,1340.0
mpea-02b,C_measured,5.4,900.0,B2_BCC[ordered],0.020402939353167702,1340.0
mpea-02b,C_measured,5.4,925.0,A1_FCC,0.9890028827213145,1340.0
mpea-02b,C_measured,5.4,925.0,B2_BCC[ordered],0.010997117273538118,1340.0
mpea-02b,C_measured,5.4,950.0,A1_FCC,0.9987919361622977,1340.0
mpea-02b,C_measured,5.4,950.0,B2_BCC[ordered],0.0012080638597956794,1340.0
mpea-02b,C_measured,5.8,1000.0,A1_FCC,0.9999999999963997,1340.0
mpea-02b,C_measured,5.8,1010.0,A1_FCC,0.9999999999979993,1340.0
mpea-02b,C_measured,5.8,1020.0,A1_FCC,0.9999999999911772,1340.0
mpea-02b,C_measured,5.8,1030.0,A1_FCC,1.0000000000030553,1340.0
mpea-02b,C_measured,5.8,1040.0,A1_FCC,0.9999999999997408,1340.0
mpea-02b,C_measured,5.8,1050.0,A1_FCC,0.999999999999885,1340.0
mpea-02b,C_measured,5.8,1060.0,A1_FCC,1.000000000011678,1340.0
mpea-02b,C_measured,5.8,1070.0,A1_FCC,0.9999999999969118,1340.0
mpea-02b,C_measured,5.8,1080.0,A1_FCC,0.9681518705733059,1340.0
mpea-02b,C_measured,5.8,1080.0,B2_BCC[A2],0.03184812943113733,1340.0
mpea-02b,C_measured,5.8,1090.0,A1_FCC,0.9130288559912219,1340.0
mpea-02b,C_measured,5.8,1090.0,B2_BCC[A2],0.08697114401302755,1340.0
mpea-02b,C_measured,5.8,1100.0,A1_FCC,0.857022319278613,1340.0
mpea-02b,C_measured,5.8,1100.0,B2_BCC[A2],0.14297768072755382,1340.0
mpea-02b,C_measured,5.8,1110.0,A1_FCC,0.800363608128191,1340.0
mpea-02b,C_measured,5.8,1110.0,B2_BCC[A2],0.19963639189797944,1340.0
mpea-02b,C_measured,5.8,1120.0,A1_FCC,0.7433629752945464,1340.0
mpea-02b,C_measured,5.8,1120.0,B2_BCC[A2],0.25663702469152616,1340.0
mpea-02b,C_measured,5.8,1130.0,A1_FCC,0.6864162006740053,1340.0
mpea-02b,C_measured,5.8,1130.0,B2_BCC[A2],0.3135837993310157,1340.0
mpea-02b,C_measured,5.8,1140.0,A1_FCC,0.630002826621103,1340.0
mpea-02b,C_measured,5.8,1140.0,B2_BCC[A2],0.3699971733614637,1340.0
mpea-02b,C_measured,5.8,1150.0,A1_FCC,0.5746712547431185,1340.0
mpea-02b,C_measured,5.8,1150.0,B2_BCC[A2],0.42532874523453734,1340.0
mpea-02b,C_measured,5.8,1160.0,A1_FCC,0.5210071591654173,1340.0
mpea-02b,C_measured,5.8,1160.0,B2_BCC[A2],0.4789928415953476,1340.0
mpea-02b,C_measured,5.8,1170.0,A1_FCC,0.4695856008486881,1340.0
mpea-02b,C_measured,5.8,1170.0,B2_BCC[A2],0.5304143998820262,1340.0
mpea-02b,C_measured,5.8,1180.0,A1_FCC,0.42091358031200193,1340.0
mpea-02b,C_measured,5.8,1180.0,B2_BCC[A2],0.5790864204899386,1340.0
mpea-02b,C_measured,5.8,1190.0,B2_BCC[A2],0.624624184306628,1340.0
mpea-02b,C_measured,5.8,1190.0,A1_FCC,0.3753758157167986,1340.0
mpea-02b,C_measured,5.8,1200.0,A1_FCC,0.3331982023473275,1340.0
mpea-02b,C_measured,5.8,1200.0,B2_BCC[A2],0.6668017976912469,1340.0
mpea-02b,C_measured,5.8,1210.0,A1_FCC,0.2944382895841606,1340.0
mpea-02b,C_measured,5.8,1210.0,B2_BCC[A2],0.7055617104391029,1340.0
mpea-02b,C_measured,5.8,1220.0,A1_FCC,0.2590025649588158,1340.0
mpea-02b,C_measured,5.8,1220.0,B2_BCC[A2],0.7409974350239495,1340.0
mpea-02b,C_measured,5.8,1230.0,A1_FCC,0.2266818433250799,1340.0
mpea-02b,C_measured,5.8,1230.0,B2_BCC[A2],0.7733181566638074,1340.0
mpea-02b,C_measured,5.8,1240.0,A1_FCC,0.19719288324751735,1340.0
mpea-02b,C_measured,5.8,1240.0,B2_BCC[A2],0.8028071167272087,1340.0
mpea-02b,C_measured,5.8,1250.0,B2_BCC[A2],0.8297617344985954,1340.0
mpea-02b,C_measured,5.8,1250.0,A1_FCC,0.17023826549095405,1340.0
mpea-02b,C_measured,5.8,1260.0,A1_FCC,0.14544899554142549,1340.0
mpea-02b,C_measured,5.8,1260.0,B2_BCC[A2],0.8545510044401772,1340.0
mpea-02b,C_measured,5.8,1270.0,B2_BCC[A2],0.8774600050364553,1340.0
mpea-02b,C_measured,5.8,1270.0,A1_FCC,0.12253999497180898,1340.0
mpea-02b,C_measured,5.8,1280.0,A1_FCC,0.10122425654161667,1340.0
mpea-02b,C_measured,5.8,1280.0,B2_BCC[A2],0.8987757434231293,1340.0
mpea-02b,C_measured,5.8,1290.0,A1_FCC,0.08124224635282072,1340.0
mpea-02b,C_measured,5.8,1290.0,B2_BCC[A2],0.9187577536701823,1340.0
mpea-02b,C_measured,5.8,1300.0,A1_FCC,0.062363181879553156,1340.0
mpea-02b,C_measured,5.8,1300.0,B2_BCC[A2],0.937636818121543,1340.0
mpea-02b,C_measured,5.8,1310.0,A1_FCC,0.04438377797034855,1340.0
mpea-02b,C_measured,5.8,1310.0,B2_BCC[A2],0.9556162220341499,1340.0
mpea-02b,C_measured,5.8,1320.0,A1_FCC,0.02712568570643442,1340.0
mpea-02b,C_measured,5.8,1320.0,B2_BCC[A2],0.9728743142828166,1340.0
mpea-02b,C_measured,5.8,1330.0,B2_BCC[A2],0.9895675957193136,1340.0
mpea-02b,C_measured,5.8,1330.0,A1_FCC,0.010432404271229006,1340.0
mpea-02b,C_measured,5.8,1340.0,B2_BCC[A2],1.0000000000208058,1340.0
mpea-02b,C_measured,5.8,1350.0,B2_BCC[A2],0.9999999999921267,1340.0
mpea-02b,C_measured,5.8,1360.0,B2_BCC[A2],0.9999999999944345,1340.0
mpea-02b,C_measured,5.8,1370.0,B2_BCC[A2],0.9999999999753133,1340.0
mpea-02b,C_measured,5.8,1380.0,B2_BCC[A2],0.9999999999865198,1340.0
mpea-02b,C_measured,5.8,1390.0,B2_BCC[A2],1.0000000000054134,1340.0
mpea-02b,C_measured,5.8,1400.0,B2_BCC[A2],0.999999999991766,1340.0
mpea-02b,C_measured,5.8,400.0,B2_BCC[A2],0.03768934611664485,1340.0
mpea-02b,C_measured,5.8,400.0,A1_FCC,0.7232778324177076,1340.0
mpea-02b,C_measured,5.8,400.0,B2_BCC[ordered],0.14829998650793008,1340.0
mpea-02b,C_measured,5.8,400.0,CUB_A13,0.0793576766549009,1340.0
mpea-02b,C_measured,5.8,400.0,M23C6_D84,0.011375169722824185,1340.0
mpea-02b,C_measured,5.8,425.0,A1_FCC,0.8504785457525429,1340.0
mpea-02b,C_measured,5.8,425.0,B2_BCC[ordered],0.14629177687220368,1340.0
mpea-02b,C_measured,5.8,425.0,M23C6_D84,0.003229689631235766,1340.0
mpea-02b,C_measured,5.8,450.0,A1_FCC,0.8563633852992074,1340.0
mpea-02b,C_measured,5.8,450.0,B2_BCC[ordered],0.14363661471367095,1340.0
mpea-02b,C_measured,5.8,475.0,A1_FCC,0.8593402058883551,1340.0
mpea-02b,C_measured,5.8,475.0,B2_BCC[ordered],0.1406597941306586,1340.0
mpea-02b,C_measured,5.8,500.0,A1_FCC,0.8627755530791197,1340.0
mpea-02b,C_measured,5.8,500.0,B2_BCC[ordered],0.13722444692033886,1340.0
mpea-02b,C_measured,5.8,525.0,A1_FCC,0.8666664489716279,1340.0
mpea-02b,C_measured,5.8,525.0,B2_BCC[ordered],0.13333355104993996,1340.0
mpea-02b,C_measured,5.8,550.0,A1_FCC,0.8710045796948498,1340.0
mpea-02b,C_measured,5.8,550.0,B2_BCC[ordered],0.12899542030241792,1340.0
mpea-02b,C_measured,5.8,575.0,A1_FCC,0.8757770308941573,1340.0
mpea-02b,C_measured,5.8,575.0,B2_BCC[ordered],0.12422296909919087,1340.0
mpea-02b,C_measured,5.8,600.0,A1_FCC,0.8809671685633722,1340.0
mpea-02b,C_measured,5.8,600.0,B2_BCC[ordered],0.11903283141496761,1340.0
mpea-02b,C_measured,5.8,625.0,A1_FCC,0.8865556000490012,1340.0
mpea-02b,C_measured,5.8,625.0,B2_BCC[ordered],0.1134443999619582,1340.0
mpea-02b,C_measured,5.8,650.0,A1_FCC,0.8925211483998436,1340.0
mpea-02b,C_measured,5.8,650.0,B2_BCC[ordered],0.10747885160944802,1340.0
mpea-02b,C_measured,5.8,675.0,A1_FCC,0.898841782610629,1340.0
mpea-02b,C_measured,5.8,675.0,B2_BCC[ordered],0.10115821739882294,1340.0
mpea-02b,C_measured,5.8,700.0,A1_FCC,0.9054954601583901,1340.0
mpea-02b,C_measured,5.8,700.0,B2_BCC[ordered],0.0945045398441895,1340.0
mpea-02b,C_measured,5.8,725.0,A1_FCC,0.9124608589158145,1340.0
mpea-02b,C_measured,5.8,725.0,B2_BCC[ordered],0.08753914107861326,1340.0
mpea-02b,C_measured,5.8,750.0,A1_FCC,0.9197179932113946,1340.0
mpea-02b,C_measured,5.8,750.0,B2_BCC[ordered],0.0802820067885679,1340.0
mpea-02b,C_measured,5.8,775.0,B2_BCC[ordered],0.07275126989355057,1340.0
mpea-02b,C_measured,5.8,775.0,A1_FCC,0.9272487301011665,1340.0
mpea-02b,C_measured,5.8,800.0,A1_FCC,0.9350372385665824,1340.0
mpea-02b,C_measured,5.8,800.0,B2_BCC[ordered],0.06496276144551186,1340.0
mpea-02b,C_measured,5.8,825.0,A1_FCC,0.9430704276168943,1340.0
mpea-02b,C_measured,5.8,825.0,B2_BCC[ordered],0.05692957342307978,1340.0
mpea-02b,C_measured,5.8,850.0,A1_FCC,0.9513384548478978,1340.0
mpea-02b,C_measured,5.8,850.0,B2_BCC[ordered],0.04866154539836869,1340.0
mpea-02b,C_measured,5.8,875.0,A1_FCC,0.9598354553319739,1340.0
mpea-02b,C_measured,5.8,875.0,B2_BCC[ordered],0.040164544722884964,1340.0
mpea-02b,C_measured,5.8,900.0,A1_FCC,0.9685607283025552,1340.0
mpea-02b,C_measured,5.8,900.0,B2_BCC[ordered],0.03143927170129457,1340.0
mpea-02b,C_measured,5.8,925.0,A1_FCC,0.9775209134570086,1340.0
mpea-02b,C_measured,5.8,925.0,B2_BCC[ordered],0.022479086553861327,1340.0
mpea-02b,C_measured,5.8,950.0,A1_FCC,0.9867343475285387,1340.0
mpea-02b,C_measured,5.8,950.0,B2_BCC[ordered],0.013265652495915253,1340.0
mpea-02b,C_measured,6.2,1000.0,B2_BCC[ordered],0.006723570057774182,1340.0
mpea-02b,C_measured,6.2,1000.0,A1_FCC,0.9932764299660002,1340.0
mpea-02b,C_measured,6.2,1010.0,A1_FCC,0.9969433886614509,1340.0
mpea-02b,C_measured,6.2,1010.0,B2_BCC[ordered],0.0030566113662843252,1340.0
mpea-02b,C_measured,6.2,1020.0,A1_FCC,0.9999999999981406,1340.0
mpea-02b,C_measured,6.2,1030.0,A1_FCC,1.0000000000208318,1340.0
mpea-02b,C_measured,6.2,1040.0,A1_FCC,0.9999999999812105,1340.0
mpea-02b,C_measured,6.2,1050.0,A1_FCC,1.0000000000009488,1340.0
mpea-02b,C_measured,6.2,1060.0,A1_FCC,1.0000000000102987,1340.0
mpea-02b,C_measured,6.2,1070.0,A1_FCC,1.0000000000135878,1340.0
mpea-02b,C_measured,6.2,1080.0,A1_FCC,0.9947501923608595,1340.0
mpea-02b,C_measured,6.2,1080.0,B2_BCC[A2],0.005249807656975423,1340.0
mpea-02b,C_measured,6.2,1090.0,A1_FCC,0.9394629221077332,1340.0
mpea-02b,C_measured,6.2,1090.0,B2_BCC[A2],0.060537077849526784,1340.0
mpea-02b,C_measured,6.2,1100.0,A1_FCC,0.8831650090343423,1340.0
mpea-02b,C_measured,6.2,1100.0,B2_BCC[A2],0.11683499095995942,1340.0
mpea-02b,C_measured,6.2,1110.0,A1_FCC,0.8260590571443424,1340.0
mpea-02b,C_measured,6.2,1110.0,B2_BCC[A2],0.17394094289736972,1340.0
mpea-02b,C_measured,6.2,1120.0,A1_FCC,0.7684250201237376,1340.0
mpea-02b,C_measured,6.2,1120.0,B2_BCC[A2],0.23157498061600784,1340.0
mpea-02b,C_measured,6.2,1130.0,A1_FCC,0.7106300230267512,1340.0
mpea-02b,C_measured,6.2,1130.0,B2_BCC[A2],0.2893699771750393,1340.0
mpea-02b,C_measured,6.2,1140.0,A1_FCC,0.6531316121753328,1340.0
mpea-02b,C_measured,6.2,1140.0,B2_BCC[A2],0.3468683879010517,1340.0
mpea-02b,C_measured,6.2,1150.0,A1_FCC,0.5964694001604327,1340.0
mpea-02b,C_measured,6.2,1150.0,B2_BCC[A2],0.40353059985642176,1340.0
mpea-02b,C_measured,6.2,1160.0,A1_FCC,0.5412402788028725,1340.0
mpea-02b,C_measured,6.2,1160.0,B2_BCC[A2],0.4587597212231668,1340.0
mpea-02b,C_measured,6.2,1170.0,A1_FCC,0.48805513726677585,1340.0
mpea-02b,C_measured,6.2,1170.0,B2_BCC[A2],0.5119448627447929,1340.0
mpea-02b,C_measured,6.2,1180.0,A1_FCC,0.43748095351405386,1340.0
mpea-02b,C_measured,6.2,1180.0,B2_BCC[A2],0.5625190464847017,1340.0
mpea-02b,C_measured,6.2,1190.0,B2_BCC[A2],0.6100205069112282,1340.0
mpea-02b,C_measured,6.2,1190.0,A1_FCC,0.3899794931675764,1340.0
mpea-02b,C_measured,6.2,1200.0,B2_BCC[A2],0.6541415671888813,1340.0
mpea-02b,C_measured,6.2,1200.0,A1_FCC,0.34585843296269847,1340.0
mpea-02b,C_measured,6.2,1210.0,B2_BCC[A2],0.6947515762887173,1340.0
mpea-02b,C_measured,6.2,1210.0,A1_FCC,0.30524842396715685,1340.0
mpea-02b,C_measured,6.2,1220.0,B2_BCC[A2],0.7318894717945609,1340.0
mpea-02b,C_measured,6.2,1220.0,A1_FCC,0.26811052868061136,1340.0
mpea-02b,C_measured,6.2,1230.0,A1_FCC,0.23426782153562992,1340.0
mpea-02b,C_measured,6.2,1230.0,B2_BCC[A2],0.7657321793486671,1340.0
mpea-02b,C_measured,6.2,1240.0,A1_FCC,0.20344875312348534,1340.0
mpea-02b,C_measured,6.2,1240.0,B2_BCC[A2],0.7965512468756059,1340.0
mpea-02b,C_measured,6.2,1250.0,A1_FCC,0.17535258743453544,1340.0
mpea-02b,C_measured,6.2,1250.0,B2_BCC[A2],0.8246474125696223,1340.0
mpea-02b,C_measured,6.2,1260.0,A1_FCC,0.14959522356242363,1340.0
mpea-02b,C_measured,6.2,1260.0,B2_BCC[A2],0.8504047764415231,1340.0
mpea-02b,C_measured,6.2,1270.0,A1_FCC,0.12587351051460638,1340.0
mpea-02b,C_measured,6.2,1270.0,B2_BCC[A2],0.8741264894915678,1340.0
mpea-02b,C_measured,6.2,1280.0,A1_FCC,0.1038800564629865,1340.0
mpea-02b,C_measured,6.2,1280.0,B2_BCC[A2],0.8961199435317864,1340.0
mpea-02b,C_measured,6.2,1290.0,A1_FCC,0.08333555556774731,1340.0
mpea-02b,C_measured,6.2,1290.0,B2_BCC[A2],0.9166644444408586,1340.0
mpea-02b,C_measured,6.2,1300.0,B2_BCC[A2],0.9360087624940726,1340.0
mpea-02b,C_measured,6.2,1300.0,A1_FCC,0.06399123750899796,1340.0
mpea-02b,C_measured,6.2,1310.0,B2_BCC[A2],0.9543719125108269,1340.0
mpea-02b,C_measured,6.2,1310.0,A1_FCC,0.04562808749193334,1340.0
mpea-02b,C_measured,6.2,1320.0,A1_FCC,0.028054345897654466,1340.0
mpea-02b,C_measured,6.2,1320.0,B2_BCC[A2],0.9719456541019512,1340.0
mpea-02b,C_measured,6.2,1330.0,B2_BCC[A2],0.9888977375327772,1340.0
mpea-02b,C_measured,6.2,1330.0,A1_FCC,0.01110226246469494,1340.0
mpea-02b,C_measured,6.2,1340.0,B2_BCC[A2],0.9999999999871788,1340.0
mpea-02b,C_measured,6.2,1350.0,B2_BCC[A2],0.9999999999964719,1340.0
mpea-02b,C_measured,6.2,1360.0,B2_BCC[A2],1.0000000000048361,1340.0
mpea-02b,C_measured,6.2,1370.0,B2_BCC[A2],0.9999999999811576,1340.0
mpea-02b,C_measured,6.2,1380.0,B2_BCC[A2],0.9999999999935505,1340.0
mpea-02b,C_measured,6.2,1390.0,B2_BCC[A2],0.9999999999779788,1340.0
mpea-02b,C_measured,6.2,1400.0,B2_BCC[A2],1.0000000000032798,1340.0
mpea-02b,C_measured,6.2,400.0,B2_BCC[A2],0.00834873537337459,1340.0
mpea-02b,C_measured,6.2,400.0,A1_FCC,0.8239448321466145,1340.0
mpea-02b,C_measured,6.2,400.0,B2_BCC[ordered],0.1578552907662715,1340.0
mpea-02b,C_measured,6.2,400.0,M23C6_D84,0.009851143712140546,1340.0
mpea-02b,C_measured,6.2,425.0,A1_FCC,0.8405010734672664,1340.0
mpea-02b,C_measured,6.2,425.0,B2_BCC[ordered],0.15541000115564357,1340.0
mpea-02b,C_measured,6.2,425.0,M23C6_D84,0.004088936957758236,1340.0
mpea-02b,C_measured,6.2,450.0,A1_FCC,0.8472766707510301,1340.0
mpea-02b,C_measured,6.2,450.0,B2_BCC[ordered],0.15272332925249008,1340.0
mpea-02b,C_measured,6.2,475.0,B2_BCC[ordered],0.14975124018670638,1340.0
mpea-02b,C_measured,6.2,475.0,A1_FCC,0.8502487598032488,1340.0
mpea-02b,C_measured,6.2,500.0,A1_FCC,0.8536814999026066,1340.0
mpea-02b,C_measured,6.2,500.0,B2_BCC[ordered],0.14631850010072778,1340.0
mpea-02b,C_measured,6.2,525.0,A1_FCC,0.8575703953541498,1340.0
mpea-02b,C_measured,6.2,525.0,B2_BCC[ordered],0.14242960464808224,1340.0
mpea-02b,C_measured,6.2,550.0,A1_FCC,0.8619054113619605,1340.0
mpea-02b,C_measured,6.2,550.0,B2_BCC[ordered],0.1380945886563935,1340.0
mpea-02b,C_measured,6.2,575.0,A1_FCC,0.8666717530794552,1340.0
mpea-02b,C_measured,6.2,575.0,B2_BCC[ordered],0.13332824690814193,1340.0
mpea-02b,C_measured,6.2,600.0,A1_FCC,0.871850789943656,1340.0
mpea-02b,C_measured,6.2,600.0,B2_BCC[ordered],0.12814921005418803,1340.0
mpea-02b,C_measured,6.2,625.0,A1_FCC,0.8774210516185265,1340.0
mpea-02b,C_measured,6.2,625.0,B2_BCC[ordered],0.12257894839292621,1340.0
mpea-02b,C_measured,6.2,650.0,A1_FCC,0.8833592222946653,1340.0
mpea-02b,C_measured,6.2,650.0,B2_BCC[ordered],0.11664077772934425,1340.0
mpea-02b,C_measured,6.2,675.0,A1_FCC,0.8896410692830299,1340.0
mpea-02b,C_measured,6.2,675.0,B2_BCC[ordered],0.11035893070164376,1340.0
mpea-02b,C_measured,6.2,700.0,A1_FCC,0.8962422582203091,1340.0
mpea-02b,C_measured,6.2,700.0,B2_BCC[ordered],0.10375774181413897,1340.0
mpea-02b,C_measured,6.2,725.0,A1_FCC,0.9031390262101269,1340.0
mpea-02b,C_measured,6.2,725.0,B2_BCC[ordered],0.0968609737778479,1340.0
mpea-02b,C_measured,6.2,750.0,A1_FCC,0.9103087034172743,1340.0
mpea-02b,C_measured,6.2,750.0,B2_BCC[ordered],0.08969129658797238,1340.0
mpea-02b,C_measured,6.2,775.0,A1_FCC,0.9177300873647966,1340.0
mpea-02b,C_measured,6.2,775.0,B2_BCC[ordered],0.0822699126498551,1340.0
mpea-02b,C_measured,6.2,800.0,A1_FCC,0.9253836874128717,1340.0
mpea-02b,C_measured,6.2,800.0,B2_BCC[ordered],0.07461631258885562,1340.0
mpea-02b,C_measured,6.2,825.0,A1_FCC,0.9332518628112217,1340.0
mpea-02b,C_measured,6.2,825.0,B2_BCC[ordered],0.0667481371916305,1340.0
mpea-02b,C_measured,6.2,850.0,A1_FCC,0.9413188836177053,1340.0
mpea-02b,C_measured,6.2,850.0,B2_BCC[ordered],0.05868111682370928,1340.0
mpea-02b,C_measured,6.2,875.0,A1_FCC,0.949570947292083,1340.0
mpea-02b,C_measured,6.2,875.0,B2_BCC[ordered],0.050429052822067486,1340.0
mpea-02b,C_measured,6.2,900.0,A1_FCC,0.9579961990995636,1340.0
mpea-02b,C_measured,6.2,900.0,B2_BCC[ordered],0.042003800904422746,1340.0
mpea-02b,C_measured,6.2,925.0,A1_FCC,0.9665848232261052,1340.0
mpea-02b,C_measured,6.2,925.0,B2_BCC[ordered],0.03341517677778499,1340.0
mpea-02b,C_measured,6.2,950.0,A1_FCC,0.9753293671988227,1340.0
mpea-02b,C_measured,6.2,950.0,B2_BCC[ordered],0.024670632790532176,1340.0
mpea-02b,C_measured,6.6,1000.0,A1_FCC,0.9812757546925653,1340.0
mpea-02b,C_measured,6.6,1000.0,B2_BCC[ordered],0.018724245305746033,1340.0
mpea-02b,C_measured,6.6,1010.0,A1_FCC,0.9846215231352777,1340.0
mpea-02b,C_measured,6.6,1010.0,B2_BCC[ordered],0.015378476858852193,1340.0
mpea-02b,C_measured,6.6,1020.0,A1_FCC,0.987948090801524,1340.0
mpea-02b,C_measured,6.6,1020.0,B2_BCC[ordered],0.01205190921351909,1340.0
mpea-02b,C_measured,6.6,1030.0,A1_FCC,0.9912453848700942,1340.0
mpea-02b,C_measured,6.6,1030.0,B2_BCC[ordered],0.008754615131652247,1340.0
mpea-02b,C_measured,6.6,1040.0,A1_FCC,0.9944993298107575,1340.0
mpea-02b,C_measured,6.6,1040.0,B2_BCC[ordered],0.005500670228390105,1340.0
mpea-02b,C_measured,6.6,1050.0,A1_FCC,0.9976893391224588,1340.0
mpea-02b,C_measured,6.6,1050.0,B2_BCC[ordered],0.0023106608662435443,1340.0
mpea-02b,C_measured,6.6,1060.0,A1_FCC,0.9999999999863136,1340.0
mpea-02b,C_measured,6.6,1070.0,A1_FCC,1.0000000000139477,1340.0
mpea-02b,C_measured,6.6,1080.0,A1_FCC,0.9999999999953627,1340.0
mpea-02b,C_measured,6.6,1090.0,A1_FCC,0.9655656350198865,1340.0
mpea-02b,C_measured,6.6,1090.0,B2_BCC[A2],0.03443436451904943,1340.0
mpea-02b,C_measured,6.6,1100.0,A1_FCC,0.9090804703795029,1340.0
mpea-02b,C_measured,6.6,1100.0,B2_BCC[A2],0.09091952948059685,1340.0
mpea-02b,C_measured,6.6,1110.0,A1_FCC,0.8516435058031938,1340.0
mpea-02b,C_measured,6.6,1110.0,B2_BCC[A2],0.14835649417630892,1340.0
mpea-02b,C_measured,6.6,1120.0,A1_FCC,0.7935038143995521,1340.0
mpea-02b,C_measured,6.6,1120.0,B2_BCC[A2],0.20649618563084696,1340.0
mpea-02b,C_measured,6.6,1130.0,A1_FCC,0.73499732749486,1340.0
mpea-02b,C_measured,6.6,1130.0,B2_BCC[A2],0.2650026725204616,1340.0
mpea-02b,C_measured,6.6,1140.0,A1_FCC,0.676554376486079,1340.0
mpea-02b,C_measured,6.6,1140.0,B2_BCC[A2],0.32344562352816114,1340.0
mpea-02b,C_measured,6.6,1150.0,A1_FCC,0.6186975492152873,1340.0
mpea-02b,C_measured,6.6,1150.0,B2_BCC[A2],0.3813024508127121,1340.0
mpea-02b,C_measured,6.6,1160.0,A1_FCC,0.562024243517176,1340.0
mpea-02b,C_measured,6.6,1160.0,B2_BCC[A2],0.43797575647684395,1340.0
mpea-02b,C_measured,6.6,1170.0,A1_FCC,0.507169796269932,1340.0
mpea-02b,C_measured,6.6,1170.0,B2_BCC[A2],0.49283020374374903,1340.0
mpea-02b,C_measured,6.6,1180.0,A1_FCC,0.4547519903187454,1340.0
mpea-02b,C_measured,6.6,1180.0,B2_BCC[A2],0.5452480096807694,1340.0
mpea-02b,C_measured,6.6,1190.0,B2_BCC[A2],0.5946944616996898,1340.0
mpea-02b,C_measured,6.6,1190.0,A1_FCC,0.4053055383344606,1340.0
mpea-02b,C_measured,6.6,1200.0,B2_BCC[A2],0.6407777504250254,1340.0
mpea-02b,C_measured,6.6,1200.0,A1_FCC,0.35922224960143945,1340.0
mpea-02b,C_measured,6.6,1210.0,B2_BCC[A2],0.683286260441981,1340.0
mpea-02b,C_measured,6.6,1210.0,A1_FCC,0.316713739556899,1340.0
mpea-02b,C_measured,6.6,1220.0,B2_BCC[A2],0.7221936693597114,1340.0
mpea-02b,C_measured,6.6,1220.0,A1_FCC,0.2778063306212807,1340.0
mpea-02b,C_measured,6.6,1230.0,B2_BCC[A2],0.7576341175463034,1340.0
mpea-02b,C_measured,6.6,1230.0,A1_FCC,0.24236588251074526,1340.0
mpea-02b,C_measured,6.6,1240.0,B2_BCC[A2],0.7898591215632182,1340.0
mpea-02b,C_measured,6.6,1240.0,A1_FCC,0.21014087856651348,1340.0
mpea-02b,C_measured,6.6,1250.0,B2_BCC[A2],0.8191672531297168,1340.0
mpea-02b,C_measured,6.6,1250.0,A1_FCC,0.1808327472973152,1340.0
mpea-02b,C_measured,6.6,1260.0,B2_BCC[A2],0.845954966163482,1340.0
mpea-02b,C_measured,6.6,1260.0,A1_FCC,0.15404503467652686,1340.0
mpea-02b,C_measured,6.6,1270.0,B2_BCC[A2],0.8705425325341536,1340.0
mpea-02b,C_measured,6.6,1270.0,A1_FCC,0.12945746744901057,1340.0
mpea-02b,C_measured,6.6,1280.0,B2_BCC[A2],0.8932580074960906,1340.0
mpea-02b,C_measured,6.6,1280.0,A1_FCC,0.10674199247482594,1340.0
mpea-02b,C_measured,6.6,1290.0,B2_BCC[A2],0.9144013607276715,1340.0
mpea-02b,C_measured,6.6,1290.0,A1_FCC,0.08559863928220054,1340.0
mpea-02b,C_measured,6.6,1300.0,B2_BCC[A2],0.9342404749141217,1340.0
mpea-02b,C_measured,6.6,1300.0,A1_FCC,0.06575952506267868,1340.0
mpea-02b,C_measured,6.6,1310.0,B2_BCC[A2],0.9530112290681989,1340.0
mpea-02b,C_measured,6.6,1310.0,A1_FCC,0.04698877092725001,1340.0
mpea-02b,C_measured,6.6,1320.0,B2_BCC[A2],0.9709198285052094,1340.0
mpea-02b,C_measured,6.6,1320.0,A1_FCC,0.02908017149523307,1340.0
mpea-02b,C_measured,6.6,1330.0,B2_BCC[A2],0.9881461647151702,1340.0
mpea-02b,C_measured,6.6,1330.0,A1_FCC,0.011853835284826164,1340.0
mpea-02b,C_measured,6.6,1340.0,B2_BCC[A2],1.0000000000079055,1340.0
mpea-02b,C_measured,6.6,1350.0,B2_BCC[A2],0.9999999999796794,1340.0
mpea-02b,C_measured,6.6,1360.0,B2_BCC[A2],1.0000000000137088,1340.0
mpea-02b,C_measured,6.6,1370.0,B2_BCC[A2],1.0000000000016844,1340.0
mpea-02b,C_measured,6.6,1380.0,B2_BCC[A2],0.9999999999862513,1340.0
mpea-02b,C_measured,6.6,1390.0,B2_BCC[A2],0.9999999999977869,1340.0
mpea-02b,C_measured,6.6,1400.0,B2_BCC[A2],1.0000000000303464,1340.0
mpea-02b,C_measured,6.6,400.0,A1_FCC,0.82311837161519,1340.0
mpea-02b,C_measured,6.6,400.0,B2_BCC[ordered],0.1666679277111936,1340.0
mpea-02b,C_measured,6.6,400.0,M23C6_D84,0.010213710866617685,1340.0
mpea-02b,C_measured,6.6,425.0,A1_FCC,0.8307305473685191,1340.0
mpea-02b,C_measured,6.6,425.0,B2_BCC[ordered],0.16437010465527496,1340.0
mpea-02b,C_measured,6.6,425.0,M23C6_D84,0.00489935853157471,1340.0
mpea-02b,C_measured,6.6,450.0,A1_FCC,0.8383516020237397,1340.0
mpea-02b,C_measured,6.6,450.0,B2_BCC[ordered],0.16164839796795033,1340.0
mpea-02b,C_measured,6.6,475.0,A1_FCC,0.8413239716951526,1340.0
mpea-02b,C_measured,6.6,475.0,B2_BCC[ordered],0.15867602830626631,1340.0
mpea-02b,C_measured,6.6,500.0,A1_FCC,0.8447594868513515,1340.0
mpea-02b,C_measured,6.6,500.0,B2_BCC[ordered],0.15524051315137946,1340.0
mpea-02b,C_measured,6.6,525.0,B2_BCC[ordered],0.15134786956415447,1340.0
mpea-02b,C_measured,6.6,525.0,A1_FCC,0.8486521304281368,1340.0
mpea-02b,C_measured,6.6,550.0,A1_FCC,0.8529901519087324,1340.0
mpea-02b,C_measured,6.6,550.0,B2_BCC[ordered],0.14700984809506906,1340.0
mpea-02b,C_measured,6.6,575.0,A1_FCC,0.8577568973745628,1340.0
mpea-02b,C_measured,6.6,575.0,B2_BCC[ordered],0.14224310262541573,1340.0
mpea-02b,C_measured,6.6,600.0,A1_FCC,0.8629317843092162,1340.0
mpea-02b,C_measured,6.6,600.0,B2_BCC[ordered],0.1370682156924605,1340.0
mpea-02b,C_measured,6.6,625.0,B2_BCC[ordered],0.13150866037155387,1340.0
mpea-02b,C_measured,6.6,625.0,A1_FCC,0.8684913395953215,1340.0
mpea-02b,C_measured,6.6,650.0,A1_FCC,0.8744102206025629,1340.0
mpea-02b,C_measured,6.6,650.0,B2_BCC[ordered],0.12558977937879084,1340.0
mpea-02b,C_measured,6.6,675.0,A1_FCC,0.8806621494990317,1340.0
mpea-02b,C_measured,6.6,675.0,B2_BCC[ordered],0.11933785049910883,1340.0
mpea-02b,C_measured,6.6,700.0,A1_FCC,0.8872207102293965,1340.0
mpea-02b,C_measured,6.6,700.0,B2_BCC[ordered],0.11277928975222692,1340.0
mpea-02b,C_measured,6.6,725.0,A1_FCC,0.8940599763476201,1340.0
mpea-02b,C_measured,6.6,725.0,B2_BCC[ordered],0.1059400236237652,1340.0
mpea-02b,C_measured,6.6,750.0,A1_FCC,0.9011549564838697,1340.0
mpea-02b,C_measured,6.6,750.0,B2_BCC[ordered],0.09884504350300434,1340.0
mpea-02b,C_measured,6.6,775.0,A1_FCC,0.9084818572039367,1340.0
mpea-02b,C_measured,6.6,775.0,B2_BCC[ordered],0.0915181428127386,1340.0
mpea-02b,C_measured,6.6,800.0,A1_FCC,0.9160181693727194,1340.0
mpea-02b,C_measured,6.6,800.0,B2_BCC[ordered],0.08398183063000024,1340.0
mpea-02b,C_measured,6.6,825.0,A1_FCC,0.923742582704658,1340.0
mpea-02b,C_measured,6.6,825.0,B2_BCC[ordered],0.07625741729135459,1340.0
mpea-02b,C_measured,6.6,850.0,B2_BCC[ordered],0.06836527790952919,1340.0
mpea-02b,C_measured,6.6,850.0,A1_FCC,0.9316347228312392,1340.0
mpea-02b,C_measured,6.6,875.0,B2_BCC[ordered],0.06032532147947641,1340.0
mpea-02b,C_measured,6.6,875.0,A1_FCC,0.9396746786849965,1340.0
mpea-02b,C_measured,6.6,900.0,B2_BCC[ordered],0.05215774932791735,1340.0
mpea-02b,C_measured,6.6,900.0,A1_FCC,0.9478422506969204,1340.0
mpea-02b,C_measured,6.6,925.0,B2_BCC[ordered],0.043884260941366764,1340.0
mpea-02b,C_measured,6.6,925.0,A1_FCC,0.9561157390691379,1340.0
mpea-02b,C_measured,6.6,950.0,B2_BCC[ordered],0.035530088199605056,1340.0
mpea-02b,C_measured,6.6,950.0,A1_FCC,0.964469911801066,1340.0
mpea-02b,C_measured,7.0,1000.0,B2_BCC[ordered],0.03004618130637714,1340.0
mpea-02b,C_measured,7.0,1000.0,A1_FCC,0.9699538187138856,1340.0
mpea-02b,C_measured,7.0,1010.0,B2_BCC[ordered],0.02694887315796677,1340.0
mpea-02b,C_measured,7.0,1010.0,A1_FCC,0.9730511268325227,1340.0
mpea-02b,C_measured,7.0,1020.0,A1_FCC,0.9760987591743395,1340.0
mpea-02b,C_measured,7.0,1020.0,B2_BCC[ordered],0.023901240844926085,1340.0
mpea-02b,C_measured,7.0,1030.0,A1_FCC,0.9790797905501564,1340.0
mpea-02b,C_measured,7.0,1030.0,B2_BCC[ordered],0.020920209469500153,1340.0
mpea-02b,C_measured,7.0,1040.0,A1_FCC,0.9819705609860978,1340.0
mpea-02b,C_measured,7.0,1040.0,B2_BCC[ordered],0.018029439051012678,1340.0
mpea-02b,C_measured,7.0,1050.0,A1_FCC,0.9847363836836094,1340.0
mpea-02b,C_measured,7.0,1050.0,B2_BCC[ordered],0.015263616302556557,1340.0
mpea-02b,C_measured,7.0,1060.0,A1_FCC,0.9873230802125712,1340.0
mpea-02b,C_measured,7.0,1060.0,B2_BCC[ordered],0.012676919738508116,1340.0
mpea-02b,C_measured,7.0,1070.0,A1_FCC,0.9896380192963087,1340.0
mpea-02b,C_measured,7.0,1070.0,B2_BCC[ordered],0.010361980686821152,1340.0
mpea-02b,C_measured,7.0,1080.0,A1_FCC,0.9914983755077921,1340.0
mpea-02b,C_measured,7.0,1080.0,B2_BCC[ordered],0.008501624513361438,1340.0
mpea-02b,C_measured,7.0,1090.0,A1_FCC,0.9924267488889891,1340.0
mpea-02b,C_measured,7.0,1090.0,B2_BCC[ordered],0.007573251110623931,1340.0
mpea-02b,C_measured,7.0,1100.0,A1_FCC,0.9347255201900837,1340.0
mpea-02b,C_measured,7.0,1100.0,B2_BCC[A2],0.0652744797970633,1340.0
mpea-02b,C_measured,7.0,1110.0,A1_FCC,0.8770645108500641,1340.0
mpea-02b,C_measured,7.0,1110.0,B2_BCC[A2],0.12293548911513927,1340.0
mpea-02b,C_measured,7.0,1120.0,A1_FCC,0.8185385938777473,1340.0
mpea-02b,C_measured,7.0,1120.0,B2_BCC[A2],0.1814614062146076,1340.0
mpea-02b,C_measured,7.0,1130.0,A1_FCC,0.7594511034038228,1340.0
mpea-02b,C_measured,7.0,1130.0,B2_BCC[A2],0.24054889665083842,1340.0
mpea-02b,C_measured,7.0,1140.0,A1_FCC,0.700201341930455,1340.0
mpea-02b,C_measured,7.0,1140.0,B2_BCC[A2],0.2997986580828446,1340.0
mpea-02b,C_measured,7.0,1150.0,A1_FCC,0.6412880149766705,1340.0
mpea-02b,C_measured,7.0,1150.0,B2_BCC[A2],0.35871198503841295,1340.0
mpea-02b,C_measured,7.0,1160.0,A1_FCC,0.583299148666571,1340.0
mpea-02b,C_measured,7.0,1160.0,B2_BCC[A2],0.416700851351155,1340.0
mpea-02b,C_measured,7.0,1170.0,A1_FCC,0.5268828479644793,1340.0
mpea-02b,C_measured,7.0,1170.0,B2_BCC[A2],0.4731171520446678,1340.0
mpea-02b,C_measured,7.0,1180.0,A1_FCC,0.47269678585325076,1340.0
mpea-02b,C_measured,7.0,1180.0,B2_BCC[A2],0.527303214159247,1340.0
mpea-02b,C_measured,7.0,1190.0,A1_FCC,0.4213416843895357,1340.0
mpea-02b,C_measured,7.0,1190.0,B2_BCC[A2],0.5786583156290038,1340.0
mpea-02b,C_measured,7.0,1200.0,A1_FCC,0.37329286599463557,1340.0
mpea-02b,C_measured,7.0,1200.0,B2_BCC[A2],0.6267071339917626,1340.0
mpea-02b,C_measured,7.0,1210.0,A1_FCC,0.32884872922374936,1340.0
mpea-02b,C_measured,7.0,1210.0,B2_BCC[A2],0.6711512707920899,1340.0
mpea-02b,C_measured,7.0,1220.0,A1_FCC,0.2881109310439709,1340.0
mpea-02b,C_measured,7.0,1220.0,B2_BCC[A2],0.7118890689758773,1340.0
mpea-02b,C_measured,7.0,1230.0,A1_FCC,0.2509992526924613,1340.0
mpea-02b,C_measured,7.0,1230.0,B2_BCC[A2],0.7490007473332604,1340.0
mpea-02b,C_measured,7.0,1240.0,A1_FCC,0.21729177301254246,1340.0
mpea-02b,C_measured,7.0,1240.0,B2_BCC[A2],0.7827082270017176,1340.0
mpea-02b,C_measured,7.0,1250.0,A1_FCC,0.18669883694014397,1340.0
mpea-02b,C_measured,7.0,1250.0,B2_BCC[A2],0.8133011630746688,1340.0
mpea-02b,C_measured,7.0,1260.0,A1_FCC,0.15881538263953268,1340.0
mpea-02b,C_measured,7.0,1260.0,B2_BCC[A2],0.8411846173910289,1340.0
mpea-02b,C_measured,7.0,1270.0,A1_FCC,0.13330560987162696,1340.0
mpea-02b,C_measured,7.0,1270.0,B2_BCC[A2],0.8666943903100426,1340.0
mpea-02b,C_measured,7.0,1280.0,A1_FCC,0.10982087139813901,1340.0
mpea-02b,C_measured,7.0,1280.0,B2_BCC[A2],0.8901791290933729,1340.0
mpea-02b,C_measured,7.0,1290.0,A1_FCC,0.08803978452469816,1340.0
mpea-02b,C_measured,7.0,1290.0,B2_BCC[A2],0.9119602164373793,1340.0
mpea-02b,C_measured,7.0,1300.0,A1_FCC,0.0676742541109578,1340.0
mpea-02b,C_measured,7.0,1300.0,B2_BCC[A2],0.932325745905684,1340.0
mpea-02b,C_measured,7.0,1310.0,A1_FCC,0.048470368538488226,1340.0
mpea-02b,C_measured,7.0,1310.0,B2_BCC[A2],0.951529631443379,1340.0
mpea-02b,C_measured,7.0,1320.0,A1_FCC,0.03020638364570967,1340.0
mpea-02b,C_measured,7.0,1320.0,B2_BCC[A2],0.9697936163567819,1340.0
mpea-02b,C_measured,7.0,1330.0,A1_FCC,0.012689312086587285,1340.0
mpea-02b,C_measured,7.0,1330.0,B2_BCC[A2],0.9873106879172979,1340.0
mpea-02b,C_measured,7.0,1340.0,B2_BCC[A2],0.9999999999879916,1340.0
mpea-02b,C_measured,7.0,1350.0,B2_BCC[A2],0.9999999999853946,1340.0
mpea-02b,C_measured,7.0,1360.0,B2_BCC[A2],0.9999999999928284,1340.0
mpea-02b,C_measured,7.0,1370.0,B2_BCC[A2],1.0000000000147595,1340.0
mpea-02b,C_measured,7.0,1380.0,B2_BCC[A2],1.000000000007622,1340.0
mpea-02b,C_measured,7.0,1390.0,B2_BCC[A2],1.0000000000197626,1340.0
mpea-02b,C_measured,7.0,1400.0,B2_BCC[A2],0.9999999999940603,1340.0
mpea-02b,C_measured,7.0,400.0,B2_BCC[A2],0.001530135918295482,1340.0
mpea-02b,C_measured,7.0,400.0,A1_FCC,0.8121808200294913,1340.0
mpea-02b,C_measured,7.0,400.0,B2_BCC[ordered],0.17549524492583543,1340.0
mpea-02b,C_measured,7.0,400.0,M23C6_D84,0.010793802324306207,1340.0
mpea-02b,C_measured,7.0,425.0,A1_FCC,0.821154377974981,1340.0
mpea-02b,C_measured,7.0,425.0,B2_BCC[ordered],0.17318132261122732,1340.0
mpea-02b,C_measured,7.0,425.0,M23C6_D84,0.005664309589476527,1340.0
mpea-02b,C_measured,7.0,450.0,A1_FCC,0.8295785405121888,1340.0
mpea-02b,C_measured,7.0,450.0,B2_BCC[ordered],0.17042145949156007,1340.0
mpea-02b,C_measured,7.0,475.0,A1_FCC,0.8325559476869123,1340.0
mpea-02b,C_measured,7.0,475.0,B2_BCC[ordered],0.1674440523043327,1340.0
mpea-02b,C_measured,7.0,500.0,A1_FCC,0.835999301399149,1340.0
mpea-02b,C_measured,7.0,500.0,B2_BCC[ordered],0.1640006986028209,1340.0
mpea-02b,C_measured,7.0,525.0,A1_FCC,0.8399010488604197,1340.0
mpea-02b,C_measured,7.0,525.0,B2_BCC[ordered],0.16009895112442665,1340.0
mpea-02b,C_measured,7.0,550.0,A1_FCC,0.8442477178922375,1340.0
mpea-02b,C_measured,7.0,550.0,B2_BCC[ordered],0.15575228209564287,1340.0
mpea-02b,C_measured,7.0,575.0,A1_FCC,0.8490208047545341,1340.0
mpea-02b,C_measured,7.0,575.0,B2_BCC[ordered],0.15097919523620987,1340.0
mpea-02b,C_measured,7.0,600.0,B2_BCC[ordered],0.14580219400221328,1340.0
mpea-02b,C_measured,7.0,600.0,A1_FCC,0.854197805996827,1340.0
mpea-02b,C_measured,7.0,625.0,B2_BCC[ordered],0.1402466954951615,1340.0
mpea-02b,C_measured,7.0,625.0,A1_FCC,0.8597533045007772,1340.0
mpea-02b,C_measured,7.0,650.0,A1_FCC,0.8656600224801998,1340.0
mpea-02b,C_measured,7.0,650.0,B2_BCC[ordered],0.13433997751674442,1340.0
mpea-02b,C_measured,7.0,675.0,A1_FCC,0.8718897673360989,1340.0
mpea-02b,C_measured,7.0,675.0,B2_BCC[ordered],0.12811023266870109,1340.0
mpea-02b,C_measured,7.0,700.0,A1_FCC,0.87841421641006,1340.0
mpea-02b,C_measured,7.0,700.0,B2_BCC[ordered],0.12158578357170219,1340.0
mpea-02b,C_measured,7.0,725.0,A1_FCC,0.8852055082357566,1340.0
mpea-02b,C_measured,7.0,725.0,B2_BCC[ordered],0.11479449176956004,1340.0
mpea-02b,C_measured,7.0,750.0,A1_FCC,0.8922366255229228,1340.0
mpea-02b,C_measured,7.0,750.0,B2_BCC[ordered],0.10776337448415947,1340.0
mpea-02b,C_measured,7.0,775.0,A1_FCC,0.8994815672041702,1340.0
mpea-02b,C_measured,7.0,775.0,B2_BCC[ordered],0.10051843279658378,1340.0
mpea-02b,C_measured,7.0,800.0,A1_FCC,0.9069153097224634,1340.0
mpea-02b,C_measured,7.0,800.0,B2_BCC[ordered],0.09308469028543068,1340.0
mpea-02b,C_measured,7.0,825.0,B2_BCC[ordered],0.0854864493319455,1340.0
mpea-02b,C_measured,7.0,825.0,A1_FCC,0.9145135506660941,1340.0
mpea-02b,C_measured,7.0,850.0,B2_BCC[ordered],0.07774779336297603,1340.0
mpea-02b,C_measured,7.0,850.0,A1_FCC,0.9222522078431499,1340.0
mpea-02b,C_measured,7.0,875.0,B2_BCC[ordered],0.06989339848897556,1340.0
mpea-02b,C_measured,7.0,875.0,A1_FCC,0.9301066017936157,1340.0
mpea-02b,C_measured,7.0,900.0,B2_BCC[ordered],0.061949813072634266,1340.0
mpea-02b,C_measured,7.0,900.0,A1_FCC,0.9380501870010324,1340.0
mpea-02b,C_measured,7.0,925.0,B2_BCC[ordered],0.05394748700600436,1340.0
mpea-02b,C_measured,7.0,925.0,A1_FCC,0.9460525130183896,1340.0
mpea-02b,C_measured,7.0,950.0,B2_BCC[ordered],0.045924199977110454,1340.0
mpea-02b,C_measured,7.0,950.0,A1_FCC,0.9540758000140096,1340.0
mpea-02b,C_measured,7.4,1000.0,A1_FCC,0.9591907840396391,1340.0
mpea-02b,C_measured,7.4,1000.0,B2_BCC[ordered],0.0408092159614651,1340.0
mpea-02b,C_measured,7.4,1010.0,A1_FCC,0.9620891569026179,1340.0
mpea-02b,C_measured,7.4,1010.0,B2_BCC[ordered],0.03791084309907231,1340.0
mpea-02b,C_measured,7.4,1020.0,B2_BCC[ordered],0.03508183991577578,1340.0
mpea-02b,C_measured,7.4,1020.0,A1_FCC,0.9649181600717963,1340.0
mpea-02b,C_measured,7.4,1030.0,A1_FCC,0.9676579820179751,1340.0
mpea-02b,C_measured,7.4,1030.0,B2_BCC[ordered],0.032342017984675696,1340.0
mpea-02b,C_measured,7.4,1040.0,A1_FCC,0.9702816369311523,1340.0
mpea-02b,C_measured,7.4,1040.0,B2_BCC[ordered],0.02971836309799548,1340.0
mpea-02b,C_measured,7.4,1050.0,B2_BCC[ordered],0.027249101274472158,1340.0
mpea-02b,C_measured,7.4,1050.0,A1_FCC,0.9727508987187177,1340.0
mpea-02b,C_measured,7.4,1060.0,B2_BCC[ordered],0.024991170698785117,1340.0
mpea-02b,C_measured,7.4,1060.0,A1_FCC,0.9750088293312531,1340.0
mpea-02b,C_measured,7.4,1070.0,B2_BCC[ordered],0.02303532650735981,1340.0
mpea-02b,C_measured,7.4,1070.0,A1_FCC,0.9769646734364962,1340.0
mpea-02b,C_measured,7.4,1080.0,B2_BCC[ordered],0.02154108925578693,1340.0
mpea-02b,C_measured,7.4,1080.0,A1_FCC,0.9784589107181495,1340.0
mpea-02b,C_measured,7.4,1090.0,B2_BCC[ordered],0.020836559950338014,1340.0
mpea-02b,C_measured,7.4,1090.0,A1_FCC,0.9791634400835576,1340.0
mpea-02b,C_measured,7.4,1100.0,B2_BCC[ordered],0.021843169364104933,1340.0
mpea-02b,C_measured,7.4,1100.0,A1_FCC,0.9781568306385963,1340.0
mpea-02b,C_measured,7.4,1110.0,B2_BCC[A2],0.09772261356608183,1340.0
mpea-02b,C_measured,7.4,1110.0,A1_FCC,0.9022773864289579,1340.0
mpea-02b,C_measured,7.4,1120.0,B2_BCC[A2],0.15652428786992564,1340.0
mpea-02b,C_measured,7.4,1120.0,A1_FCC,0.8434757121541445,1340.0
mpea-02b,C_measured,7.4,1130.0,B2_BCC[A2],0.21606985628743347,1340.0
mpea-02b,C_measured,7.4,1130.0,A1_FCC,0.783930143717364,1340.0
mpea-02b,C_measured,7.4,1140.0,B2_BCC[A2],0.275993549169339,1340.0
mpea-02b,C_measured,7.4,1140.0,A1_FCC,0.7240064508755676,1340.0
mpea-02b,C_measured,7.4,1150.0,B2_BCC[A2],0.3358259265262607,1340.0
mpea-02b,C_measured,7.4,1150.0,A1_FCC,0.6641740735422029,1340.0
mpea-02b,C_measured,7.4,1160.0,B2_BCC[A2],0.3949969963982229,1340.0
mpea-02b,C_measured,7.4,1160.0,A1_FCC,0.6050030035731149,1340.0
mpea-02b,C_measured,7.4,1170.0,A1_FCC,0.5471427719480916,1340.0
mpea-02b,C_measured,7.4,1170.0,B2_BCC[A2],0.45285722805392176,1340.0
mpea-02b,C_measured,7.4,1180.0,A1_FCC,0.4912789671830549,1340.0
mpea-02b,C_measured,7.4,1180.0,B2_BCC[A2],0.5087210328353495,1340.0
mpea-02b,C_measured,7.4,1190.0,A1_FCC,0.43806892845940787,1340.0
mpea-02b,C_measured,7.4,1190.0,B2_BCC[A2],0.5619310715217853,1340.0
mpea-02b,C_measured,7.4,1200.0,A1_FCC,0.3880677743710661,1340.0
mpea-02b,C_measured,7.4,1200.0,B2_BCC[A2],0.6119322256013935,1340.0
mpea-02b,C_measured,7.4,1210.0,A1_FCC,0.341663910258575,1340.0
mpea-02b,C_measured,7.4,1210.0,B2_BCC[A2],0.6583360897352194,1340.0
mpea-02b,C_measured,7.4,1220.0,A1_FCC,0.2990431475666154,1340.0
mpea-02b,C_measured,7.4,1220.0,B2_BCC[A2],0.7009568524327173,1340.0
mpea-02b,C_measured,7.4,1230.0,A1_FCC,0.26019049215613316,1340.0
mpea-02b,C_measured,7.4,1230.0,B2_BCC[A2],0.7398095078674523,1340.0
mpea-02b,C_measured,7.4,1240.0,A1_FCC,0.2249242491571596,1340.0
mpea-02b,C_measured,7.4,1240.0,B2_BCC[A2],0.7750757508099541,1340.0
mpea-02b,C_measured,7.4,1250.0,A1_FCC,0.19297174907192524,1340.0
mpea-02b,C_measured,7.4,1250.0,B2_BCC[A2],0.8070282509363004,1340.0
mpea-02b,C_measured,7.4,1260.0,A1_FCC,0.1639241982599889,1340.0
mpea-02b,C_measured,7.4,1260.0,B2_BCC[A2],0.83607580178546,1340.0
mpea-02b,C_measured,7.4,1270.0,A1_FCC,0.13743264010699552,1340.0
mpea-02b,C_measured,7.4,1270.0,B2_BCC[A2],0.8625673599092887,1340.0
mpea-02b,C_measured,7.4,1280.0,A1_FCC,0.11312835093267051,1340.0
mpea-02b,C_measured,7.4,1280.0,B2_BCC[A2],0.8868716490381637,1340.0
mpea-02b,C_measured,7.4,1290.0,A1_FCC,0.09066799277444093,1340.0
mpea-02b,C_measured,7.4,1290.0,B2_BCC[A2],0.9093320072997328,1340.0
mpea-02b,C_measured,7.4,1300.0,A1_FCC,0.06974221774534427,1340.0
mpea-02b,C_measured,7.4,1300.0,B2_BCC[A2],0.9302577825229518,1340.0
mpea-02b,C_measured,7.4,1310.0,A1_FCC,0.05007788929098274,1340.0
mpea-02b,C_measured,7.4,1310.0,B2_BCC[A2],0.9499221113219843,1340.0
mpea-02b,C_measured,7.4,1320.0,A1_FCC,0.03143657762655601,1340.0
mpea-02b,C_measured,7.4,1320.0,B2_BCC[A2],0.9685634235101891,1340.0
mpea-02b,C_measured,7.4,1330.0,A1_FCC,0.013611181359213933,1340.0
mpea-02b,C_measured,7.4,1330.0,B2_BCC[A2],0.9863888186686296,1340.0
mpea-02b,C_measured,7.4,1340.0,B2_BCC[A2],1.0000000000056568,1340.0
mpea-02b,C_measured,7.4,1350.0,B2_BCC[A2],0.9999999999761533,1340.0
mpea-02b,C_measured,7.4,1360.0,B2_BCC[A2],1.0000000000034077,1340.0
mpea-02b,C_measured,7.4,1370.0,B2_BCC[A2],0.9999999999872677,1340.0
mpea-02b,C_measured,7.4,1380.0,B2_BCC[A2],1.000000000009364,1340.0
mpea-02b,C_measured,7.4,1390.0,B2_BCC[A2],1.0000000000282678,1340.0
mpea-02b,C_measured,7.4,1400.0,B2_BCC[A2],1.0000000000061817,1340.0
mpea-02b,C_measured,7.4,400.0,A1_FCC,0.8045941442213456,1340.0
mpea-02b,C_measured,7.4,400.0,B2_BCC[ordered],0.1841357531216653,1340.0
mpea-02b,C_measured,7.4,400.0,M23C6_D84,0.011270112016459827,1340.0
mpea-02b,C_measured,7.4,425.0,A1_FCC,0.8117611894763059,1340.0
mpea-02b,C_measured,7.4,425.0,B2_BCC[ordered],0.18185198321072116,1340.0
mpea-02b,C_measured,7.4,425.0,M23C6_D84,0.006386836185884651,1340.0
mpea-02b,C_measured,7.4,450.0,A1_FCC,0.8209488627992826,1340.0
mpea-02b,C_measured,7.4,450.0,B2_BCC[ordered],0.1790511371957845,1340.0
mpea-02b,C_measured,7.4,475.0,A1_FCC,0.8239358547728676,1340.0
mpea-02b,C_measured,7.4,475.0,B2_BCC[ordered],0.17606414522593183,1340.0
mpea-02b,C_measured,7.4,500.0,A1_FCC,0.8273918437870196,1340.0
mpea-02b,C_measured,7.4,500.0,B2_BCC[ordered],0.17260815621034575,1340.0
mpea-02b,C_measured,7.4,525.0,A1_FCC,0.8313077180443121,1340.0
mpea-02b,C_measured,7.4,525.0,B2_BCC[ordered],0.16869228195412755,1340.0
mpea-02b,C_measured,7.4,550.0,B2_BCC[ordered],0.16433173156656314,1340.0
mpea-02b,C_measured,7.4,550.0,A1_FCC,0.8356682684343332,1340.0
mpea-02b,C_measured,7.4,575.0,A1_FCC,0.8404531410385326,1340.0
mpea-02b,C_measured,7.4,575.0,B2_BCC[ordered],0.15954685895647802,1340.0
mpea-02b,C_measured,7.4,600.0,B2_BCC[ordered],0.15436206793918414,1340.0
mpea-02b,C_measured,7.4,600.0,A1_FCC,0.8456379320558505,1340.0
mpea-02b,C_measured,7.4,625.0,B2_BCC[ordered],0.1488046728969124,1340.0
mpea-02b,C_measured,7.4,625.0,A1_FCC,0.8511953270972583,1340.0
mpea-02b,C_measured,7.4,650.0,A1_FCC,0.8570961902322896,1340.0
mpea-02b,C_measured,7.4,650.0,B2_BCC[ordered],0.14290380975478997,1340.0
mpea-02b,C_measured,7.4,675.0,A1_FCC,0.8633105249244218,1340.0
mpea-02b,C_measured,7.4,675.0,B2_BCC[ordered],0.136689475100646,1340.0
mpea-02b,C_measured,7.4,700.0,A1_FCC,0.8698082508288936,1340.0
mpea-02b,C_measured,7.4,700.0,B2_BCC[ordered],0.13019174916079426,1340.0
mpea-02b,C_measured,7.4,725.0,A1_FCC,0.8765597642811781,1340.0
mpea-02b,C_measured,7.4,725.0,B2_BCC[ordered],0.12344023572211117,1340.0
mpea-02b,C_measured,7.4,750.0,A1_FCC,0.8835362677000368,1340.0
mpea-02b,C_measured,7.4,750.0,B2_BCC[ordered],0.11646373226796711,1340.0
mpea-02b,C_measured,7.4,775.0,A1_FCC,0.8907098656958521,1340.0
mpea-02b,C_measured,7.4,775.0,B2_BCC[ordered],0.10929013428025086,1340.0
mpea-02b,C_measured,7.4,800.0,A1_FCC,0.8980534243968711,1340.0
mpea-02b,C_measured,7.4,800.0,B2_BCC[ordered],0.10194657560121739,1340.0
mpea-02b,C_measured,7.4,825.0,A1_FCC,0.9055401812659044,1340.0
mpea-02b,C_measured,7.4,825.0,B2_BCC[ordered],0.0944598187399163,1340.0
mpea-02b,C_measured,7.4,850.0,A1_FCC,0.9131430649689641,1340.0
mpea-02b,C_measured,7.4,850.0,B2_BCC[ordered],0.08685693502537689,1340.0
mpea-02b,C_measured,7.4,875.0,B2_BCC[ordered],0.0791663654472365,1340.0
mpea-02b,C_measured,7.4,875.0,A1_FCC,0.9208336350308394,1340.0
mpea-02b,C_measured,7.4,900.0,A1_FCC,0.9285804545586984,1340.0
mpea-02b,C_measured,7.4,900.0,B2_BCC[ordered],0.0714195455429405,1340.0
mpea-02b,C_measured,7.4,925.0,A1_FCC,0.9363465323720611,1340.0
mpea-02b,C_measured,7.4,925.0,B2_BCC[ordered],0.06365346765120077,1340.0
mpea-02b,C_measured,7.4,950.0,A1_FCC,0.9440850751711181,1340.0
mpea-02b,C_measured,7.4,950.0,B2_BCC[ordered],0.0559149248373924,1340.0
mpea-02b,C_measured,7.8,1000.0,A1_FCC,0.9488989589856048,1340.0
mpea-02b,C_measured,7.8,1000.0,B2_BCC[ordered],0.051101041014225815,1340.0
mpea-02b,C_measured,7.8,1010.0,A1_FCC,0.9516336898539791,1340.0
mpea-02b,C_measured,7.8,1010.0,B2_BCC[ordered],0.048366310148184835,1340.0
mpea-02b,C_measured,7.8,1020.0,A1_FCC,0.9542857661869153,1340.0
mpea-02b,C_measured,7.8,1020.0,B2_BCC[ordered],0.04571423381300163,1340.0
mpea-02b,C_measured,7.8,1030.0,A1_FCC,0.9568343238983664,1340.0
mpea-02b,C_measured,7.8,1030.0,B2_BCC[ordered],0.04316567611581447,1340.0
mpea-02b,C_measured,7.8,1040.0,A1_FCC,0.959251624039202,1340.0
mpea-02b,C_measured,7.8,1040.0,B2_BCC[ordered],0.04074837595231805,1340.0
mpea-02b,C_measured,7.8,1050.0,A1_FCC,0.9614995721528086,1340.0
mpea-02b,C_measured,7.8,1050.0,B2_BCC[ordered],0.03850042786244685,1340.0
mpea-02b,C_measured,7.8,1060.0,A1_FCC,0.9635236956749392,1340.0
mpea-02b,C_measured,7.8,1060.0,B2_BCC[ordered],0.03647630433294529,1340.0
mpea-02b,C_measured,7.8,1070.0,A1_FCC,0.9652419233624224,1340.0
mpea-02b,C_measured,7.8,1070.0,B2_BCC[ordered],0.034758076637946764,1340.0
mpea-02b,C_measured,7.8,1080.0,A1_FCC,0.9665215097730984,1340.0
mpea-02b,C_measured,7.8,1080.0,B2_BCC[ordered],0.03347849023894624,1340.0
mpea-02b,C_measured,7.8,1090.0,A1_FCC,0.9671244169015446,1340.0
mpea-02b,C_measured,7.8,1090.0,B2_BCC[ordered],0.03287558312095995,1340.0
mpea-02b,C_measured,7.8,1100.0,A1_FCC,0.966546151181199,1340.0
mpea-02b,C_measured,7.8,1100.0,B2_BCC[ordered],0.03345384881519362,1340.0
mpea-02b,C_measured,7.8,1110.0,A1_FCC,0.9632896205320058,1340.0
mpea-02b,C_measured,7.8,1110.0,B2_BCC[ordered],0.03671037951137388,1340.0
mpea-02b,C_measured,7.8,1120.0,B2_BCC[A2],0.1317312986897767,1340.0
mpea-02b,C_measured,7.8,1120.0,A1_FCC,0.8682687013230248,1340.0
mpea-02b,C_measured,7.8,1130.0,B2_BCC[A2],0.19162046115010048,1340.0
mpea-02b,C_measured,7.8,1130.0,A1_FCC,0.8083795388820002,1340.0
mpea-02b,C_measured,7.8,1140.0,A1_FCC,0.7479083250896973,1340.0
mpea-02b,C_measured,7.8,1140.0,B2_BCC[A2],0.2520916749683253,1340.0
mpea-02b,C_measured,7.8,1150.0,A1_FCC,0.6872913079945061,1340.0
mpea-02b,C_measured,7.8,1150.0,B2_BCC[A2],0.3127086920205057,1340.0
mpea-02b,C_measured,7.8,1160.0,A1_FCC,0.6270732271708064,1340.0
mpea-02b,C_measured,7.8,1160.0,B2_BCC[A2],0.3729267728685047,1340.0
mpea-02b,C_measured,7.8,1170.0,A1_FCC,0.5678945653579822,1340.0
mpea-02b,C_measured,7.8,1170.0,B2_BCC[A2],0.4321054346416576,1340.0
mpea-02b,C_measured,7.8,1180.0,A1_FCC,0.5104564966940068,1340.0
mpea-02b,C_measured,7.8,1180.0,B2_BCC[A2],0.4895435032958701,1340.0
mpea-02b,C_measured,7.8,1190.0,A1_FCC,0.4554617008507177,1340.0
mpea-02b,C_measured,7.8,1190.0,B2_BCC[A2],0.5445382991899324,1340.0
mpea-02b,C_measured,7.8,1200.0,A1_FCC,0.4035383914293528,1340.0
mpea-02b,C_measured,7.8,1200.0,B2_BCC[A2],0.5964616085757003,1340.0
mpea-02b,C_measured,7.8,1210.0,A1_FCC,0.35516521112809685,1340.0
mpea-02b,C_measured,7.8,1210.0,B2_BCC[A2],0.6448347888722438,1340.0
mpea-02b,C_measured,7.8,1220.0,A1_FCC,0.31061904077420527,1340.0
mpea-02b,C_measured,7.8,1220.0,B2_BCC[A2],0.6893809591754672,1340.0
mpea-02b,C_measured,7.8,1230.0,A1_FCC,0.26996102697043195,1340.0
mpea-02b,C_measured,7.8,1230.0,B2_BCC[A2],0.7300389730125032,1340.0
mpea-02b,C_measured,7.8,1240.0,A1_FCC,0.2330611284805857,1340.0
mpea-02b,C_measured,7.8,1240.0,B2_BCC[A2],0.766938871507184,1340.0
mpea-02b,C_measured,7.8,1250.0,A1_FCC,0.1996730323631821,1340.0
mpea-02b,C_measured,7.8,1250.0,B2_BCC[A2],0.8003269676580328,1340.0
mpea-02b,C_measured,7.8,1260.0,A1_FCC,0.16939033798838696,1340.0
mpea-02b,C_measured,7.8,1260.0,B2_BCC[A2],0.8306096620224935,1340.0
mpea-02b,C_measured,7.8,1270.0,A1_FCC,0.14185422401847675,1340.0
mpea-02b,C_measured,7.8,1270.0,B2_BCC[A2],0.8581457759945974,1340.0
mpea-02b,C_measured,7.8,1280.0,A1_FCC,0.11667696877141087,1340.0
mpea-02b,C_measured,7.8,1280.0,B2_BCC[A2],0.8833230312199228,1340.0
mpea-02b,C_measured,7.8,1290.0,A1_FCC,0.09349301634876259,1340.0
mpea-02b,C_measured,7.8,1290.0,B2_BCC[A2],0.9065069836717413,1340.0
mpea-02b,C_measured,7.8,1300.0,A1_FCC,0.07197082184704286,1340.0
mpea-02b,C_measured,7.8,1300.0,B2_BCC[A2],0.9280291781729666,1340.0
mpea-02b,C_measured,7.8,1310.0,A1_FCC,0.05181683292479152,1340.0
mpea-02b,C_measured,7.8,1310.0,B2_BCC[A2],0.9481831671034403,1340.0
mpea-02b,C_measured,7.8,1320.0,A1_FCC,0.03277473835612273,1340.0
mpea-02b,C_measured,7.8,1320.0,B2_BCC[A2],0.967225261743343,1340.0
mpea-02b,C_measured,7.8,1330.0,A1_FCC,0.01462224358688973,1340.0
mpea-02b,C_measured,7.8,1330.0,B2_BCC[A2],0.9853777567548708,1340.0
mpea-02b,C_measured,7.8,1340.0,B2_BCC[A2],0.9999999999984402,1340.0
mpea-02b,C_measured,7.8,1350.0,B2_BCC[A2],0.9999999999850501,1340.0
mpea-02b,C_measured,7.8,1360.0,B2_BCC[A2],0.9999999999792469,1340.0
mpea-02b,C_measured,7.8,1370.0,B2_BCC[A2],1.0000000000159612,1340.0
mpea-02b,C_measured,7.8,1380.0,B2_BCC[A2],0.9999999999879037,1340.0
mpea-02b,C_measured,7.8,1390.0,B2_BCC[A2],0.9999999999964192,1340.0
mpea-02b,C_measured,7.8,1400.0,B2_BCC[A2],0.9999999999687258,1340.0
mpea-02b,C_measured,7.8,400.0,M23C6_D84,0.011754946254834654,1340.0
mpea-02b,C_measured,7.8,400.0,A1_FCC,0.7955730147084795,1340.0
mpea-02b,C_measured,7.8,400.0,B2_BCC[ordered],0.19267204776390037,1340.0
mpea-02b,C_measured,7.8,425.0,M23C6_D84,0.007069718720947376,1340.0
mpea-02b,C_measured,7.8,425.0,A1_FCC,0.8025406690908327,1340.0
mpea-02b,C_measured,7.8,425.0,B2_BCC[ordered],0.19038962105515722,1340.0
mpea-02b,C_measured,7.8,450.0,A1_FCC,0.8114807258702701,1340.0
mpea-02b,C_measured,7.8,450.0,M23C6_D84,0.0009331970047391603,1340.0
mpea-02b,C_measured,7.8,450.0,B2_BCC[ordered],0.18758608614383634,1340.0
mpea-02b,C_measured,7.8,475.0,A1_FCC,0.8154557738913868,1340.0
mpea-02b,C_measured,7.8,475.0,B2_BCC[ordered],0.18454422609182325,1340.0
mpea-02b,C_measured,7.8,500.0,A1_FCC,0.8189289699554286,1340.0
mpea-02b,C_measured,7.8,500.0,B2_BCC[ordered],0.1810710300400761,1340.0
mpea-02b,C_measured,7.8,525.0,A1_FCC,0.8228637086478566,1340.0
mpea-02b,C_measured,7.8,525.0,B2_BCC[ordered],0.17713629134255235,1340.0
mpea-02b,C_measured,7.8,550.0,A1_FCC,0.8272430210884418,1340.0
mpea-02b,C_measured,7.8,550.0,B2_BCC[ordered],0.1727569789130195,1340.0
mpea-02b,C_measured,7.8,575.0,B2_BCC[ordered],0.16795530477830797,1340.0
mpea-02b,C_measured,7.8,575.0,A1_FCC,0.8320446951943362,1340.0
mpea-02b,C_measured,7.8,600.0,A1_FCC,0.8372424397473374,1340.0
mpea-02b,C_measured,7.8,600.0,B2_BCC[ordered],0.1627575602473679,1340.0
mpea-02b,C_measured,7.8,625.0,A1_FCC,0.8428070809448532,1340.0
mpea-02b,C_measured,7.8,625.0,B2_BCC[ordered],0.1571929190578441,1340.0
mpea-02b,C_measured,7.8,650.0,A1_FCC,0.8487076909214646,1340.0
mpea-02b,C_measured,7.8,650.0,B2_BCC[ordered],0.15129230903105997,1340.0
mpea-02b,C_measured,7.8,675.0,A1_FCC,0.8549125659834248,1340.0
mpea-02b,C_measured,7.8,675.0,B2_BCC[ordered],0.14508743401180138,1340.0
mpea-02b,C_measured,7.8,700.0,A1_FCC,0.8613899976508609,1340.0
mpea-02b,C_measured,7.8,700.0,B2_BCC[ordered],0.138610002349081,1340.0
mpea-02b,C_measured,7.8,725.0,A1_FCC,0.8681088059294061,1340.0
mpea-02b,C_measured,7.8,725.0,B2_BCC[ordered],0.13189119410412764,1340.0
mpea-02b,C_measured,7.8,750.0,B2_BCC[ordered],0.12496137866414828,1340.0
mpea-02b,C_measured,7.8,750.0,A1_FCC,0.875038621365393,1340.0
mpea-02b,C_measured,7.8,775.0,A1_FCC,0.8821499150245115,1340.0
mpea-02b,C_measured,7.8,775.0,B2_BCC[ordered],0.11785008498397234,1340.0
mpea-02b,C_measured,7.8,800.0,A1_FCC,0.8894137726831991,1340.0
mpea-02b,C_measured,7.8,800.0,B2_BCC[ordered],0.11058622732631344,1340.0
mpea-02b,C_measured,7.8,825.0,A1_FCC,0.8968013972714146,1340.0
mpea-02b,C_measured,7.8,825.0,B2_BCC[ordered],0.10319860271833715,1340.0
mpea-02b,C_measured,7.8,850.0,A1_FCC,0.9042832920388654,1340.0
mpea-02b,C_measured,7.8,850.0,B2_BCC[ordered],0.09571670796025275,1340.0
mpea-02b,C_measured,7.8,875.0,A1_FCC,0.9118280219055538,1340.0
mpea-02b,C_measured,7.8,875.0,B2_BCC[ordered],0.08817197885517788,1340.0
mpea-02b,C_measured,7.8,900.0,A1_FCC,0.9194003454126772,1340.0
mpea-02b,C_measured,7.8,900.0,B2_BCC[ordered],0.08059965476304275,1340.0
mpea-02b,C_measured,7.8,925.0,A1_FCC,0.9269583252148802,1340.0
mpea-02b,C_measured,7.8,925.0,B2_BCC[ordered],0.07304167483918157,1340.0
mpea-02b,C_measured,7.8,950.0,A1_FCC,0.9344486096635194,1340.0
mpea-02b,C_measured,7.8,950.0,B2_BCC[ordered],0.0655513903462739,1340.0
mpea-02b,C_free,4.2,1000.0,A1_FCC,0.9999999999483464,1150.0
mpea-02b,C_free,4.2,1010.0,A1_FCC,1.0000000000379001,1150.0
mpea-02b,C_free,4.2,1020.0,A1_FCC,1.000000000010015,1150.0
mpea-02b,C_free,4.2,1030.0,A1_FCC,0.9679869358536154,1150.0
mpea-02b,C_free,4.2,1030.0,B2_BCC[A2],0.03201306416678315,1150.0
mpea-02b,C_free,4.2,1040.0,A1_FCC,0.905774037584501,1150.0
mpea-02b,C_free,4.2,1040.0,B2_BCC[A2],0.09422596247675119,1150.0
mpea-02b,C_free,4.2,1050.0,A1_FCC,0.8406641631070836,1150.0
mpea-02b,C_free,4.2,1050.0,B2_BCC[A2],0.15933583688602437,1150.0
mpea-02b,C_free,4.2,1060.0,A1_FCC,0.7723866133350397,1150.0
mpea-02b,C_free,4.2,1060.0,B2_BCC[A2],0.22761338672135203,1150.0
mpea-02b,C_free,4.2,1070.0,A1_FCC,0.7006416531422626,1150.0
mpea-02b,C_free,4.2,1070.0,B2_BCC[A2],0.29935834687070223,1150.0
mpea-02b,C_free,4.2,1080.0,A1_FCC,0.6250972960746183,1150.0
mpea-02b,C_free,4.2,1080.0,B2_BCC[A2],0.3749027039765066,1150.0
mpea-02b,C_free,4.2,1090.0,A1_FCC,0.5453858473971911,1150.0
mpea-02b,C_free,4.2,1090.0,B2_BCC[A2],0.4546141523393233,1150.0
mpea-02b,C_free,4.2,1100.0,A1_FCC,0.46110033123206645,1150.0
mpea-02b,C_free,4.2,1100.0,B2_BCC[A2],0.5388996688433711,1150.0
mpea-02b,C_free,4.2,1110.0,B2_BCC[A2],0.6282088310797254,1150.0
mpea-02b,C_free,4.2,1110.0,A1_FCC,0.37179116898867787,1150.0
mpea-02b,C_free,4.2,1120.0,B2_BCC[A2],0.7230355580215183,1150.0
mpea-02b,C_free,4.2,1120.0,A1_FCC,0.276964442055263,1150.0
mpea-02b,C_free,4.2,1130.0,A1_FCC,0.17608778652827506,1150.0
mpea-02b,C_free,4.2,1130.0,B2_BCC[A2],0.8239122135356042,1150.0
mpea-02b,C_free,4.2,1140.0,A1_FCC,0.06864923465704331,1150.0
mpea-02b,C_free,4.2,1140.0,B2_BCC[A2],0.931350765395046,1150.0
mpea-02b,C_free,4.2,1150.0,B2_BCC[A2],1.0000000000108298,1150.0
mpea-02b,C_free,4.2,1160.0,B2_BCC[A2],0.9999999999775433,1150.0
mpea-02b,C_free,4.2,1170.0,B2_BCC[A2],0.9999999999856699,1150.0
mpea-02b,C_free,4.2,1180.0,B2_BCC[A2],0.9999999999958223,1150.0
mpea-02b,C_free,4.2,1190.0,B2_BCC[A2],1.0000000000315354,1150.0
mpea-02b,C_free,4.2,1200.0,B2_BCC[A2],1.0000000000548115,1150.0
mpea-02b,C_free,4.2,1210.0,B2_BCC[A2],1.0000000000031608,1150.0
mpea-02b,C_free,4.2,1220.0,B2_BCC[A2],0.9999999999925556,1150.0
mpea-02b,C_free,4.2,1230.0,B2_BCC[A2],1.0000000000029454,1150.0
mpea-02b,C_free,4.2,1240.0,B2_BCC[A2],1.0000000000005311,1150.0
mpea-02b,C_free,4.2,1250.0,B2_BCC[A2],1.0000000000181346,1150.0
mpea-02b,C_free,4.2,1260.0,B2_BCC[A2],1.0000000000397407,1150.0
mpea-02b,C_free,4.2,1270.0,B2_BCC[A2],1.0000000000066347,1150.0
mpea-02b,C_free,4.2,1280.0,B2_BCC[A2],0.9999999999772047,1150.0
mpea-02b,C_free,4.2,1290.0,B2_BCC[A2],1.0000000000172777,1150.0
mpea-02b,C_free,4.2,1300.0,B2_BCC[A2],0.9999999999657866,1150.0
mpea-02b,C_free,4.2,1310.0,B2_BCC[A2],0.9999999999666747,1150.0
mpea-02b,C_free,4.2,1320.0,B2_BCC[A2],1.0000000000003049,1150.0
mpea-02b,C_free,4.2,1330.0,B2_BCC[A2],0.9999999999585405,1150.0
mpea-02b,C_free,4.2,1340.0,B2_BCC[A2],1.0000000000210914,1150.0
mpea-02b,C_free,4.2,1350.0,B2_BCC[A2],1.0000000000376548,1150.0
mpea-02b,C_free,4.2,1360.0,B2_BCC[A2],1.0000000000070612,1150.0
mpea-02b,C_free,4.2,1370.0,B2_BCC[A2],1.0000000000047973,1150.0
mpea-02b,C_free,4.2,1380.0,B2_BCC[A2],0.9999999999767688,1150.0
mpea-02b,C_free,4.2,1390.0,B2_BCC[A2],1.000000000020861,1150.0
mpea-02b,C_free,4.2,1400.0,B2_BCC[A2],1.000000000015015,1150.0
mpea-02b,C_free,4.2,400.0,A1_FCC,0.31254794097540434,1150.0
mpea-02b,C_free,4.2,400.0,B2_BCC[ordered],0.11032371315377067,1150.0
mpea-02b,C_free,4.2,400.0,B2_BCC[A2],0.13999200406712814,1150.0
mpea-02b,C_free,4.2,400.0,CUB_A13,0.4371363418303145,1150.0
mpea-02b,C_free,4.2,425.0,B2_BCC[ordered],0.10723477906637668,1150.0
mpea-02b,C_free,4.2,425.0,A1_FCC,0.7027791924175363,1150.0
mpea-02b,C_free,4.2,425.0,CUB_A13,0.1899860287315761,1150.0
mpea-02b,C_free,4.2,450.0,B2_BCC[ordered],0.105205695805651,1150.0
mpea-02b,C_free,4.2,450.0,A1_FCC,0.7678696550641654,1150.0
mpea-02b,C_free,4.2,450.0,CUB_A13,0.12692464917112803,1150.0
mpea-02b,C_free,4.2,475.0,A1_FCC,0.8374803895419041,1150.0
mpea-02b,C_free,4.2,475.0,B2_BCC[ordered],0.10248511047073187,1150.0
mpea-02b,C_free,4.2,475.0,CUB_A13,0.06003450005029872,1150.0
mpea-02b,C_free,4.2,500.0,A1_FCC,0.9009996474457861,1150.0
mpea-02b,C_free,4.2,500.0,B2_BCC[ordered],0.09900035256647093,1150.0
mpea-02b,C_free,4.2,525.0,A1_FCC,0.9051746754077952,1150.0
mpea-02b,C_free,4.2,525.0,B2_BCC[ordered],0.09482532456916332,1150.0
mpea-02b,C_free,4.2,550.0,A1_FCC,0.9098201434212496,1150.0
mpea-02b,C_free,4.2,550.0,B2_BCC[ordered],0.09017985656791197,1150.0
mpea-02b,C_free,4.2,575.0,A1_FCC,0.9149295201420675,1150.0
mpea-02b,C_free,4.2,575.0,B2_BCC[ordered],0.08507047985383509,1150.0
mpea-02b,C_free,4.2,600.0,A1_FCC,0.9204932233330622,1150.0
mpea-02b,C_free,4.2,600.0,B2_BCC[ordered],0.07950677662873117,1150.0
mpea-02b,C_free,4.2,625.0,A1_FCC,0.9264996902036665,1150.0
mpea-02b,C_free,4.2,625.0,B2_BCC[ordered],0.07350030979980014,1150.0
mpea-02b,C_free,4.2,650.0,A1_FCC,0.9329365464234285,1150.0
mpea-02b,C_free,4.2,650.0,B2_BCC[ordered],0.06706345359975995,1150.0
mpea-02b,C_free,4.2,675.0,B2_BCC[ordered],0.060208148018488505,1150.0
mpea-02b,C_free,4.2,675.0,A1_FCC,0.9397918520007773,1150.0
mpea-02b,C_free,4.2,700.0,A1_FCC,0.9470554291951068,1150.0
mpea-02b,C_free,4.2,700.0,B2_BCC[ordered],0.05294457081002452,1150.0
mpea-02b,C_free,4.2,725.0,A1_FCC,0.9547203246087379,1150.0
mpea-02b,C_free,4.2,725.0,B2_BCC[ordered],0.045279675371506886,1150.0
mpea-02b,C_free,4.2,750.0,A1_FCC,0.9627845257289211,1150.0
mpea-02b,C_free,4.2,750.0,B2_BCC[ordered],0.037215474266757975,1150.0
mpea-02b,C_free,4.2,775.0,B2_BCC[ordered],0.028746833379833137,1150.0
mpea-02b,C_free,4.2,775.0,A1_FCC,0.9712531666173655,1150.0
mpea-02b,C_free,4.2,800.0,A1_FCC,0.9801416583774948,1150.0
mpea-02b,C_free,4.2,800.0,B2_BCC[ordered],0.01985834162327149,1150.0
mpea-02b,C_free,4.2,825.0,B2_BCC[ordered],0.010519418024043985,1150.0
mpea-02b,C_free,4.2,825.0,A1_FCC,0.9894805820125331,1150.0
mpea-02b,C_free,4.2,850.0,B2_BCC[ordered],0.0006759385052677464,1150.0
mpea-02b,C_free,4.2,850.0,A1_FCC,0.9993240614997158,1150.0
mpea-02b,C_free,4.2,875.0,A1_FCC,0.9999999999977497,1150.0
mpea-02b,C_free,4.2,900.0,A1_FCC,1.0000000000059925,1150.0
mpea-02b,C_free,4.2,925.0,A1_FCC,1.0000000000040192,1150.0
mpea-02b,C_free,4.2,950.0,A1_FCC,0.9999999999704446,1150.0
mpea-02b,C_free,4.6,1000.0,A1_FCC,0.9999999999840592,1160.0
mpea-02b,C_free,4.6,1010.0,A1_FCC,1.0000000000271096,1160.0
mpea-02b,C_free,4.6,1020.0,A1_FCC,0.9999999999567483,1160.0
mpea-02b,C_free,4.6,1030.0,A1_FCC,0.999999999977606,1160.0
mpea-02b,C_free,4.6,1040.0,A1_FCC,0.9448408125691861,1160.0
mpea-02b,C_free,4.6,1040.0,B2_BCC[A2],0.05515918739424584,1160.0
mpea-02b,C_free,4.6,1050.0,A1_FCC,0.8805596834086324,1160.0
mpea-02b,C_free,4.6,1050.0,B2_BCC[A2],0.11944031651383971,1160.0
mpea-02b,C_free,4.6,1060.0,A1_FCC,0.8132021581794514,1160.0
mpea-02b,C_free,4.6,1060.0,B2_BCC[A2],0.18679784178322464,1160.0
mpea-02b,C_free,4.6,1070.0,A1_FCC,0.7424787241775382,1160.0
mpea-02b,C_free,4.6,1070.0,B2_BCC[A2],0.25752127527481367,1160.0
mpea-02b,C_free,4.6,1080.0,A1_FCC,0.6680688504886685,1160.0
mpea-02b,C_free,4.6,1080.0,B2_BCC[A2],0.3319311493796741,1160.0
mpea-02b,C_free,4.6,1090.0,A1_FCC,0.58961765463179,1160.0
mpea-02b,C_free,4.6,1090.0,B2_BCC[A2],0.41038234525878686,1160.0
mpea-02b,C_free,4.6,1100.0,A1_FCC,0.5067323996388389,1160.0
mpea-02b,C_free,4.6,1100.0,B2_BCC[A2],0.49326760033956624,1160.0
mpea-02b,C_free,4.6,1110.0,A1_FCC,0.4189790306175109,1160.0
mpea-02b,C_free,4.6,1110.0,B2_BCC[A2],0.5810209693785006,1160.0
mpea-02b,C_free,4.6,1120.0,A1_FCC,0.32587945488010145,1160.0
mpea-02b,C_free,4.6,1120.0,B2_BCC[A2],0.6741205450734524,1160.0
mpea-02b,C_free,4.6,1130.0,A1_FCC,0.22691229445292066,1160.0
mpea-02b,C_free,4.6,1130.0,B2_BCC[A2],0.7730877055033173,1160.0
mpea-02b,C_free,4.6,1140.0,A1_FCC,0.12153243457206332,1160.0
mpea-02b,C_free,4.6,1140.0,B2_BCC[A2],0.8784675653778724,1160.0
mpea-02b,C_free,4.6,1150.0,A1_FCC,0.009394586491836426,1160.0
mpea-02b,C_free,4.6,1150.0,B2_BCC[A2],0.9906054134678374,1160.0
mpea-02b,C_free,4.6,1160.0,B2_BCC[A2],1.0000000000155038,1160.0
mpea-02b,C_free,4.6,1170.0,B2_BCC[A2],0.9999999999978518,1160.0
mpea-02b,C_free,4.6,1180.0,B2_BCC[A2],0.9999999999935084,1160.0
mpea-02b,C_free,4.6,1190.0,B2_BCC[A2],0.9999999999718879,1160.0
mpea-02b,C_free,4.6,1200.0,B2_BCC[A2],0.9999999999804844,1160.0
mpea-02b,C_free,4.6,1210.0,B2_BCC[A2],1.0000000000328644,1160.0
mpea-02b,C_free,4.6,1220.0,B2_BCC[A2],1.0000000000307943,1160.0
mpea-02b,C_free,4.6,1230.0,B2_BCC[A2],0.999999999968678,1160.0
mpea-02b,C_free,4.6,1240.0,B2_BCC[A2],0.9999999999583834,1160.0
mpea-02b,C_free,4.6,1250.0,B2_BCC[A2],0.9999999999587256,1160.0
mpea-02b,C_free,4.6,1260.0,B2_BCC[A2],0.9999999999888882,1160.0
mpea-02b,C_free,4.6,1270.0,B2_BCC[A2],0.9999999999786218,1160.0
mpea-02b,C_free,4.6,1280.0,B2_BCC[A2],1.0000000000135787,1160.0
mpea-02b,C_free,4.6,1290.0,B2_BCC[A2],1.0000000000051035,1160.0
mpea-02b,C_free,4.6,1300.0,B2_BCC[A2],1.0000000000326488,1160.0
mpea-02b,C_free,4.6,1310.0,B2_BCC[A2],1.00000000000272,1160.0
mpea-02b,C_free,4.6,1320.0,B2_BCC[A2],0.9999999999972288,1160.0
mpea-02b,C_free,4.6,1330.0,B2_BCC[A2],0.999999999976371,1160.0
mpea-02b,C_free,4.6,1340.0,B2_BCC[A2],0.9999999999565558,1160.0
mpea-02b,C_free,4.6,1350.0,B2_BCC[A2],1.0000000000179414,1160.0
mpea-02b,C_free,4.6,1360.0,B2_BCC[A2],1.0000000000008318,1160.0
mpea-02b,C_free,4.6,1370.0,B2_BCC[A2],0.9999999999856704,1160.0
mpea-02b,C_free,4.6,1380.0,B2_BCC[A2],0.9999999999730144,1160.0
mpea-02b,C_free,4.6,1390.0,B2_BCC[A2],0.9999999999889749,1160.0
mpea-02b,C_free,4.6,1400.0,B2_BCC[A2],1.0000000000185867,1160.0
mpea-02b,C_free,4.6,400.0,A1_FCC,0.3982814551472606,1160.0
mpea-02b,C_free,4.6,400.0,B2_BCC[A2],0.11428111373034407,1160.0
mpea-02b,C_free,4.6,400.0,B2_BCC[ordered],0.119773984273999,1160.0
mpea-02b,C_free,4.6,400.0,CUB_A13,0.36766344686004127,1160.0
mpea-02b,C_free,4.6,425.0,B2_BCC[ordered],0.1173126241099276,1160.0
mpea-02b,C_free,4.6,425.0,A1_FCC,0.7293084480089714,1160.0
mpea-02b,C_free,4.6,425.0,CUB_A13,0.15337892817516519,1160.0
mpea-02b,C_free,4.6,450.0,A1_FCC,0.7937631216349413,1160.0
mpea-02b,C_free,4.6,450.0,B2_BCC[ordered],0.1152890934723297,1160.0
mpea-02b,C_free,4.6,450.0,CUB_A13,0.0909477849749603,1160.0
mpea-02b,C_free,4.6,475.0,A1_FCC,0.8628652520256178,1160.0
mpea-02b,C_free,4.6,475.0,B2_BCC[ordered],0.11256819654631502,1160.0
mpea-02b,C_free,4.6,475.0,CUB_A13,0.02456655148038956,1160.0
mpea-02b,C_free,4.6,500.0,A1_FCC,0.8910003091149409,1160.0
mpea-02b,C_free,4.6,500.0,B2_BCC[ordered],0.10899969085443546,1160.0
mpea-02b,C_free,4.6,525.0,A1_FCC,0.8951457962885421,1160.0
mpea-02b,C_free,4.6,525.0,B2_BCC[ordered],0.10485420372561019,1160.0
mpea-02b,C_free,4.6,550.0,A1_FCC,0.8997575745426554,1160.0
mpea-02b,C_free,4.6,550.0,B2_BCC[ordered],0.10024242543570855,1160.0
mpea-02b,C_free,4.6,575.0,A1_FCC,0.9048267197928185,1160.0
mpea-02b,C_free,4.6,575.0,B2_BCC[ordered],0.09517328022214966,1160.0
mpea-02b,C_free,4.6,600.0,A1_FCC,0.9103409728679113,1160.0
mpea-02b,C_free,4.6,600.0,B2_BCC[ordered],0.08965902715749927,1160.0
mpea-02b,C_free,4.6,625.0,A1_FCC,0.9162857957788184,1160.0
mpea-02b,C_free,4.6,625.0,B2_BCC[ordered],0.08371420424730136,1160.0
mpea-02b,C_free,4.6,650.0,A1_FCC,0.9226454959196704,1160.0
mpea-02b,C_free,4.6,650.0,B2_BCC[ordered],0.07735450405413115,1160.0
mpea-02b,C_free,4.6,675.0,A1_FCC,0.9294043792210475,1160.0
mpea-02b,C_free,4.6,675.0,B2_BCC[ordered],0.07059562077175223,1160.0
mpea-02b,C_free,4.6,700.0,A1_FCC,0.9365479177793175,1160.0
mpea-02b,C_free,4.6,700.0,B2_BCC[ordered],0.06345208220994622,1160.0
mpea-02b,C_free,4.6,725.0,A1_FCC,0.9440639505549349,1160.0
mpea-02b,C_free,4.6,725.0,B2_BCC[ordered],0.05593604944291153,1160.0
mpea-02b,C_free,4.6,750.0,A1_FCC,0.9519439866692146,1160.0
mpea-02b,C_free,4.6,750.0,B2_BCC[ordered],0.048056013328549425,1160.0
mpea-02b,C_free,4.6,775.0,B2_BCC[ordered],0.03981525027957193,1160.0
mpea-02b,C_free,4.6,775.0,A1_FCC,0.9601847497220155,1160.0
mpea-02b,C_free,4.6,800.0,A1_FCC,0.9687902215597162,1160.0
mpea-02b,C_free,4.6,800.0,B2_BCC[ordered],0.031209778435171358,1160.0
mpea-02b,C_free,4.6,825.0,A1_FCC,0.9777746630370187,1160.0
mpea-02b,C_free,4.6,825.0,B2_BCC[ordered],0.02222533703550194,1160.0
mpea-02b,C_free,4.6,850.0,A1_FCC,0.9999999999894598,1160.0
mpea-02b,C_free,4.6,875.0,A1_FCC,0.9970223745308994,1160.0
mpea-02b,C_free,4.6,875.0,B2_BCC[ordered],0.0029776254632370674,1160.0
mpea-02b,C_free,4.6,900.0,A1_FCC,1.0000000000268803,1160.0
mpea-02b,C_free,4.6,925.0,A1_FCC,0.9999999999951542,1160.0
mpea-02b,C_free,4.6,950.0,A1_FCC,0.9999999999589609,1160.0
mpea-02b,C_free,5.0,1000.0,A1_FCC,0.9999999999710436,1160.0
mpea-02b,C_free,5.0,1010.0,A1_FCC,1.0000000000161566,1160.0
mpea-02b,C_free,5.0,1020.0,A1_FCC,1.0000000000215157,1160.0
mpea-02b,C_free,5.0,1030.0,A1_FCC,0.9999999999420454,1160.0
mpea-02b,C_free,5.0,1040.0,B2_BCC[A2],0.017451553832582282,1160.0
mpea-02b,C_free,5.0,1040.0,A1_FCC,0.9825484461758383,1160.0
mpea-02b,C_free,5.0,1050.0,B2_BCC[A2],0.08090424268806622,1160.0
mpea-02b,C_free,5.0,1050.0,A1_FCC,0.9190957572179476,1160.0
mpea-02b,C_free,5.0,1060.0,B2_BCC[A2],0.14734770302339797,1160.0
mpea-02b,C_free,5.0,1060.0,A1_FCC,0.8526522964830938,1160.0
mpea-02b,C_free,5.0,1070.0,B2_BCC[A2],0.21706166986007377,1160.0
mpea-02b,C_free,5.0,1070.0,A1_FCC,0.7829383300907096,1160.0
mpea-02b,C_free,5.0,1080.0,A1_FCC,0.7096442705782312,1160.0
mpea-02b,C_free,5.0,1080.0,B2_BCC[A2],0.29035572940148163,1160.0
mpea-02b,C_free,5.0,1090.0,A1_FCC,0.6324274777879526,1160.0
mpea-02b,C_free,5.0,1090.0,B2_BCC[A2],0.3675725221508997,1160.0
mpea-02b,C_free,5.0,1100.0,A1_FCC,0.5509088561263602,1160.0
mpea-02b,C_free,5.0,1100.0,B2_BCC[A2],0.44909114383112897,1160.0
mpea-02b,C_free,5.0,1110.0,A1_FCC,0.4646693891656871,1160.0
mpea-02b,C_free,5.0,1110.0,B2_BCC[A2],0.5353306108422586,1160.0
mpea-02b,C_free,5.0,1120.0,A1_FCC,0.3732470034760487,1160.0
mpea-02b,C_free,5.0,1120.0,B2_BCC[A2],0.6267529966117186,1160.0
mpea-02b,C_free,5.0,1130.0,A1_FCC,0.2761351348327856,1160.0
mpea-02b,C_free,5.0,1130.0,B2_BCC[A2],0.7238648651058412,1160.0
mpea-02b,C_free,5.0,1140.0,A1_FCC,0.17278922244643719,1160.0
mpea-02b,C_free,5.0,1140.0,B2_BCC[A2],0.8272107774691437,1160.0
mpea-02b,C_free,5.0,1150.0,A1_FCC,0.06268885084130572,1160.0
mpea-02b,C_free,5.0,1150.0,B2_BCC[A2],0.937311149269625,1160.0
mpea-02b,C_free,5.0,1160.0,B2_BCC[A2],0.9999999999734125,1160.0
mpea-02b,C_free,5.0,1170.0,B2_BCC[A2],1.0000000000039158,1160.0
mpea-02b,C_free,5.0,1180.0,B2_BCC[A2],1.0000000000284381,1160.0
mpea-02b,C_free,5.0,1190.0,B2_BCC[A2],1.000000000009298,1160.0
mpea-02b,C_free,5.0,1200.0,B2_BCC[A2],0.9999999999988821,1160.0
mpea-02b,C_free,5.0,1210.0,B2_BCC[A2],0.9999999999728693,1160.0
mpea-02b,C_free,5.0,1220.0,B2_BCC[A2],0.9999999999964184,1160.0
mpea-02b,C_free,5.0,1230.0,B2_BCC[A2],1.0000000000050022,1160.0
mpea-02b,C_free,5.0,1240.0,B2_BCC[A2],0.9999999999775527,1160.0
mpea-02b,C_free,5.0,1250.0,B2_BCC[A2],0.9999999999707528,1160.0
mpea-02b,C_free,5.0,1260.0,B2_BCC[A2],0.9999999999969761,1160.0
mpea-02b,C_free,5.0,1270.0,B2_BCC[A2],0.9999999999984772,1160.0
mpea-02b,C_free,5.0,1280.0,B2_BCC[A2],1.000000000043833,1160.0
mpea-02b,C_free,5.0,1290.0,B2_BCC[A2],1.00000000003976,1160.0
mpea-02b,C_free,5.0,1300.0,B2_BCC[A2],0.999999999983405,1160.0
mpea-02b,C_free,5.0,1310.0,B2_BCC[A2],1.0000000000033196,1160.0
mpea-02b,C_free,5.0,1320.0,B2_BCC[A2],1.0000000000271099,1160.0
mpea-02b,C_free,5.0,1330.0,B2_BCC[A2],1.0000000000378715,1160.0
mpea-02b,C_free,5.0,1340.0,B2_BCC[A2],0.9999999999638725,1160.0
mpea-02b,C_free,5.0,1350.0,B2_BCC[A2],1.0000000000723526,1160.0
mpea-02b,C_free,5.0,1360.0,B2_BCC[A2],0.9999999999955806,1160.0
mpea-02b,C_free,5.0,1370.0,B2_BCC[A2],1.0000000000715694,1160.0
mpea-02b,C_free,5.0,1380.0,B2_BCC[A2],1.0000000000683305,1160.0
mpea-02b,C_free,5.0,1390.0,B2_BCC[A2],1.0000000000110203,1160.0
mpea-02b,C_free,5.0,1400.0,B2_BCC[A2],0.999999999999975,1160.0
mpea-02b,C_free,5.0,400.0,A1_FCC,0.4840204765236574,1160.0
mpea-02b,C_free,5.0,400.0,B2_BCC[A2],0.08856860899550817,1160.0
mpea-02b,C_free,5.0,400.0,B2_BCC[ordered],0.1292241882827772,1160.0
mpea-02b,C_free,5.0,400.0,CUB_A13,0.29818672617377295,1160.0
mpea-02b,C_free,5.0,425.0,A1_FCC,0.7549292470747189,1160.0
mpea-02b,C_free,5.0,425.0,B2_BCC[ordered],0.127238611579148,1160.0
mpea-02b,C_free,5.0,425.0,CUB_A13,0.11783214172237165,1160.0
mpea-02b,C_free,5.0,450.0,A1_FCC,0.8188001419955824,1160.0
mpea-02b,C_free,5.0,450.0,B2_BCC[ordered],0.12520619696020593,1160.0
mpea-02b,C_free,5.0,450.0,CUB_A13,0.05599366118788112,1160.0
mpea-02b,C_free,5.0,475.0,B2_BCC[ordered],0.12242053890449342,1160.0
mpea-02b,C_free,5.0,475.0,A1_FCC,0.8775794610913091,1160.0
mpea-02b,C_free,5.0,500.0,A1_FCC,0.8812343601062864,1160.0
mpea-02b,C_free,5.0,500.0,B2_BCC[ordered],0.11876563988081722,1160.0
mpea-02b,C_free,5.0,525.0,A1_FCC,0.8853590484305247,1160.0
mpea-02b,C_free,5.0,525.0,B2_BCC[ordered],0.11464095159394656,1160.0
mpea-02b,C_free,5.0,550.0,A1_FCC,0.889946859949815,1160.0
mpea-02b,C_free,5.0,550.0,B2_BCC[ordered],0.11005314007963288,1160.0
mpea-02b,C_free,5.0,575.0,A1_FCC,0.8949866057456294,1160.0
mpea-02b,C_free,5.0,575.0,B2_BCC[ordered],0.10501339423968643,1160.0
mpea-02b,C_free,5.0,600.0,A1_FCC,0.9004635296844539,1160.0
mpea-02b,C_free,5.0,600.0,B2_BCC[ordered],0.09953647035649679,1160.0
mpea-02b,C_free,5.0,625.0,B2_BCC[ordered],0.09363963048722189,1160.0
mpea-02b,C_free,5.0,625.0,A1_FCC,0.9063603695362938,1160.0
mpea-02b,C_free,5.0,650.0,A1_FCC,0.912658461331302,1160.0
mpea-02b,C_free,5.0,650.0,B2_BCC[ordered],0.08734153866336439,1160.0
mpea-02b,C_free,5.0,675.0,A1_FCC,0.9193388345599374,1160.0
mpea-02b,C_free,5.0,675.0,B2_BCC[ordered],0.08066116540837359,1160.0
mpea-02b,C_free,5.0,700.0,A1_FCC,0.9263832690381378,1160.0
mpea-02b,C_free,5.0,700.0,B2_BCC[ordered],0.07361673093719041,1160.0
mpea-02b,C_free,5.0,725.0,A1_FCC,0.9337753110610361,1160.0
mpea-02b,C_free,5.0,725.0,B2_BCC[ordered],0.06622468895333393,1160.0
mpea-02b,C_free,5.0,750.0,A1_FCC,0.9415012854210119,1160.0
mpea-02b,C_free,5.0,750.0,B2_BCC[ordered],0.05849871457384768,1160.0
mpea-02b,C_free,5.0,775.0,A1_FCC,0.9495513832418042,1160.0
mpea-02b,C_free,5.0,775.0,B2_BCC[ordered],0.050448616747443366,1160.0
mpea-02b,C_free,5.0,800.0,A1_FCC,0.9579209788810911,1160.0
mpea-02b,C_free,5.0,800.0,B2_BCC[ordered],0.042079021124222196,1160.0
mpea-02b,C_free,5.0,825.0,A1_FCC,0.966612444868347,1160.0
mpea-02b,C_free,5.0,825.0,B2_BCC[ordered],0.033387555273489876,1160.0
mpea-02b,C_free,5.0,850.0,B2_BCC[ordered],0.024362030380874505,1160.0
mpea-02b,C_free,5.0,850.0,A1_FCC,0.9756379696459747,1160.0
mpea-02b,C_free,5.0,875.0,B2_BCC[ordered],0.014975606553151083,1160.0
mpea-02b,C_free,5.0,875.0,A1_FCC,0.9850243934488708,1160.0
mpea-02b,C_free,5.0,900.0,A1_FCC,1.0000000000374107,1160.0
mpea-02b,C_free,5.0,925.0,A1_FCC,0.9999999999795501,1160.0
mpea-02b,C_free,5.0,950.0,A1_FCC,0.9999999999614019,1160.0
mpea-02b,C_free,5.4,1000.0,A1_FCC,0.9999999999740399,1220.0
mpea-02b,C_free,5.4,1010.0,A1_FCC,1.0000000000177625,1220.0
mpea-02b,C_free,5.4,1020.0,A1_FCC,1.000000000027237,1220.0
mpea-02b,C_free,5.4,1030.0,A1_FCC,0.9999999999756738,1220.0
mpea-02b,C_free,5.4,1040.0,A1_FCC,0.9999999999780576,1220.0
mpea-02b,C_free,5.4,1050.0,A1_FCC,0.956310525098681,1220.0
mpea-02b,C_free,5.4,1050.0,B2_BCC[A2],0.043689474579962695,1220.0
mpea-02b,C_free,5.4,1060.0,A1_FCC,0.8907758878309345,1220.0
mpea-02b,C_free,5.4,1060.0,B2_BCC[A2],0.10922411210903517,1220.0
mpea-02b,C_free,5.4,1070.0,A1_FCC,0.8220603079179806,1220.0
mpea-02b,C_free,5.4,1070.0,B2_BCC[A2],0.17793969197941475,1220.0
mpea-02b,C_free,5.4,1080.0,A1_FCC,0.7498646604080275,1220.0
mpea-02b,C_free,5.4,1080.0,B2_BCC[A2],0.2501353395344074,1220.0
mpea-02b,C_free,5.4,1090.0,A1_FCC,0.6738579953513334,1220.0
mpea-02b,C_free,5.4,1090.0,B2_BCC[A2],0.32614200469639043,1220.0
mpea-02b,C_free,5.4,1100.0,A1_FCC,0.5936742563365696,1220.0
mpea-02b,C_free,5.4,1100.0,B2_BCC[A2],0.4063257436589737,1220.0
mpea-02b,C_free,5.4,1110.0,A1_FCC,0.5089088766878711,1220.0
mpea-02b,C_free,5.4,1110.0,B2_BCC[A2],0.491091123328012,1220.0
mpea-02b,C_free,5.4,1120.0,A1_FCC,0.4191154993445495,1220.0
mpea-02b,C_free,5.4,1120.0,B2_BCC[A2],0.5808845006059007,1220.0
mpea-02b,C_free,5.4,1130.0,A1_FCC,0.32380355512472664,1220.0
mpea-02b,C_free,5.4,1130.0,B2_BCC[A2],0.6761964449238048,1220.0
mpea-02b,C_free,5.4,1140.0,A1_FCC,0.2224396087221645,1220.0
mpea-02b,C_free,5.4,1140.0,B2_BCC[A2],0.7775603913113921,1220.0
mpea-02b,C_free,5.4,1150.0,B2_BCC[A2],0.8855309957121942,1220.0
mpea-02b,C_free,5.4,1150.0,A1_FCC,0.11446900429786147,1220.0
mpea-02b,C_free,5.4,1160.0,B2_BCC[A2],0.9999999999567335,1220.0
mpea-02b,C_free,5.4,1170.0,B2_BCC[A2],0.9999999999819098,1220.0
mpea-02b,C_free,5.4,1180.0,B2_BCC[A2],0.9999999999812935,1220.0
mpea-02b,C_free,5.4,1190.0,B2_BCC[A2],1.0000000000338798,1220.0
mpea-02b,C_free,5.4,1200.0,B2_BCC[A2],0.9999999999775553,1220.0
mpea-02b,C_free,5.4,1210.0,A1_FCC,0.9999999999874322,1220.0
mpea-02b,C_free,5.4,1220.0,B2_BCC[A2],0.9999999999975462,1220.0
mpea-02b,C_free,5.4,1230.0,B2_BCC[A2],1.0000000000171103,1220.0
mpea-02b,C_free,5.4,1240.0,B2_BCC[A2],1.0000000000220977,1220.0
mpea-02b,C_free,5.4,1250.0,B2_BCC[A2],1.0000000000038138,1220.0
mpea-02b,C_free,5.4,1260.0,B2_BCC[A2],0.9999999999798597,1220.0
mpea-02b,C_free,5.4,1270.0,B2_BCC[A2],1.0000000000067257,1220.0
mpea-02b,C_free,5.4,1280.0,B2_BCC[A2],0.999999999988804,1220.0
mpea-02b,C_free,5.4,1290.0,B2_BCC[A2],0.9999999999696673,1220.0
mpea-02b,C_free,5.4,1300.0,B2_BCC[A2],0.9999999999770722,1220.0
mpea-02b,C_free,5.4,1310.0,B2_BCC[A2],0.9999999999910468,1220.0
mpea-02b,C_free,5.4,1320.0,B2_BCC[A2],1.0000000000342253,1220.0
mpea-02b,C_free,5.4,1330.0,B2_BCC[A2],0.9999999999779191,1220.0
mpea-02b,C_free,5.4,1340.0,B2_BCC[A2],1.0000000000136462,1220.0
mpea-02b,C_free,5.4,1350.0,B2_BCC[A2],1.0000000000144496,1220.0
mpea-02b,C_free,5.4,1360.0,B2_BCC[A2],0.9999999999957433,1220.0
mpea-02b,C_free,5.4,1370.0,B2_BCC[A2],1.0000000000163942,1220.0
mpea-02b,C_free,5.4,1380.0,B2_BCC[A2],0.999999999981596,1220.0
mpea-02b,C_free,5.4,1390.0,B2_BCC[A2],0.9999999999774665,1220.0
mpea-02b,C_free,5.4,1400.0,B2_BCC[A2],1.0000000000064588,1220.0
mpea-02b,C_free,5.4,400.0,A1_FCC,0.5697625842409371,1220.0
mpea-02b,C_free,5.4,400.0,B2_BCC[A2],0.0628551995846039,1220.0
mpea-02b,C_free,5.4,400.0,B2_BCC[ordered],0.13867435462875755,1220.0
mpea-02b,C_free,5.4,400.0,CUB_A13,0.22870786148220967,1220.0
mpea-02b,C_free,5.4,425.0,A1_FCC,0.7796809974900483,1220.0
mpea-02b,C_free,5.4,425.0,B2_BCC[ordered],0.13701477063848203,1220.0
mpea-02b,C_free,5.4,425.0,CUB_A13,0.08330423233406799,1220.0
mpea-02b,C_free,5.4,450.0,A1_FCC,0.8430201311573645,1220.0
mpea-02b,C_free,5.4,450.0,B2_BCC[ordered],0.1349599993359727,1220.0
mpea-02b,C_free,5.4,450.0,CUB_A13,0.022019869683368012,1220.0
mpea-02b,C_free,5.4,475.0,B2_BCC[ordered],0.13195831463597585,1220.0
mpea-02b,C_free,5.4,475.0,A1_FCC,0.8680416853705474,1220.0
mpea-02b,C_free,5.4,500.0,A1_FCC,0.8716840366226888,1220.0
mpea-02b,C_free,5.4,500.0,B2_BCC[ordered],0.12831596335472978,1220.0
mpea-02b,C_free,5.4,525.0,A1_FCC,0.8757957532493329,1220.0
mpea-02b,C_free,5.4,525.0,B2_BCC[ordered],0.12420424675645979,1220.0
mpea-02b,C_free,5.4,550.0,A1_FCC,0.8803682175374683,1220.0
mpea-02b,C_free,5.4,550.0,B2_BCC[ordered],0.11963178249417546,1220.0
mpea-02b,C_free,5.4,575.0,A1_FCC,0.8853880655328389,1220.0
mpea-02b,C_free,5.4,575.0,B2_BCC[ordered],0.11461193445579691,1220.0
mpea-02b,C_free,5.4,600.0,A1_FCC,0.8908381750686808,1220.0
mpea-02b,C_free,5.4,600.0,B2_BCC[ordered],0.10916182491699775,1220.0
mpea-02b,C_free,5.4,625.0,A1_FCC,0.8966987476845547,1220.0
mpea-02b,C_free,5.4,625.0,B2_BCC[ordered],0.1033012523753528,1220.0
mpea-02b,C_free,5.4,650.0,A1_FCC,0.9029484109188426,1220.0
mpea-02b,C_free,5.4,650.0,B2_BCC[ordered],0.09705158908838844,1220.0
mpea-02b,C_free,5.4,675.0,A1_FCC,0.9095652802178044,1220.0
mpea-02b,C_free,5.4,675.0,B2_BCC[ordered],0.0904347197846681,1220.0
mpea-02b,C_free,5.4,700.0,A1_FCC,0.9165279389098381,1220.0
mpea-02b,C_free,5.4,700.0,B2_BCC[ordered],0.0834720610928483,1220.0
mpea-02b,C_free,5.4,725.0,A1_FCC,0.9238163211125333,1220.0
mpea-02b,C_free,5.4,725.0,B2_BCC[ordered],0.07618367887847681,1220.0
mpea-02b,C_free,5.4,750.0,A1_FCC,0.9314125122634704,1220.0
mpea-02b,C_free,5.4,750.0,B2_BCC[ordered],0.06858748774665166,1220.0
mpea-02b,C_free,5.4,775.0,B2_BCC[ordered],0.06069848797159535,1220.0
mpea-02b,C_free,5.4,775.0,A1_FCC,0.9393015120080922,1220.0
mpea-02b,C_free,5.4,800.0,A1_FCC,0.9474720472528373,1220.0
mpea-02b,C_free,5.4,800.0,B2_BCC[ordered],0.05252795276019351,1220.0
mpea-02b,C_free,5.4,825.0,B2_BCC[ordered],0.04408241881976132,1220.0
mpea-02b,C_free,5.4,825.0,A1_FCC,0.9559175814501972,1220.0
mpea-02b,C_free,5.4,850.0,A1_FCC,0.9646377788339704,1220.0
mpea-02b,C_free,5.4,850.0,B2_BCC[ordered],0.035362221212519335,1220.0
mpea-02b,C_free,5.4,875.0,A1_FCC,0.9736409155644044,1220.0
mpea-02b,C_free,5.4,875.0,B2_BCC[ordered],0.026359084447753867,1220.0
mpea-02b,C_free,5.4,900.0,A1_FCC,0.9829482649341067,1220.0
mpea-02b,C_free,5.4,900.0,B2_BCC[ordered],0.017051735068170773,1220.0
mpea-02b,C_free,5.4,925.0,A1_FCC,0.9926029104532701,1220.0
mpea-02b,C_free,5.4,925.0,B2_BCC[ordered],0.007397089542441355,1220.0
mpea-02b,C_free,5.4,950.0,A1_FCC,0.9999999999521887,1220.0
mpea-02b,C_free,5.8,1000.0,A1_FCC,1.0000000000220957,1170.0
mpea-02b,C_free,5.8,1010.0,A1_FCC,0.999999999968673,1170.0
mpea-02b,C_free,5.8,1020.0,A1_FCC,1.0000000000104265,1170.0
mpea-02b,C_free,5.8,1030.0,A1_FCC,1.0000000000199347,1170.0
mpea-02b,C_free,5.8,1040.0,A1_FCC,1.0000000000165716,1170.0
mpea-02b,C_free,5.8,1050.0,A1_FCC,0.9922440011051488,1170.0
mpea-02b,C_free,5.8,1050.0,B2_BCC[A2],0.007755998806106959,1170.0
mpea-02b,C_free,5.8,1060.0,A1_FCC,0.9276134345044597,1170.0
mpea-02b,C_free,5.8,1060.0,B2_BCC[A2],0.07238656547853489,1170.0
mpea-02b,C_free,5.8,1070.0,A1_FCC,0.8598859226679583,1170.0
mpea-02b,C_free,5.8,1070.0,B2_BCC[A2],0.1401140774035864,1170.0
mpea-02b,C_free,5.8,1080.0,A1_FCC,0.7887723437864078,1170.0
mpea-02b,C_free,5.8,1080.0,B2_BCC[A2],0.21122765623128528,1170.0
mpea-02b,C_free,5.8,1090.0,A1_FCC,0.713952913816031,1170.0
mpea-02b,C_free,5.8,1090.0,B2_BCC[A2],0.28604708617085134,1170.0
mpea-02b,C_free,5.8,1100.0,A1_FCC,0.6350740265273707,1170.0
mpea-02b,C_free,5.8,1100.0,B2_BCC[A2],0.3649259734768852,1170.0
mpea-02b,C_free,5.8,1110.0,A1_FCC,0.5517449455450383,1170.0
mpea-02b,C_free,5.8,1110.0,B2_BCC[A2],0.4482550542792268,1170.0
mpea-02b,C_free,5.8,1120.0,A1_FCC,0.46353450544273844,1170.0
mpea-02b,C_free,5.8,1120.0,B2_BCC[A2],0.536465494566254,1170.0
mpea-02b,C_free,5.8,1130.0,A1_FCC,0.3699682587559826,1170.0
mpea-02b,C_free,5.8,1130.0,B2_BCC[A2],0.630031741270724,1170.0
mpea-02b,C_free,5.8,1140.0,A1_FCC,0.27052755490641,1170.0
mpea-02b,C_free,5.8,1140.0,B2_BCC[A2],0.729472445090771,1170.0
mpea-02b,C_free,5.8,1150.0,A1_FCC,0.164657417376171,1170.0
mpea-02b,C_free,5.8,1150.0,B2_BCC[A2],0.8353425825586718,1170.0
mpea-02b,C_free,5.8,1160.0,A1_FCC,0.05183859835069586,1170.0
mpea-02b,C_free,5.8,1160.0,B2_BCC[A2],0.9481614016073857,1170.0
mpea-02b,C_free,5.8,1170.0,B2_BCC[A2],1.0000000000228342,1170.0
mpea-02b,C_free,5.8,1180.0,B2_BCC[A2],0.9999999999966325,1170.0
mpea-02b,C_free,5.8,1190.0,B2_BCC[A2],1.00000000001828,1170.0
mpea-02b,C_free,5.8,1200.0,B2_BCC[A2],1.0000000000383618,1170.0
mpea-02b,C_free,5.8,1210.0,B2_BCC[A2],1.0000000000501303,1170.0
mpea-02b,C_free,5.8,1220.0,B2_BCC[A2],1.0000000000075475,1170.0
mpea-02b,C_free,5.8,1230.0,B2_BCC[A2],1.0000000000189417,1170.0
mpea-02b,C_free,5.8,1240.0,B2_BCC[A2],0.9999999999673687,1170.0
mpea-02b,C_free,5.8,1250.0,B2_BCC[A2],0.9999999999890606,1170.0
mpea-02b,C_free,5.8,1260.0,B2_BCC[A2],0.9999999999759859,1170.0
mpea-02b,C_free,5.8,1270.0,B2_BCC[A2],0.9999999999852959,1170.0
mpea-02b,C_free,5.8,1280.0,B2_BCC[A2],1.0000000000302744,1170.0
mpea-02b,C_free,5.8,1290.0,B2_BCC[A2],0.9999999999857817,1170.0
mpea-02b,C_free,5.8,1300.0,B2_BCC[A2],0.9999999999534066,1170.0
mpea-02b,C_free,5.8,1310.0,B2_BCC[A2],1.0000000000073301,1170.0
mpea-02b,C_free,5.8,1320.0,B2_BCC[A2],0.9999999999604717,1170.0
mpea-02b,C_free,5.8,1330.0,B2_BCC[A2],0.9999999999979026,1170.0
mpea-02b,C_free,5.8,1340.0,B2_BCC[A2],1.0000000000173428,1170.0
mpea-02b,C_free,5.8,1350.0,B2_BCC[A2],1.0000000000036418,1170.0
mpea-02b,C_free,5.8,1360.0,B2_BCC[A2],1.0000000000163938,1170.0
mpea-02b,C_free,5.8,1370.0,B2_BCC[A2],0.9999999999421371,1170.0
mpea-02b,C_free,5.8,1380.0,B2_BCC[A2],0.9999999999399674,1170.0
mpea-02b,C_free,5.8,1390.0,B2_BCC[A2],1.0000000000381613,1170.0
mpea-02b,C_free,5.8,1400.0,B2_BCC[A2],0.9999999999619209,1170.0
mpea-02b,C_free,5.8,400.0,A1_FCC,0.655506594930785,1170.0
mpea-02b,C_free,5.8,400.0,B2_BCC[A2],0.0371412323492589,1170.0
mpea-02b,C_free,5.8,400.0,B2_BCC[ordered],0.14812449781992487,1170.0
mpea-02b,C_free,5.8,400.0,CUB_A13,0.15922767491534745,1170.0
mpea-02b,C_free,5.8,425.0,A1_FCC,0.8036021489643573,1170.0
mpea-02b,C_free,5.8,425.0,B2_BCC[ordered],0.14664308871256554,1170.0
mpea-02b,C_free,5.8,425.0,CUB_A13,0.049754762958718245,1170.0
mpea-02b,C_free,5.8,450.0,A1_FCC,0.8555356395764184,1170.0
mpea-02b,C_free,5.8,450.0,B2_BCC[ordered],0.1444643604129141,1170.0
mpea-02b,C_free,5.8,475.0,A1_FCC,0.8586976631109144,1170.0
mpea-02b,C_free,5.8,475.0,B2_BCC[ordered],0.14130233689410027,1170.0
mpea-02b,C_free,5.8,500.0,A1_FCC,0.8623339514846337,1170.0
mpea-02b,C_free,5.8,500.0,B2_BCC[ordered],0.1376660485031445,1170.0
mpea-02b,C_free,5.8,525.0,A1_FCC,0.866439783902354,1170.0
mpea-02b,C_free,5.8,525.0,B2_BCC[ordered],0.13356021611825972,1170.0
mpea-02b,C_free,5.8,550.0,A1_FCC,0.8710046278764719,1170.0
mpea-02b,C_free,5.8,550.0,B2_BCC[ordered],0.12899537213424267,1170.0
mpea-02b,C_free,5.8,575.0,A1_FCC,0.8760130048150978,1170.0
mpea-02b,C_free,5.8,575.0,B2_BCC[ordered],0.12398699517792872,1170.0
mpea-02b,C_free,5.8,600.0,A1_FCC,0.8814455216129582,1170.0
mpea-02b,C_free,5.8,600.0,B2_BCC[ordered],0.11855447837505838,1170.0
mpea-02b,C_free,5.8,625.0,A1_FCC,0.887279985252552,1170.0
mpea-02b,C_free,5.8,625.0,B2_BCC[ordered],0.11272001472190057,1170.0
mpea-02b,C_free,5.8,650.0,B2_BCC[ordered],0.10650748231718547,1170.0
mpea-02b,C_free,5.8,650.0,A1_FCC,0.8934925176998302,1170.0
mpea-02b,C_free,5.8,675.0,B2_BCC[ordered],0.09994139879161053,1170.0
mpea-02b,C_free,5.8,675.0,A1_FCC,0.9000586011708227,1170.0
mpea-02b,C_free,5.8,700.0,A1_FCC,0.9069540053422152,1170.0
mpea-02b,C_free,5.8,700.0,B2_BCC[ordered],0.09304599466514812,1170.0
mpea-02b,C_free,5.8,725.0,A1_FCC,0.914155571539031,1170.0
mpea-02b,C_free,5.8,725.0,B2_BCC[ordered],0.08584442845859137,1170.0
mpea-02b,C_free,5.8,750.0,A1_FCC,0.9216418555686916,1170.0
mpea-02b,C_free,5.8,750.0,B2_BCC[ordered],0.07835814441815393,1170.0
mpea-02b,C_free,5.8,775.0,A1_FCC,0.9293936521003419,1170.0
mpea-02b,C_free,5.8,775.0,B2_BCC[ordered],0.07060634790802187,1170.0
mpea-02b,C_free,5.8,800.0,A1_FCC,0.9373944475909848,1170.0
mpea-02b,C_free,5.8,800.0,B2_BCC[ordered],0.06260555239328792,1170.0
mpea-02b,C_free,5.8,825.0,A1_FCC,0.9456308739239825,1170.0
mpea-02b,C_free,5.8,825.0,B2_BCC[ordered],0.05436912656739755,1170.0
mpea-02b,C_free,5.8,850.0,B2_BCC[ordered],0.04590672428388445,1170.0
mpea-02b,C_free,5.8,850.0,A1_FCC,0.9540932758236265,1170.0
mpea-02b,C_free,5.8,875.0,B2_BCC[ordered],0.037223408384335646,1170.0
mpea-02b,C_free,5.8,875.0,A1_FCC,0.9627765916404255,1170.0
mpea-02b,C_free,5.8,900.0,A1_FCC,0.9716819209120543,1170.0
mpea-02b,C_free,5.8,900.0,B2_BCC[ordered],0.028318079091899172,1170.0
mpea-02b,C_free,5.8,925.0,B2_BCC[ordered],0.019180368631980957,1170.0
mpea-02b,C_free,5.8,925.0,A1_FCC,0.9808196313602118,1170.0
mpea-02b,C_free,5.8,950.0,B2_BCC[ordered],0.00978378744316735,1170.0
mpea-02b,C_free,5.8,950.0,A1_FCC,0.9902162125649724,1170.0
mpea-02b,C_free,6.2,1000.0,A1_FCC,0.9965702026183207,1170.0
mpea-02b,C_free,6.2,1000.0,B2_BCC[ordered],0.0034297973974805147,1170.0
mpea-02b,C_free,6.2,1010.0,A1_FCC,1.0000000000485805,1170.0
mpea-02b,C_free,6.2,1020.0,A1_FCC,0.9999999999876189,1170.0
mpea-02b,C_free,6.2,1030.0,A1_FCC,1.000000000018523,1170.0
mpea-02b,C_free,6.2,1040.0,A1_FCC,1.0000000000498381,1170.0
mpea-02b,C_free,6.2,1050.0,A1_FCC,1.0000000000259806,1170.0
mpea-02b,C_free,6.2,1060.0,B2_BCC[A2],0.03679314667423631,1170.0
mpea-02b,C_free,6.2,1060.0,A1_FCC,0.963206853468167,1170.0
mpea-02b,C_free,6.2,1070.0,B2_BCC[A2],0.10354236113081065,1170.0
mpea-02b,C_free,6.2,1070.0,A1_FCC,0.8964576389687708,1170.0
mpea-02b,C_free,6.2,1080.0,A1_FCC,0.8264106395111633,1170.0
mpea-02b,C_free,6.2,1080.0,B2_BCC[A2],0.17358936052259835,1170.0
mpea-02b,C_free,6.2,1090.0,A1_FCC,0.7527567374063758,1170.0
mpea-02b,C_free,6.2,1090.0,B2_BCC[A2],0.24724326267139501,1170.0
mpea-02b,C_free,6.2,1100.0,A1_FCC,0.6751542095947797,1170.0
mpea-02b,C_free,6.2,1100.0,B2_BCC[A2],0.32484579030134925,1170.0
mpea-02b,C_free,6.2,1110.0,A1_FCC,0.5932255297665939,1170.0
mpea-02b,C_free,6.2,1110.0,B2_BCC[A2],0.4067744701758514,1170.0
mpea-02b,C_free,6.2,1120.0,A1_FCC,0.5065541151221127,1170.0
mpea-02b,C_free,6.2,1120.0,B2_BCC[A2],0.49344588485621754,1170.0
mpea-02b,C_free,6.2,1130.0,A1_FCC,0.41468130442566414,1170.0
mpea-02b,C_free,6.2,1130.0,B2_BCC[A2],0.585318695641455,1170.0
mpea-02b,C_free,6.2,1140.0,B2_BCC[A2],0.6828956176766636,1170.0
mpea-02b,C_free,6.2,1140.0,A1_FCC,0.31710438222546056,1170.0
mpea-02b,C_free,6.2,1150.0,A1_FCC,0.21327890306633632,1170.0
mpea-02b,C_free,6.2,1150.0,B2_BCC[A2],0.786721097013888,1170.0
mpea-02b,C_free,6.2,1160.0,A1_FCC,0.10264462800993585,1170.0
mpea-02b,C_free,6.2,1160.0,B2_BCC[A2],0.8973553719568215,1170.0
mpea-02b,C_free,6.2,1170.0,B2_BCC[A2],1.0000000000085618,1170.0
mpea-02b,C_free,6.2,1180.0,B2_BCC[A2],1.0000000000021094,1170.0
mpea-02b,C_free,6.2,1190.0,B2_BCC[A2],0.9999999999771798,1170.0
mpea-02b,C_free,6.2,1200.0,B2_BCC[A2],0.9999999999991558,1170.0
mpea-02b,C_free,6.2,1210.0,B2_BCC[A2],0.9999999999689896,1170.0
mpea-02b,C_free,6.2,1220.0,B2_BCC[A2],0.9999999999702657,1170.0
mpea-02b,C_free,6.2,1230.0,B2_BCC[A2],0.9999999999722574,1170.0
mpea-02b,C_free,6.2,1240.0,B2_BCC[A2],0.9999999999990528,1170.0
mpea-02b,C_free,6.2,1250.0,B2_BCC[A2],1.0000000000312466,1170.0
mpea-02b,C_free,6.2,1260.0,B2_BCC[A2],0.9999999999638534,1170.0
mpea-02b,C_free,6.2,1270.0,B2_BCC[A2],1.0000000000406606,1170.0
mpea-02b,C_free,6.2,1280.0,B2_BCC[A2],0.9999999999924306,1170.0
mpea-02b,C_free,6.2,1290.0,B2_BCC[A2],0.9999999999995117,1170.0
mpea-02b,C_free,6.2,1300.0,B2_BCC[A2],1.0000000000105207,1170.0
mpea-02b,C_free,6.2,1310.0,B2_BCC[A2],1.000000000031556,1170.0
mpea-02b,C_free,6.2,1320.0,B2_BCC[A2],0.9999999999858141,1170.0
mpea-02b,C_free,6.2,1330.0,B2_BCC[A2],1.0000000000457119,1170.0
mpea-02b,C_free,6.2,1340.0,B2_BCC[A2],0.9999999999697867,1170.0
mpea-02b,C_free,6.2,1350.0,B2_BCC[A2],1.0000000000191107,1170.0
mpea-02b,C_free,6.2,1360.0,B2_BCC[A2],0.9999999999776847,1170.0
mpea-02b,C_free,6.2,1370.0,B2_BCC[A2],0.9999999999729525,1170.0
mpea-02b,C_free,6.2,1380.0,B2_BCC[A2],1.0000000000064029,1170.0
mpea-02b,C_free,6.2,1390.0,B2_BCC[A2],1.0000000000307985,1170.0
mpea-02b,C_free,6.2,1400.0,B2_BCC[A2],0.9999999999561896,1170.0
mpea-02b,C_free,6.2,400.0,B2_BCC[A2],0.01142689692130136,1170.0
mpea-02b,C_free,6.2,400.0,A1_FCC,0.7412518616037511,1170.0
mpea-02b,C_free,6.2,400.0,B2_BCC[ordered],0.1575746256864295,1170.0
mpea-02b,C_free,6.2,400.0,CUB_A13,0.08974661578056088,1170.0
mpea-02b,C_free,6.2,425.0,A1_FCC,0.8267301653210455,1170.0
mpea-02b,C_free,6.2,425.0,B2_BCC[ordered],0.15612550526974434,1170.0
mpea-02b,C_free,6.2,425.0,CUB_A13,0.017144330273279537,1170.0
mpea-02b,C_free,6.2,450.0,A1_FCC,0.8463748467230894,1170.0
mpea-02b,C_free,6.2,450.0,B2_BCC[ordered],0.15362515327062434,1170.0
mpea-02b,C_free,6.2,475.0,A1_FCC,0.8495344566885117,1170.0
mpea-02b,C_free,6.2,475.0,B2_BCC[ordered],0.150465543302906,1170.0
mpea-02b,C_free,6.2,500.0,A1_FCC,0.853170669404547,1170.0
mpea-02b,C_free,6.2,500.0,B2_BCC[ordered],0.14682933061290124,1170.0
mpea-02b,C_free,6.2,525.0,A1_FCC,0.8572771000525228,1170.0
mpea-02b,C_free,6.2,525.0,B2_BCC[ordered],0.14272289994510517,1170.0
mpea-02b,C_free,6.2,550.0,A1_FCC,0.861841318773488,1170.0
mpea-02b,C_free,6.2,550.0,B2_BCC[ordered],0.13815868124098404,1170.0
mpea-02b,C_free,6.2,575.0,A1_FCC,0.8668457699917546,1170.0
mpea-02b,C_free,6.2,575.0,B2_BCC[ordered],0.13315422999315238,1170.0
mpea-02b,C_free,6.2,600.0,A1_FCC,0.8722688574523694,1170.0
mpea-02b,C_free,6.2,600.0,B2_BCC[ordered],0.12773114253649584,1170.0
mpea-02b,C_free,6.2,625.0,A1_FCC,0.8780861017234318,1170.0
mpea-02b,C_free,6.2,625.0,B2_BCC[ordered],0.12191389827877214,1170.0
mpea-02b,C_free,6.2,650.0,A1_FCC,0.8842712778216221,1170.0
mpea-02b,C_free,6.2,650.0,B2_BCC[ordered],0.11572872215270762,1170.0
mpea-02b,C_free,6.2,675.0,A1_FCC,0.8907974573725478,1170.0
mpea-02b,C_free,6.2,675.0,B2_BCC[ordered],0.10920254260373254,1170.0
mpea-02b,C_free,6.2,700.0,A1_FCC,0.8976378986721846,1170.0
mpea-02b,C_free,6.2,700.0,B2_BCC[ordered],0.1023621013284782,1170.0
mpea-02b,C_free,6.2,725.0,A1_FCC,0.9047667564168353,1170.0
mpea-02b,C_free,6.2,725.0,B2_BCC[ordered],0.09523324358601061,1170.0
mpea-02b,C_free,6.2,750.0,A1_FCC,0.912159603440061,1170.0
mpea-02b,C_free,6.2,750.0,B2_BCC[ordered],0.08784039657023918,1170.0
mpea-02b,C_free,6.2,775.0,A1_FCC,0.9197937747106688,1170.0
mpea-02b,C_free,6.2,775.0,B2_BCC[ordered],0.08020622529908607,1170.0
mpea-02b,C_free,6.2,800.0,A1_FCC,0.9276485554428142,1170.0
mpea-02b,C_free,6.2,800.0,B2_BCC[ordered],0.07235144455016598,1170.0
mpea-02b,C_free,6.2,825.0,A1_FCC,0.9357052403409285,1170.0
mpea-02b,C_free,6.2,825.0,B2_BCC[ordered],0.06429476053513898,1170.0
mpea-02b,C_free,6.2,850.0,A1_FCC,0.9439470895991943,1170.0
mpea-02b,C_free,6.2,850.0,B2_BCC[ordered],0.05605291060227094,1170.0
mpea-02b,C_free,6.2,875.0,A1_FCC,0.9523592157014851,1170.0
mpea-02b,C_free,6.2,875.0,B2_BCC[ordered],0.04764078432911689,1170.0
mpea-02b,C_free,6.2,900.0,A1_FCC,0.9609284153167714,1170.0
mpea-02b,C_free,6.2,900.0,B2_BCC[ordered],0.03907158468682259,1170.0
mpea-02b,C_free,6.2,925.0,B2_BCC[ordered],0.030357002090362222,1170.0
mpea-02b,C_free,6.2,925.0,A1_FCC,0.969642997904468,1170.0
mpea-02b,C_free,6.2,950.0,A1_FCC,0.9784927191327609,1170.0
mpea-02b,C_free,6.2,950.0,B2_BCC[ordered],0.021507280882789172,1170.0
mpea-02b,C_free,6.6,1000.0,A1_FCC,0.9840897255424887,1180.0
mpea-02b,C_free,6.6,1000.0,B2_BCC[ordered],0.015910274458066188,1180.0
mpea-02b,C_free,6.6,1010.0,A1_FCC,0.9873581176814356,1180.0
mpea-02b,C_free,6.6,1010.0,B2_BCC[ordered],0.012641882294793285,1180.0
mpea-02b,C_free,6.6,1020.0,A1_FCC,0.990571281586251,1180.0
mpea-02b,C_free,6.6,1020.0,B2_BCC[ordered],0.009428718404805535,1180.0
mpea-02b,C_free,6.6,1030.0,A1_FCC,0.9937028101794236,1180.0
mpea-02b,C_free,6.6,1030.0,B2_BCC[ordered],0.006297189828658197,1180.0
mpea-02b,C_free,6.6,1040.0,A1_FCC,0.9967094505665347,1180.0
mpea-02b,C_free,6.6,1040.0,B2_BCC[ordered],0.0032905494334613166,1180.0
mpea-02b,C_free,6.6,1050.0,A1_FCC,0.9995116561998446,1180.0
mpea-02b,C_free,6.6,1050.0,B2_BCC[ordered],0.0004883437971319393,1180.0
mpea-02b,C_free,6.6,1060.0,A1_FCC,0.9999999999940791,1180.0
mpea-02b,C_free,6.6,1070.0,A1_FCC,0.9318189165968119,1180.0
mpea-02b,C_free,6.6,1070.0,B2_BCC[A2],0.06818108337622046,1180.0
mpea-02b,C_free,6.6,1080.0,A1_FCC,0.8628236623347653,1180.0
mpea-02b,C_free,6.6,1080.0,B2_BCC[A2],0.13717633771588725,1180.0
mpea-02b,C_free,6.6,1090.0,A1_FCC,0.790314569906751,1180.0
mpea-02b,C_free,6.6,1090.0,B2_BCC[A2],0.20968543013819532,1180.0
mpea-02b,C_free,6.6,1100.0,A1_FCC,0.7139612586075723,1180.0
mpea-02b,C_free,6.6,1100.0,B2_BCC[A2],0.28603874133283785,1180.0
mpea-02b,C_free,6.6,1110.0,A1_FCC,0.6333988061992659,1180.0
mpea-02b,C_free,6.6,1110.0,B2_BCC[A2],0.3666011938214463,1180.0
mpea-02b,C_free,6.6,1120.0,A1_FCC,0.5482245783346805,1180.0
mpea-02b,C_free,6.6,1120.0,B2_BCC[A2],0.45177542170669605,1180.0
mpea-02b,C_free,6.6,1130.0,A1_FCC,0.45799516087854875,1180.0
mpea-02b,C_free,6.6,1130.0,B2_BCC[A2],0.5420048393018672,1180.0
mpea-02b,C_free,6.6,1140.0,A1_FCC,0.36222389852901543,1180.0
mpea-02b,C_free,6.6,1140.0,B2_BCC[A2],0.6377761014035945,1180.0
mpea-02b,C_free,6.6,1150.0,A1_FCC,0.2603807179358254,1180.0
mpea-02b,C_free,6.6,1150.0,B2_BCC[A2],0.7396192820255214,1180.0
mpea-02b,C_free,6.6,1160.0,A1_FCC,0.15190232230874284,1180.0
mpea-02b,C_free,6.6,1160.0,B2_BCC[A2],0.8480976776559016,1180.0
mpea-02b,C_free,6.6,1170.0,A1_FCC,0.03628368061357754,1180.0
mpea-02b,C_free,6.6,1170.0,B2_BCC[A2],0.9637163194737209,1180.0
mpea-02b,C_free,6.6,1180.0,B2_BCC[A2],1.000000000005633,1180.0
mpea-02b,C_free,6.6,1190.0,B2_BCC[A2],1.0000000000233247,1180.0
mpea-02b,C_free,6.6,1200.0,B2_BCC[A2],0.9999999999521291,1180.0
mpea-02b,C_free,6.6,1210.0,B2_BCC[A2],1.0000000000164184,1180.0
mpea-02b,C_free,6.6,1220.0,B2_BCC[A2],0.9999999999810961,1180.0
mpea-02b,C_free,6.6,1230.0,B2_BCC[A2],0.9999999999944812,1180.0
mpea-02b,C_free,6.6,1240.0,B2_BCC[A2],0.9999999999906497,1180.0
mpea-02b,C_free,6.6,1250.0,B2_BCC[A2],1.0000000000083422,1180.0
mpea-02b,C_free,6.6,1260.0,B2_BCC[A2],1.00000000002582,1180.0
mpea-02b,C_free,6.6,1270.0,B2_BCC[A2],0.9999999999677084,1180.0
mpea-02b,C_free,6.6,1280.0,B2_BCC[A2],0.9999999999972167,1180.0
mpea-02b,C_free,6.6,1290.0,B2_BCC[A2],0.9999999999994876,1180.0
mpea-02b,C_free,6.6,1300.0,B2_BCC[A2],0.999999999980766,1180.0
mpea-02b,C_free,6.6,1310.0,B2_BCC[A2],1.0000000000333293,1180.0
mpea-02b,C_free,6.6,1320.0,B2_BCC[A2],0.9999999999869418,1180.0
mpea-02b,C_free,6.6,1330.0,B2_BCC[A2],1.000000000019202,1180.0
mpea-02b,C_free,6.6,1340.0,B2_BCC[A2],0.9999999999870736,1180.0
mpea-02b,C_free,6.6,1350.0,B2_BCC[A2],1.0000000000456357,1180.0
mpea-02b,C_free,6.6,1360.0,B2_BCC[A2],0.9999999999807629,1180.0
mpea-02b,C_free,6.6,1370.0,B2_BCC[A2],1.000000000010475,1180.0
mpea-02b,C_free,6.6,1380.0,B2_BCC[A2],1.0000000000232852,1180.0
mpea-02b,C_free,6.6,1390.0,B2_BCC[A2],1.000000000030166,1180.0
mpea-02b,C_free,6.6,1400.0,B2_BCC[A2],0.9999999999534985,1180.0
mpea-02b,C_free,6.6,400.0,A1_FCC,0.7919579460951984,1180.0
mpea-02b,C_free,6.6,400.0,B2_BCC[ordered],0.1669716906752522,1180.0
mpea-02b,C_free,6.6,400.0,CUB_A13,0.041070363205740236,1180.0
mpea-02b,C_free,6.6,425.0,A1_FCC,0.8346963485857107,1180.0
mpea-02b,C_free,6.6,425.0,B2_BCC[ordered],0.16530365140128225,1180.0
mpea-02b,C_free,6.6,450.0,A1_FCC,0.8373782992733043,1180.0
mpea-02b,C_free,6.6,450.0,B2_BCC[ordered],0.16262170070077148,1180.0
mpea-02b,C_free,6.6,475.0,A1_FCC,0.8405406627851693,1180.0
mpea-02b,C_free,6.6,475.0,B2_BCC[ordered],0.1594593371952395,1180.0
mpea-02b,C_free,6.6,500.0,B2_BCC[ordered],0.1558176216855752,1180.0
mpea-02b,C_free,6.6,500.0,A1_FCC,0.8441823783095087,1180.0
mpea-02b,C_free,6.6,525.0,A1_FCC,0.8482953891714873,1180.0
mpea-02b,C_free,6.6,525.0,B2_BCC[ordered],0.1517046108310856,1180.0
mpea-02b,C_free,6.6,550.0,A1_FCC,0.8528653696415903,1180.0
mpea-02b,C_free,6.6,550.0,B2_BCC[ordered],0.14713463033965066,1180.0
mpea-02b,C_free,6.6,575.0,A1_FCC,0.8578727072606314,1180.0
mpea-02b,C_free,6.6,575.0,B2_BCC[ordered],0.1421272927547934,1180.0
mpea-02b,C_free,6.6,600.0,A1_FCC,0.8632936496892579,1180.0
mpea-02b,C_free,6.6,600.0,B2_BCC[ordered],0.1367063503380208,1180.0
mpea-02b,C_free,6.6,625.0,A1_FCC,0.8691015137266971,1180.0
mpea-02b,C_free,6.6,625.0,B2_BCC[ordered],0.13089848626422537,1180.0
mpea-02b,C_free,6.6,650.0,A1_FCC,0.8752678544875682,1180.0
mpea-02b,C_free,6.6,650.0,B2_BCC[ordered],0.1247321455073129,1180.0
mpea-02b,C_free,6.6,675.0,A1_FCC,0.8817635124438726,1180.0
mpea-02b,C_free,6.6,675.0,B2_BCC[ordered],0.11823648755433493,1180.0
mpea-02b,C_free,6.6,700.0,A1_FCC,0.8885594789815764,1180.0
mpea-02b,C_free,6.6,700.0,B2_BCC[ordered],0.1114405210258947,1180.0
mpea-02b,C_free,6.6,725.0,A1_FCC,0.8956275471866922,1180.0
mpea-02b,C_free,6.6,725.0,B2_BCC[ordered],0.10437245281710664,1180.0
mpea-02b,C_free,6.6,750.0,A1_FCC,0.9029407380219686,1180.0
mpea-02b,C_free,6.6,750.0,B2_BCC[ordered],0.09705926197630868,1180.0
mpea-02b,C_free,6.6,775.0,A1_FCC,0.9104735035097493,1180.0
mpea-02b,C_free,6.6,775.0,B2_BCC[ordered],0.08952649650080104,1180.0
mpea-02b,C_free,6.6,800.0,A1_FCC,0.91820171450621,1180.0
mpea-02b,C_free,6.6,800.0,B2_BCC[ordered],0.0817982854848522,1180.0
mpea-02b,C_free,6.6,825.0,A1_FCC,0.9261024331643486,1180.0
mpea-02b,C_free,6.6,825.0,B2_BCC[ordered],0.07389756830055486,1180.0
mpea-02b,C_free,6.6,850.0,A1_FCC,0.9341534408466818,1180.0
mpea-02b,C_free,6.6,850.0,B2_BCC[ordered],0.06584655949963746,1180.0
mpea-02b,C_free,6.6,875.0,A1_FCC,0.9999999999499809,1180.0
mpea-02b,C_free,6.6,900.0,A1_FCC,0.9506159159881369,1180.0
mpea-02b,C_free,6.6,900.0,B2_BCC[ordered],0.04938408401893468,1180.0
mpea-02b,C_free,6.6,925.0,A1_FCC,0.9589767849717203,1180.0
mpea-02b,C_free,6.6,925.0,B2_BCC[ordered],0.041023215030209344,1180.0
mpea-02b,C_free,6.6,950.0,B2_BCC[ordered],0.032619160132032456,1180.0
mpea-02b,C_free,6.6,950.0,A1_FCC,0.9673808398631225,1180.0
mpea-02b,C_free,7.0,1000.0,A1_FCC,0.9724166224185936,1180.0
mpea-02b,C_free,7.0,1000.0,B2_BCC[ordered],0.027583377577415205,1180.0
mpea-02b,C_free,7.0,1010.0,B2_BCC[ordered],0.024611943545351973,1180.0
mpea-02b,C_free,7.0,1010.0,A1_FCC,0.9753880564640274,1180.0
mpea-02b,C_free,7.0,1020.0,A1_FCC,0.9782620676600858,1180.0
mpea-02b,C_free,7.0,1020.0,B2_BCC[ordered],0.02173793234305792,1180.0
mpea-02b,C_free,7.0,1030.0,B2_BCC[ordered],0.018999105590217086,1180.0
mpea-02b,C_free,7.0,1030.0,A1_FCC,0.9810008943942702,1180.0
mpea-02b,C_free,7.0,1040.0,B2_BCC[ordered],0.01645521885474874,1180.0
mpea-02b,C_free,7.0,1040.0,A1_FCC,0.9835447811631643,1180.0
mpea-02b,C_free,7.0,1050.0,B2_BCC[ordered],0.01421039212809652,1180.0
mpea-02b,C_free,7.0,1050.0,A1_FCC,0.9857896078598334,1180.0
mpea-02b,C_free,7.0,1060.0,B2_BCC[ordered],0.012476480055289566,1180.0
mpea-02b,C_free,7.0,1060.0,A1_FCC,0.9875235199415998,1180.0
mpea-02b,C_free,7.0,1070.0,B2_BCC[ordered],0.011842315958748578,1180.0
mpea-02b,C_free,7.0,1070.0,A1_FCC,0.9881576840847323,1180.0
mpea-02b,C_free,7.0,1080.0,A1_FCC,0.8980561417728313,1180.0
mpea-02b,C_free,7.0,1080.0,B2_BCC[A2],0.10194385823187167,1180.0
mpea-02b,C_free,7.0,1090.0,A1_FCC,0.8266719431826426,1180.0
mpea-02b,C_free,7.0,1090.0,B2_BCC[A2],0.17332805687341027,1180.0
mpea-02b,C_free,7.0,1100.0,A1_FCC,0.7515418661675047,1180.0
mpea-02b,C_free,7.0,1100.0,B2_BCC[A2],0.2484581338020379,1180.0
mpea-02b,C_free,7.0,1110.0,A1_FCC,0.6723130111620451,1180.0
mpea-02b,C_free,7.0,1110.0,B2_BCC[A2],0.32768698888194026,1180.0
mpea-02b,C_free,7.0,1120.0,A1_FCC,0.5885960572856271,1180.0
mpea-02b,C_free,7.0,1120.0,B2_BCC[A2],0.41140394273629793,1180.0
mpea-02b,C_free,7.0,1130.0,A1_FCC,0.4999622214648395,1180.0
mpea-02b,C_free,7.0,1130.0,B2_BCC[A2],0.5000377785799694,1180.0
mpea-02b,C_free,7.0,1140.0,A1_FCC,0.40594057665421585,1180.0
mpea-02b,C_free,7.0,1140.0,B2_BCC[A2],0.5940594233019659,1180.0
mpea-02b,C_free,7.0,1150.0,A1_FCC,0.30601668405500315,1180.0
mpea-02b,C_free,7.0,1150.0,B2_BCC[A2],0.6939833159341696,1180.0
mpea-02b,C_free,7.0,1160.0,A1_FCC,0.19963637561933564,1180.0
mpea-02b,C_free,7.0,1160.0,B2_BCC[A2],0.8003636244305893,1180.0
mpea-02b,C_free,7.0,1170.0,A1_FCC,0.08623906078523552,1180.0
mpea-02b,C_free,7.0,1170.0,B2_BCC[A2],0.9137609391948533,1180.0
mpea-02b,C_free,7.0,1180.0,B2_BCC[A2],1.0000000000243667,1180.0
mpea-02b,C_free,7.0,1190.0,B2_BCC[A2],0.9999999999793806,1180.0
mpea-02b,C_free,7.0,1200.0,B2_BCC[A2],0.9999999999832385,1180.0
mpea-02b,C_free,7.0,1210.0,B2_BCC[A2],0.9999999999870202,1180.0
mpea-02b,C_free,7.0,1220.0,B2_BCC[A2],1.000000000006566,1180.0
mpea-02b,C_free,7.0,1230.0,B2_BCC[A2],1.0000000000142093,1180.0
mpea-02b,C_free,7.0,1240.0,B2_BCC[A2],0.9999999999557452,1180.0
mpea-02b,C_free,7.0,1250.0,B2_BCC[A2],1.0000000000106968,1180.0
mpea-02b,C_free,7.0,1260.0,B2_BCC[A2],0.9999999999949593,1180.0
mpea-02b,C_free,7.0,1270.0,B2_BCC[A2],0.9999999999965027,1180.0
mpea-02b,C_free,7.0,1280.0,B2_BCC[A2],0.9999999999788199,1180.0
mpea-02b,C_free,7.0,1290.0,B2_BCC[A2],1.0000000000166775,1180.0
mpea-02b,C_free,7.0,1300.0,B2_BCC[A2],0.9999999999604736,1180.0
mpea-02b,C_free,7.0,1310.0,B2_BCC[A2],0.9999999999872365,1180.0
mpea-02b,C_free,7.0,1320.0,B2_BCC[A2],0.9999999999432163,1180.0
mpea-02b,C_free,7.0,1330.0,B2_BCC[A2],1.0000000000127525,1180.0
mpea-02b,C_free,7.0,1340.0,B2_BCC[A2],1.0000000000122329,1180.0
mpea-02b,C_free,7.0,1350.0,B2_BCC[A2],1.0000000000146079,1180.0
mpea-02b,C_free,7.0,1360.0,B2_BCC[A2],1.00000000003239,1180.0
mpea-02b,C_free,7.0,1370.0,B2_BCC[A2],1.0000000000071967,1180.0
mpea-02b,C_free,7.0,1380.0,B2_BCC[A2],1.0000000000554576,1180.0
mpea-02b,C_free,7.0,1390.0,B2_BCC[A2],1.0000000000052944,1180.0
mpea-02b,C_free,7.0,1400.0,B2_BCC[A2],0.999999999967054,1180.0
mpea-02b,C_free,7.0,400.0,A1_FCC,0.8140448662130645,1180.0
mpea-02b,C_free,7.0,400.0,B2_BCC[ordered],0.17622342221197118,1180.0
mpea-02b,C_free,7.0,400.0,CUB_A13,0.009731711619960264,1180.0
mpea-02b,C_free,7.0,425.0,A1_FCC,0.8258510666962184,1180.0
mpea-02b,C_free,7.0,425.0,B2_BCC[ordered],0.17414893328256775,1180.0
mpea-02b,C_free,7.0,450.0,A1_FCC,0.8285361592091736,1180.0
mpea-02b,C_free,7.0,450.0,B2_BCC[ordered],0.1714638407673035,1180.0
mpea-02b,C_free,7.0,475.0,B2_BCC[ordered],0.16829382728120018,1180.0
mpea-02b,C_free,7.0,475.0,A1_FCC,0.8317061727285857,1180.0
mpea-02b,C_free,7.0,500.0,B2_BCC[ordered],0.1646413690157683,1180.0
mpea-02b,C_free,7.0,500.0,A1_FCC,0.8353586309990351,1180.0
mpea-02b,C_free,7.0,525.0,A1_FCC,0.8394837854212689,1180.0
mpea-02b,C_free,7.0,525.0,B2_BCC[ordered],0.1605162145716669,1180.0
mpea-02b,C_free,7.0,550.0,A1_FCC,0.8440654032533151,1180.0
mpea-02b,C_free,7.0,550.0,B2_BCC[ordered],0.15593459675241494,1180.0
mpea-02b,C_free,7.0,575.0,A1_FCC,0.8490818208222295,1180.0
mpea-02b,C_free,7.0,575.0,B2_BCC[ordered],0.15091817916275713,1180.0
mpea-02b,C_free,7.0,600.0,A1_FCC,0.8545071613062293,1180.0
mpea-02b,C_free,7.0,600.0,B2_BCC[ordered],0.1454928386785892,1180.0
mpea-02b,C_free,7.0,625.0,A1_FCC,0.8603126015734146,1180.0
mpea-02b,C_free,7.0,625.0,B2_BCC[ordered],0.1396873984358655,1180.0
mpea-02b,C_free,7.0,650.0,A1_FCC,0.8664675798476335,1180.0
mpea-02b,C_free,7.0,650.0,B2_BCC[ordered],0.1335324201639716,1180.0
mpea-02b,C_free,7.0,675.0,A1_FCC,0.8729408542743068,1180.0
mpea-02b,C_free,7.0,675.0,B2_BCC[ordered],0.1270591457703751,1180.0
mpea-02b,C_free,7.0,700.0,A1_FCC,0.879701350926163,1180.0
mpea-02b,C_free,7.0,700.0,B2_BCC[ordered],0.12029864907700047,1180.0
mpea-02b,C_free,7.0,725.0,A1_FCC,0.8867187675443619,1180.0
mpea-02b,C_free,7.0,725.0,B2_BCC[ordered],0.11328123243905684,1180.0
mpea-02b,C_free,7.0,750.0,A1_FCC,0.8939639207481552,1180.0
mpea-02b,C_free,7.0,750.0,B2_BCC[ordered],0.1060360792245226,1180.0
mpea-02b,C_free,7.0,775.0,A1_FCC,0.9014088359142401,1180.0
mpea-02b,C_free,7.0,775.0,B2_BCC[ordered],0.09859116409818353,1180.0
mpea-02b,C_free,7.0,800.0,A1_FCC,0.9090265793724353,1180.0
mpea-02b,C_free,7.0,800.0,B2_BCC[ordered],0.09097342060929835,1180.0
mpea-02b,C_free,7.0,825.0,A1_FCC,0.9167908154618105,1180.0
mpea-02b,C_free,7.0,825.0,B2_BCC[ordered],0.08320918454458319,1180.0
mpea-02b,C_free,7.0,850.0,B2_BCC[ordered],0.07532496682928529,1180.0
mpea-02b,C_free,7.0,850.0,A1_FCC,0.9246750337569786,1180.0
mpea-02b,C_free,7.0,875.0,A1_FCC,0.9326513190979122,1180.0
mpea-02b,C_free,7.0,875.0,B2_BCC[ordered],0.06734868103053195,1180.0
mpea-02b,C_free,7.0,900.0,A1_FCC,0.9406883977303371,1180.0
mpea-02b,C_free,7.0,900.0,B2_BCC[ordered],0.05931160229768575,1180.0
mpea-02b,C_free,7.0,925.0,A1_FCC,0.9999999999399848,1180.0
mpea-02b,C_free,7.0,950.0,B2_BCC[ordered],0.0432190769266914,1180.0
mpea-02b,C_free,7.0,950.0,A1_FCC,0.9567809230698856,1180.0
mpea-02b,C_free,7.4,1000.0,A1_FCC,0.9613843481331459,1190.0
mpea-02b,C_free,7.4,1000.0,B2_BCC[ordered],0.0386156518481884,1190.0
mpea-02b,C_free,7.4,1010.0,B2_BCC[ordered],0.03587104482950399,1190.0
mpea-02b,C_free,7.4,1010.0,A1_FCC,0.9641289551749826,1190.0
mpea-02b,C_free,7.4,1020.0,B2_BCC[ordered],0.0332468977233909,1190.0
mpea-02b,C_free,7.4,1020.0,A1_FCC,0.966753102279748,1190.0
mpea-02b,C_free,7.4,1030.0,B2_BCC[ordered],0.030783143455488955,1190.0
mpea-02b,C_free,7.4,1030.0,A1_FCC,0.96921685653207,1190.0
mpea-02b,C_free,7.4,1040.0,A1_FCC,0.9714602946477183,1190.0
mpea-02b,C_free,7.4,1040.0,B2_BCC[ordered],0.02853970535746364,1190.0
mpea-02b,C_free,7.4,1050.0,A1_FCC,0.9733869176034385,1190.0
mpea-02b,C_free,7.4,1050.0,B2_BCC[ordered],0.026613082362930664,1190.0
mpea-02b,C_free,7.4,1060.0,A1_FCC,0.9748245137629808,1190.0
mpea-02b,C_free,7.4,1060.0,B2_BCC[ordered],0.025175486207258638,1190.0
mpea-02b,C_free,7.4,1070.0,A1_FCC,0.9754097989251939,1190.0
mpea-02b,C_free,7.4,1070.0,B2_BCC[ordered],0.024590201095369302,1190.0
mpea-02b,C_free,7.4,1080.0,A1_FCC,0.9740636918291347,1190.0
mpea-02b,C_free,7.4,1080.0,B2_BCC[ordered],0.025936308164401473,1190.0
mpea-02b,C_free,7.4,1090.0,A1_FCC,0.8618746609187915,1190.0
mpea-02b,C_free,7.4,1090.0,B2_BCC[A2],0.13812533915877112,1190.0
mpea-02b,C_free,7.4,1100.0,A1_FCC,0.7879428186484624,1190.0
mpea-02b,C_free,7.4,1100.0,B2_BCC[A2],0.21205718144230193,1190.0
mpea-02b,C_free,7.4,1110.0,B2_BCC[A2],0.28998370710611104,1190.0
mpea-02b,C_free,7.4,1110.0,A1_FCC,0.7100162928675293,1190.0
mpea-02b,C_free,7.4,1120.0,A1_FCC,0.6277184593632431,1190.0
mpea-02b,C_free,7.4,1120.0,B2_BCC[A2],0.3722815406472999,1190.0
mpea-02b,C_free,7.4,1130.0,A1_FCC,0.540634522202528,1190.0
mpea-02b,C_free,7.4,1130.0,B2_BCC[A2],0.45936547768836433,1190.0
mpea-02b,C_free,7.4,1140.0,A1_FCC,0.44830875286496463,1190.0
mpea-02b,C_free,7.4,1140.0,B2_BCC[A2],0.551691247123453,1190.0
mpea-02b,C_free,7.4,1150.0,A1_FCC,0.35024253625576107,1190.0
mpea-02b,C_free,7.4,1150.0,B2_BCC[A2],0.64975746371962,1190.0
mpea-02b,C_free,7.4,1160.0,A1_FCC,0.24589523433908864,1190.0
mpea-02b,C_free,7.4,1160.0,B2_BCC[A2],0.7541047656278081,1190.0
mpea-02b,C_free,7.4,1170.0,A1_FCC,0.1346979748837246,1190.0
mpea-02b,C_free,7.4,1170.0,B2_BCC[A2],0.8653020251810156,1190.0
mpea-02b,C_free,7.4,1180.0,A1_FCC,0.016181632208161593,1190.0
mpea-02b,C_free,7.4,1180.0,B2_BCC[A2],0.9838183677916604,1190.0
mpea-02b,C_free,7.4,1190.0,B2_BCC[A2],1.0000000000304827,1190.0
mpea-02b,C_free,7.4,1200.0,B2_BCC[A2],1.0000000000055083,1190.0
mpea-02b,C_free,7.4,1210.0,B2_BCC[A2],0.9999999999748481,1190.0
mpea-02b,C_free,7.4,1220.0,B2_BCC[A2],0.9999999999938969,1190.0
mpea-02b,C_free,7.4,1230.0,B2_BCC[A2],0.9999999999943284,1190.0
mpea-02b,C_free,7.4,1240.0,B2_BCC[A2],1.0000000000004465,1190.0
mpea-02b,C_free,7.4,1250.0,B2_BCC[A2],1.000000000013774,1190.0
mpea-02b,C_free,7.4,1260.0,B2_BCC[A2],0.999999999983608,1190.0
mpea-02b,C_free,7.4,1270.0,B2_BCC[A2],1.0000000000397644,1190.0
mpea-02b,C_free,7.4,1280.0,B2_BCC[A2],0.9999999999726769,1190.0
mpea-02b,C_free,7.4,1290.0,B2_BCC[A2],0.9999999999973638,1190.0
mpea-02b,C_free,7.4,1300.0,B2_BCC[A2],0.999999999906542,1190.0
mpea-02b,C_free,7.4,1310.0,B2_BCC[A2],1.0000000000030647,1190.0
mpea-02b,C_free,7.4,1320.0,B2_BCC[A2],0.9999999999989855,1190.0
mpea-02b,C_free,7.4,1330.0,B2_BCC[A2],0.9999999999702655,1190.0
mpea-02b,C_free,7.4,1340.0,B2_BCC[A2],0.9999999999821385,1190.0
mpea-02b,C_free,7.4,1350.0,B2_BCC[A2],1.0000000000041471,1190.0
mpea-02b,C_free,7.4,1360.0,B2_BCC[A2],0.9999999999526941,1190.0
mpea-02b,C_free,7.4,1370.0,B2_BCC[A2],1.0000000000207647,1190.0
mpea-02b,C_free,7.4,1380.0,B2_BCC[A2],0.9999999999481439,1190.0
mpea-02b,C_free,7.4,1390.0,B2_BCC[A2],1.0000000000241502,1190.0
mpea-02b,C_free,7.4,1400.0,B2_BCC[A2],0.9999999999237916,1190.0
mpea-02b,C_free,7.4,400.0,A1_FCC,0.81494006758236,1190.0
mpea-02b,C_free,7.4,400.0,B2_BCC[ordered],0.18505993239546947,1190.0
mpea-02b,C_free,7.4,425.0,A1_FCC,0.8171470474800533,1190.0
mpea-02b,C_free,7.4,425.0,B2_BCC[ordered],0.18285295253146905,1190.0
mpea-02b,C_free,7.4,450.0,A1_FCC,0.819839643035091,1190.0
mpea-02b,C_free,7.4,450.0,B2_BCC[ordered],0.1801603569608897,1190.0
mpea-02b,C_free,7.4,475.0,A1_FCC,0.8230219811510074,1190.0
mpea-02b,C_free,7.4,475.0,B2_BCC[ordered],0.1769780188560711,1190.0
mpea-02b,C_free,7.4,500.0,A1_FCC,0.826690139387721,1190.0
mpea-02b,C_free,7.4,500.0,B2_BCC[ordered],0.17330986061087547,1190.0
mpea-02b,C_free,7.4,525.0,A1_FCC,0.8308326468863205,1190.0
mpea-02b,C_free,7.4,525.0,B2_BCC[ordered],0.1691673531130256,1190.0
mpea-02b,C_free,7.4,550.0,A1_FCC,0.8354313417564218,1190.0
mpea-02b,C_free,7.4,550.0,B2_BCC[ordered],0.1645686582406169,1190.0
mpea-02b,C_free,7.4,575.0,B2_BCC[ordered],0.15953749591791622,1190.0
mpea-02b,C_free,7.4,575.0,A1_FCC,0.8404625040567122,1190.0
mpea-02b,C_free,7.4,600.0,A1_FCC,0.8458981515843766,1190.0
mpea-02b,C_free,7.4,600.0,B2_BCC[ordered],0.15410184841927374,1190.0
mpea-02b,C_free,7.4,625.0,A1_FCC,0.8517073715156083,1190.0
mpea-02b,C_free,7.4,625.0,B2_BCC[ordered],0.14829262846689376,1190.0
mpea-02b,C_free,7.4,650.0,B2_BCC[ordered],0.1421424289901133,1190.0
mpea-02b,C_free,7.4,650.0,A1_FCC,0.8578575709952285,1190.0
mpea-02b,C_free,7.4,675.0,A1_FCC,0.8643155514962575,1190.0
mpea-02b,C_free,7.4,675.0,B2_BCC[ordered],0.13568444849191297,1190.0
mpea-02b,C_free,7.4,700.0,A1_FCC,0.8710483446902103,1190.0
mpea-02b,C_free,7.4,700.0,B2_BCC[ordered],0.12895165528976552,1190.0
mpea-02b,C_free,7.4,725.0,A1_FCC,0.8780237755154289,1190.0
mpea-02b,C_free,7.4,725.0,B2_BCC[ordered],0.12197622447422166,1190.0
mpea-02b,C_free,7.4,750.0,A1_FCC,0.8852107423532184,1190.0
mpea-02b,C_free,7.4,750.0,B2_BCC[ordered],0.11478925764186797,1190.0
mpea-02b,C_free,7.4,775.0,A1_FCC,0.892579212942486,1190.0
mpea-02b,C_free,7.4,775.0,B2_BCC[ordered],0.10742078705074182,1190.0
mpea-02b,C_free,7.4,800.0,A1_FCC,0.9000999315771727,1190.0
mpea-02b,C_free,7.4,800.0,B2_BCC[ordered],0.09990006842489998,1190.0
mpea-02b,C_free,7.4,825.0,A1_FCC,0.9077438115360665,1190.0
mpea-02b,C_free,7.4,825.0,B2_BCC[ordered],0.09225618846055081,1190.0
mpea-02b,C_free,7.4,850.0,A1_FCC,0.9154809414796862,1190.0
mpea-02b,C_free,7.4,850.0,B2_BCC[ordered],0.0845190594336319,1190.0
mpea-02b,C_free,7.4,875.0,A1_FCC,0.9232790450411715,1190.0
mpea-02b,C_free,7.4,875.0,B2_BCC[ordered],0.07672095517932258,1190.0
mpea-02b,C_free,7.4,900.0,A1_FCC,0.9311010787854233,1190.0
mpea-02b,C_free,7.4,900.0,B2_BCC[ordered],0.06889892123864638,1190.0
mpea-02b,C_free,7.4,925.0,A1_FCC,0.9999999999642316,1190.0
mpea-02b,C_free,7.4,950.0,A1_FCC,0.9466183025686371,1190.0
mpea-02b,C_free,7.4,950.0,B2_BCC[ordered],0.05338169743034258,1190.0
mpea-02b,C_free,7.8,1000.0,A1_FCC,0.9508781725827046,1190.0
mpea-02b,C_free,7.8,1000.0,B2_BCC[ordered],0.04912182742856941,1190.0
mpea-02b,C_free,7.8,1010.0,A1_FCC,0.9534425205925032,1190.0
mpea-02b,C_free,7.8,1010.0,B2_BCC[ordered],0.04655747940906576,1190.0
mpea-02b,C_free,7.8,1020.0,A1_FCC,0.9558731499219113,1190.0
mpea-02b,C_free,7.8,1020.0,B2_BCC[ordered],0.04412685008199975,1190.0
mpea-02b,C_free,7.8,1030.0,A1_FCC,0.9581310030966228,1190.0
mpea-02b,C_free,7.8,1030.0,B2_BCC[ordered],0.041868996924580286,1190.0
mpea-02b,C_free,7.8,1040.0,A1_FCC,0.9601599294203419,1190.0
mpea-02b,C_free,7.8,1040.0,B2_BCC[ordered],0.03984007057438127,1190.0
mpea-02b,C_free,7.8,1050.0,A1_FCC,0.9618747142110115,1190.0
mpea-02b,C_free,7.8,1050.0,B2_BCC[ordered],0.03812528579760255,1190.0
mpea-02b,C_free,7.8,1060.0,A1_FCC,0.9631361093586865,1190.0
mpea-02b,C_free,7.8,1060.0,B2_BCC[ordered],0.03686389062861367,1190.0
mpea-02b,C_free,7.8,1070.0,B2_BCC[ordered],0.03630951255046632,1190.0
mpea-02b,C_free,7.8,1070.0,A1_FCC,0.9636904874611896,1190.0
mpea-02b,C_free,7.8,1080.0,B2_BCC[ordered],0.03701453768069619,1190.0
mpea-02b,C_free,7.8,1080.0,A1_FCC,0.96298546229927,1190.0
mpea-02b,C_free,7.8,1090.0,A1_FCC,0.9592700864230207,1190.0
mpea-02b,C_free,7.8,1090.0,B2_BCC[ordered],0.04072991355814011,1190.0
mpea-02b,C_free,7.8,1100.0,A1_FCC,0.8232108652906623,1190.0
mpea-02b,C_free,7.8,1100.0,B2_BCC[A2],0.17678913472123664,1190.0
mpea-02b,C_free,7.8,1110.0,A1_FCC,0.7465565901975217,1190.0
mpea-02b,C_free,7.8,1110.0,B2_BCC[A2],0.2534434097555532,1190.0
mpea-02b,C_free,7.8,1120.0,A1_FCC,0.665641308115828,1190.0
mpea-02b,C_free,7.8,1120.0,B2_BCC[A2],0.3343586918377236,1190.0
mpea-02b,C_free,7.8,1130.0,B2_BCC[A2],0.4199364310833575,1190.0
mpea-02b,C_free,7.8,1130.0,A1_FCC,0.5800635688166208,1190.0
mpea-02b,C_free,7.8,1140.0,A1_FCC,0.48938222906096074,1190.0
mpea-02b,C_free,7.8,1140.0,B2_BCC[A2],0.5106177709615088,1190.0
mpea-02b,C_free,7.8,1150.0,A1_FCC,0.39311421083681625,1190.0
mpea-02b,C_free,7.8,1150.0,B2_BCC[A2],0.606885789214953,1190.0
mpea-02b,C_free,7.8,1160.0,A1_FCC,0.2907339375894455,1190.0
mpea-02b,C_free,7.8,1160.0,B2_BCC[A2],0.7092660625248963,1190.0
mpea-02b,C_free,7.8,1170.0,A1_FCC,0.18167921795750797,1190.0
mpea-02b,C_free,7.8,1170.0,B2_BCC[A2],0.8183207819837648,1190.0
mpea-02b,C_free,7.8,1180.0,A1_FCC,0.06539701252591,1190.0
mpea-02b,C_free,7.8,1180.0,B2_BCC[A2],0.9346029874368647,1190.0
mpea-02b,C_free,7.8,1190.0,B2_BCC[A2],1.0000000000045324,1190.0
mpea-02b,C_free,7.8,1200.0,B2_BCC[A2],0.9999999999822423,1190.0
mpea-02b,C_free,7.8,1210.0,B2_BCC[A2],1.0000000000006943,1190.0
mpea-02b,C_free,7.8,1220.0,B2_BCC[A2],0.9999999999824932,1190.0
mpea-02b,C_free,7.8,1230.0,B2_BCC[A2],0.9999999999941984,1190.0
mpea-02b,C_free,7.8,1240.0,B2_BCC[A2],0.9999999999890004,1190.0
mpea-02b,C_free,7.8,1250.0,B2_BCC[A2],1.0000000000128544,1190.0
mpea-02b,C_free,7.8,1260.0,B2_BCC[A2],1.0000000000331957,1190.0
mpea-02b,C_free,7.8,1270.0,B2_BCC[A2],1.0000000000191,1190.0
mpea-02b,C_free,7.8,1280.0,B2_BCC[A2],0.9999999999911965,1190.0
mpea-02b,C_free,7.8,1290.0,B2_BCC[A2],1.0000000000017342,1190.0
mpea-02b,C_free,7.8,1300.0,B2_BCC[A2],1.0000000000272256,1190.0
mpea-02b,C_free,7.8,1310.0,B2_BCC[A2],0.9999999999863552,1190.0
mpea-02b,C_free,7.8,1320.0,B2_BCC[A2],0.9999999999883056,1190.0
mpea-02b,C_free,7.8,1330.0,B2_BCC[A2],0.9999999999625804,1190.0
mpea-02b,C_free,7.8,1340.0,B2_BCC[A2],0.9999999999817396,1190.0
mpea-02b,C_free,7.8,1350.0,B2_BCC[A2],0.999999999957839,1190.0
mpea-02b,C_free,7.8,1360.0,B2_BCC[A2],0.9999999999867112,1190.0
mpea-02b,C_free,7.8,1370.0,B2_BCC[A2],0.9999999999711512,1190.0
mpea-02b,C_free,7.8,1380.0,B2_BCC[A2],0.9999999999916558,1190.0
mpea-02b,C_free,7.8,1390.0,B2_BCC[A2],1.0000000000232994,1190.0
mpea-02b,C_free,7.8,1400.0,B2_BCC[A2],1.0000000000432248,1190.0
mpea-02b,C_free,7.8,400.0,A1_FCC,0.8063640880997316,1190.0
mpea-02b,C_free,7.8,400.0,B2_BCC[ordered],0.19363591188987855,1190.0
mpea-02b,C_free,7.8,425.0,A1_FCC,0.8085765535659462,1190.0
mpea-02b,C_free,7.8,425.0,B2_BCC[ordered],0.1914234464189313,1190.0
mpea-02b,C_free,7.8,450.0,A1_FCC,0.8112808770997332,1190.0
mpea-02b,C_free,7.8,450.0,B2_BCC[ordered],0.1887191229051007,1190.0
mpea-02b,C_free,7.8,475.0,A1_FCC,0.8144800317098375,1190.0
mpea-02b,C_free,7.8,475.0,B2_BCC[ordered],0.185519968281643,1190.0
mpea-02b,C_free,7.8,500.0,A1_FCC,0.8181686090720904,1190.0
mpea-02b,C_free,7.8,500.0,B2_BCC[ordered],0.18183139092076717,1190.0
mpea-02b,C_free,7.8,525.0,A1_FCC,0.8223333763607803,1190.0
mpea-02b,C_free,7.8,525.0,B2_BCC[ordered],0.1776666236353637,1190.0
mpea-02b,C_free,7.8,550.0,A1_FCC,0.8269542115090428,1190.0
mpea-02b,C_free,7.8,550.0,B2_BCC[ordered],0.17304578849272279,1190.0
mpea-02b,C_free,7.8,575.0,A1_FCC,0.8320053244729234,1190.0
mpea-02b,C_free,7.8,575.0,B2_BCC[ordered],0.1679946755432131,1190.0
mpea-02b,C_free,7.8,600.0,A1_FCC,0.8374566379303197,1190.0
mpea-02b,C_free,7.8,600.0,B2_BCC[ordered],0.16254336206607284,1190.0
mpea-02b,C_free,7.8,625.0,B2_BCC[ordered],0.15672481052185133,1190.0
mpea-02b,C_free,7.8,625.0,A1_FCC,0.843275189483976,1190.0
mpea-02b,C_free,7.8,650.0,A1_FCC,0.8494264284520053,1190.0
mpea-02b,C_free,7.8,650.0,B2_BCC[ordered],0.15057357156055273,1190.0
mpea-02b,C_free,7.8,675.0,A1_FCC,0.855875308949207,1190.0
mpea-02b,C_free,7.8,675.0,B2_BCC[ordered],0.14412469107922535,1190.0
mpea-02b,C_free,7.8,700.0,A1_FCC,0.8625871158446438,1190.0
mpea-02b,C_free,7.8,700.0,B2_BCC[ordered],0.13741288413858,1190.0
mpea-02b,C_free,7.8,725.0,B2_BCC[ordered],0.1304720081769817,1190.0
mpea-02b,C_free,7.8,725.0,A1_FCC,0.8695279918222806,1190.0
mpea-02b,C_free,7.8,750.0,A1_FCC,0.8766651578546423,1190.0
mpea-02b,C_free,7.8,750.0,B2_BCC[ordered],0.1233348421296793,1190.0
mpea-02b,C_free,7.8,775.0,B2_BCC[ordered],0.11603317188798888,1190.0
mpea-02b,C_free,7.8,775.0,A1_FCC,0.883966828089074,1190.0
mpea-02b,C_free,7.8,800.0,A1_FCC,0.8914018138901193,1190.0
mpea-02b,C_free,7.8,800.0,B2_BCC[ordered],0.10859818612916432,1190.0
mpea-02b,C_free,7.8,825.0,A1_FCC,0.8989387869791764,1190.0
mpea-02b,C_free,7.8,825.0,B2_BCC[ordered],0.10106121301177248,1190.0
mpea-02b,C_free,7.8,850.0,A1_FCC,0.906545121862625,1190.0
mpea-02b,C_free,7.8,850.0,B2_BCC[ordered],0.09345487956163336,1190.0
mpea-02b,C_free,7.8,875.0,A1_FCC,0.9141851393676486,1190.0
mpea-02b,C_free,7.8,875.0,B2_BCC[ordered],0.08581486098428157,1190.0
mpea-02b,C_free,7.8,900.0,B2_BCC[ordered],0.07818258290971404,1190.0
mpea-02b,C_free,7.8,900.0,A1_FCC,0.9218174171691578,1190.0
mpea-02b,C_free,7.8,925.0,B2_BCC[ordered],0.0706095509359935,1190.0
mpea-02b,C_free,7.8,925.0,A1_FCC,0.9293904490830022,1190.0
mpea-02b,C_free,7.8,950.0,A1_FCC,0.9368352074439551,1190.0
mpea-02b,C_free,7.8,950.0,B2_BCC[ordered],0.06316479254170046,1190.0
