database,series,ni_at,T_C,label,fraction,alpha_solvus_C,solidus_C
mpea-02b,C_measured,4.2,1000.0,A1_FCC,1.0000000000103115,,1300.0
mpea-02b,C_measured,4.2,1010.0,A1_FCC,1.0000000000038258,,1300.0
mpea-02b,C_measured,4.2,1020.0,A1_FCC,0.9999999999936993,,1300.0
mpea-02b,C_measured,4.2,1030.0,A1_FCC,1.0000000000111293,,1300.0
mpea-02b,C_measured,4.2,1040.0,A1_FCC,0.999999999996994,,1300.0
mpea-02b,C_measured,4.2,1050.0,A1_FCC,1.0000000000113192,,1300.0
mpea-02b,C_measured,4.2,1060.0,B2_BCC[A2],0.03679090241072572,,1300.0
mpea-02b,C_measured,4.2,1060.0,A1_FCC,0.9632090975932639,,1300.0
mpea-02b,C_measured,4.2,1070.0,B2_BCC[A2],0.08887207622809196,,1300.0
mpea-02b,C_measured,4.2,1070.0,A1_FCC,0.9111279237368387,,1300.0
mpea-02b,C_measured,4.2,1080.0,A1_FCC,0.8583086242856324,,1300.0
mpea-02b,C_measured,4.2,1080.0,B2_BCC[A2],0.1416913757254712,,1300.0
mpea-02b,C_measured,4.2,1090.0,A1_FCC,0.8049553775862439,,1300.0
mpea-02b,C_measured,4.2,1090.0,B2_BCC[A2],0.19504462240854512,,1300.0
mpea-02b,C_measured,4.2,1100.0,B2_BCC[A2],0.24866314140485332,,1300.0
mpea-02b,C_measured,4.2,1100.0,A1_FCC,0.751336858598009,,1300.0
mpea-02b,C_measured,4.2,1110.0,A1_FCC,0.6977905785599368,,1300.0
mpea-02b,C_measured,4.2,1110.0,B2_BCC[A2],0.3022094214178984,,1300.0
mpea-02b,C_measured,4.2,1120.0,B2_BCC[A2],0.3552792774290405,,1300.0
mpea-02b,C_measured,4.2,1120.0,A1_FCC,0.6447207225709565,,1300.0
mpea-02b,C_measured,4.2,1130.0,A1_FCC,0.5925862521033968,,1300.0
mpea-02b,C_measured,4.2,1130.0,B2_BCC[A2],0.4074137479134324,,1300.0
mpea-02b,C_measured,4.2,1140.0,A1_FCC,0.5418769516931792,,1300.0
mpea-02b,C_measured,4.2,1140.0,B2_BCC[A2],0.45812304829580036,,1300.0
mpea-02b,C_measured,4.2,1150.0,A1_FCC,0.4930777281917993,,1300.0
mpea-02b,C_measured,4.2,1150.0,B2_BCC[A2],0.5069222717779539,,1300.0
mpea-02b,C_measured,4.2,1160.0,A1_FCC,0.44662556601525644,,1300.0
mpea-02b,C_measured,4.2,1160.0,B2_BCC[A2],0.5533744340066337,,1300.0
mpea-02b,C_measured,4.2,1170.0,A1_FCC,0.40286755780538663,,1300.0
mpea-02b,C_measured,4.2,1170.0,B2_BCC[A2],0.5971324422181862,,1300.0
mpea-02b,C_measured,4.2,1180.0,A1_FCC,0.36202993682900264,,1300.0
mpea-02b,C_measured,4.2,1180.0,B2_BCC[A2],0.637970063171595,,1300.0
mpea-02b,C_measured,4.2,1190.0,B2_BCC[A2],0.6757945625715398,,1300.0
mpea-02b,C_measured,4.2,1190.0,A1_FCC,0.32420543744519403,,1300.0
mpea-02b,C_measured,4.2,1200.0,B2_BCC[A2],0.7106395074794442,,1300.0
mpea-02b,C_measured,4.2,1200.0,A1_FCC,0.2893604925412753,,1300.0
mpea-02b,C_measured,4.2,1210.0,A1_FCC,0.25735778932541625,,1300.0
mpea-02b,C_measured,4.2,1210.0,B2_BCC[A2],0.7426422106476075,,1300.0
mpea-02b,C_measured,4.2,1220.0,A1_FCC,0.2279864591244118,,1300.0
mpea-02b,C_measured,4.2,1220.0,B2_BCC[A2],0.7720135408720064,,1300.0
mpea-02b,C_measured,4.2,1230.0,A1_FCC,0.20099244175171768,,1300.0
mpea-02b,C_measured,4.2,1230.0,B2_BCC[A2],0.7990075582349933,,1300.0
mpea-02b,C_measured,4.2,1240.0,A1_FCC,0.17610407395786704,,1300.0
mpea-02b,C_measured,4.2,1240.0,B2_BCC[A2],0.8238959260431566,,1300.0
mpea-02b,C_measured,4.2,1250.0,A1_FCC,0.1530705736089245,,1300.0
mpea-02b,C_measured,4.2,1250.0,B2_BCC[A2],0.8469294263953236,,1300.0
mpea-02b,C_measured,4.2,1260.0,A1_FCC,0.13159592568650763,,1300.0
mpea-02b,C_measured,4.2,1260.0,B2_BCC[A2],0.8684040743101339,,1300.0
mpea-02b,C_measured,4.2,1270.0,A1_FCC,0.11146802594975283,,1300.0
mpea-02b,C_measured,4.2,1270.0,B2_BCC[A2],0.8885319740352877,,1300.0
mpea-02b,C_measured,4.2,1280.0,A1_FCC,0.09247439407342223,,1300.0
mpea-02b,C_measured,4.2,1280.0,B2_BCC[A2],0.9075256059278051,,1300.0
mpea-02b,C_measured,4.2,1290.0,A1_FCC,0.0744243239800552,,1300.0
mpea-02b,C_measured,4.2,1290.0,B2_BCC[A2],0.9255756759884237,,1300.0
mpea-02b,C_measured,4.2,1300.0,LIQUID,0.03705197515931617,,1300.0
mpea-02b,C_measured,4.2,1300.0,B2_BCC[A2],0.9629480248277329,,1300.0
mpea-02b,C_measured,4.2,1310.0,LIQUID,0.05100501525871626,,1300.0
mpea-02b,C_measured,4.2,1310.0,B2_BCC[A2],0.9489949847569304,,1300.0
mpea-02b,C_measured,4.2,1320.0,LIQUID,0.06951151330603685,,1300.0
mpea-02b,C_measured,4.2,1320.0,B2_BCC[A2],0.9304884867332435,,1300.0
mpea-02b,C_measured,4.2,1330.0,LIQUID,0.35830417984411445,,1300.0
mpea-02b,C_measured,4.2,1330.0,A1_FCC,0.6416958201018101,,1300.0
mpea-02b,C_measured,4.2,1340.0,LIQUID,0.6852602757660382,,1300.0
mpea-02b,C_measured,4.2,1340.0,A1_FCC,0.31473972424319807,,1300.0
mpea-02b,C_measured,4.2,1350.0,LIQUID,0.1806920067510959,,1300.0
mpea-02b,C_measured,4.2,1350.0,B2_BCC[A2],0.8193079932580128,,1300.0
mpea-02b,C_measured,4.2,1360.0,LIQUID,0.2550508647575142,,1300.0
mpea-02b,C_measured,4.2,1360.0,B2_BCC[A2],0.7449491353330927,,1300.0
mpea-02b,C_measured,4.2,1370.0,LIQUID,0.3635378790093346,,1300.0
mpea-02b,C_measured,4.2,1370.0,B2_BCC[A2],0.6364621210021417,,1300.0
mpea-02b,C_measured,4.2,1380.0,LIQUID,0.5163416317731346,,1300.0
mpea-02b,C_measured,4.2,1380.0,B2_BCC[A2],0.48365836823660396,,1300.0
mpea-02b,C_measured,4.2,1390.0,LIQUID,0.719804710512119,,1300.0
mpea-02b,C_measured,4.2,1390.0,B2_BCC[A2],0.2801952894433532,,1300.0
mpea-02b,C_measured,4.2,1400.0,LIQUID,0.9999999999917243,,1300.0
mpea-02b,C_measured,4.2,400.0,A1_FCC,0.35920586719678915,,1300.0
mpea-02b,C_measured,4.2,400.0,B2_BCC[A2],0.14566645925102173,,1300.0
mpea-02b,C_measured,4.2,400.0,B2_BCC[ordered],0.1102935334233258,,1300.0
mpea-02b,C_measured,4.2,400.0,CUB_A13,0.3680941598173759,,1300.0
mpea-02b,C_measured,4.2,400.0,M23C6_D84,0.0167399929138694,,1300.0
mpea-02b,C_measured,4.2,425.0,A1_FCC,0.8089556006249232,,1300.0
mpea-02b,C_measured,4.2,425.0,CUB_A13,0.08196397720195923,,1300.0
mpea-02b,C_measured,4.2,425.0,B2_BCC[ordered],0.10739181719947313,,1300.0
mpea-02b,C_measured,4.2,425.0,M23C6_D84,0.001688604516044106,,1300.0
mpea-02b,C_measured,4.2,450.0,A1_FCC,0.894565848479571,,1300.0
mpea-02b,C_measured,4.2,450.0,B2_BCC[ordered],0.10543415154758531,,1300.0
mpea-02b,C_measured,4.2,475.0,A1_FCC,0.8976191206814139,,1300.0
mpea-02b,C_measured,4.2,475.0,B2_BCC[ordered],0.10238087933935573,,1300.0
mpea-02b,C_measured,4.2,500.0,A1_FCC,0.9011277668744515,,1300.0
mpea-02b,C_measured,4.2,500.0,B2_BCC[ordered],0.0988722331407788,,1300.0
mpea-02b,C_measured,4.2,525.0,A1_FCC,0.9050951315663662,,1300.0
mpea-02b,C_measured,4.2,525.0,B2_BCC[ordered],0.09490486842814039,,1300.0
mpea-02b,C_measured,4.2,550.0,A1_FCC,0.9095201655730147,,1300.0
mpea-02b,C_measured,4.2,550.0,B2_BCC[ordered],0.0904798344311832,,1300.0
mpea-02b,C_measured,4.2,575.0,A1_FCC,0.9143980692093538,,1300.0
mpea-02b,C_measured,4.2,575.0,B2_BCC[ordered],0.0856019307629621,,1300.0
mpea-02b,C_measured,4.2,600.0,A1_FCC,0.919721092781015,,1300.0
mpea-02b,C_measured,4.2,600.0,B2_BCC[ordered],0.0802789072219167,,1300.0
mpea-02b,C_measured,4.2,625.0,B2_BCC[ordered],0.0745205401685794,,1300.0
mpea-02b,C_measured,4.2,625.0,A1_FCC,0.9254794598224249,,1300.0
mpea-02b,C_measured,4.2,650.0,A1_FCC,0.9316623812597234,,1300.0
mpea-02b,C_measured,4.2,650.0,B2_BCC[ordered],0.0683376187399111,,1300.0
mpea-02b,C_measured,4.2,675.0,B2_BCC[ordered],0.06174086162217499,,1300.0
mpea-02b,C_measured,4.2,675.0,A1_FCC,0.938259138365028,,1300.0
mpea-02b,C_measured,4.2,700.0,A1_FCC,0.945260234073167,,1300.0
mpea-02b,C_measured,4.2,700.0,B2_BCC[ordered],0.054739765928968474,,1300.0
mpea-02b,C_measured,4.2,725.0,A1_FCC,0.9526586441638821,,1300.0
mpea-02b,C_measured,4.2,725.0,B2_BCC[ordered],0.047341355850289916,,1300.0
mpea-02b,C_measured,4.2,750.0,B2_BCC[ordered],0.039548751708076195,,1300.0
mpea-02b,C_measured,4.2,750.0,A1_FCC,0.960451248292337,,1300.0
mpea-02b,C_measured,4.2,775.0,B2_BCC[ordered],0.031359403021211714,,1300.0
mpea-02b,C_measured,4.2,775.0,A1_FCC,0.9686405969820951,,1300.0
mpea-02b,C_measured,4.2,800.0,A1_FCC,0.9772372990199168,,1300.0
mpea-02b,C_measured,4.2,800.0,B2_BCC[ordered],0.022762700986555553,,1300.0
mpea-02b,C_measured,4.2,825.0,B2_BCC[ordered],0.013736446871650706,,1300.0
mpea-02b,C_measured,4.2,825.0,A1_FCC,0.9862635532141126,,1300.0
mpea-02b,C_measured,4.2,850.0,A1_FCC,0.9957588363666823,,1300.0
mpea-02b,C_measured,4.2,850.0,B2_BCC[ordered],0.0042411636474791545,,1300.0
mpea-02b,C_measured,4.2,875.0,A1_FCC,0.9999999999756587,,1300.0
mpea-02b,C_measured,4.2,900.0,A1_FCC,0.9999999999885272,,1300.0
mpea-02b,C_measured,4.2,925.0,A1_FCC,1.0000000000213445,,1300.0
mpea-02b,C_measured,4.2,950.0,A1_FCC,0.9999999999965505,,1300.0
mpea-02b,C_measured,4.6,1000.0,A1_FCC,0.9999999999985351,,1300.0
mpea-02b,C_measured,4.6,1010.0,A1_FCC,1.000000000001869,,1300.0
mpea-02b,C_measured,4.6,1020.0,A1_FCC,0.9999999999976583,,1300.0
mpea-02b,C_measured,4.6,1030.0,A1_FCC,0.9999999999898918,,1300.0
mpea-02b,C_measured,4.6,1040.0,A1_FCC,1.0000000000234779,,1300.0
mpea-02b,C_measured,4.6,1050.0,A1_FCC,1.0000000000209066,,1300.0
mpea-02b,C_measured,4.6,1060.0,A1_FCC,0.9919336046989449,,1300.0
mpea-02b,C_measured,4.6,1060.0,B2_BCC[A2],0.008066395319765027,,1300.0
mpea-02b,C_measured,4.6,1070.0,A1_FCC,0.9394877672136908,,1300.0
mpea-02b,C_measured,4.6,1070.0,B2_BCC[A2],0.06051223277221506,,1300.0
mpea-02b,C_measured,4.6,1080.0,A1_FCC,0.8861848149077529,,1300.0
mpea-02b,C_measured,4.6,1080.0,B2_BCC[A2],0.11381518510319219,,1300.0
mpea-02b,C_measured,4.6,1090.0,A1_FCC,0.8322039814500668,,1300.0
mpea-02b,C_measured,4.6,1090.0,B2_BCC[A2],0.16779601854606144,,1300.0
mpea-02b,C_measured,4.6,1100.0,A1_FCC,0.7777884345011389,,1300.0
mpea-02b,C_measured,4.6,1100.0,B2_BCC[A2],0.2222115654777523,,1300.0
mpea-02b,C_measured,4.6,1110.0,A1_FCC,0.7232524047015386,,1300.0
mpea-02b,C_measured,4.6,1110.0,B2_BCC[A2],0.2767475952967196,,1300.0
mpea-02b,C_measured,4.6,1120.0,A1_FCC,0.6689831298980164,,1300.0
mpea-02b,C_measured,4.6,1120.0,B2_BCC[A2],0.33101687008824304,,1300.0
mpea-02b,C_measured,4.6,1130.0,A1_FCC,0.6154340736755055,,1300.0
mpea-02b,C_measured,4.6,1130.0,B2_BCC[A2],0.38456592629544084,,1300.0
mpea-02b,C_measured,4.6,1140.0,A1_FCC,0.5631061097039486,,1300.0
mpea-02b,C_measured,4.6,1140.0,B2_BCC[A2],0.436893890317487,,1300.0
mpea-02b,C_measured,4.6,1150.0,A1_FCC,0.5125152317924933,,1300.0
mpea-02b,C_measured,4.6,1150.0,B2_BCC[A2],0.48748476821127007,,1300.0
mpea-02b,C_measured,4.6,1160.0,A1_FCC,0.46414921366480466,,1300.0
mpea-02b,C_measured,4.6,1160.0,B2_BCC[A2],0.5358507863213164,,1300.0
mpea-02b,C_measured,4.6,1170.0,A1_FCC,0.4184205011479888,,1300.0
mpea-02b,C_measured,4.6,1170.0,B2_BCC[A2],0.581579498835429,,1300.0
mpea-02b,C_measured,4.6,1180.0,A1_FCC,0.3756260326133512,,1300.0
mpea-02b,C_measured,4.6,1180.0,B2_BCC[A2],0.6243739673631445,,1300.0
mpea-02b,C_measured,4.6,1190.0,A1_FCC,0.33592403993840353,,1300.0
mpea-02b,C_measured,4.6,1190.0,B2_BCC[A2],0.6640759600508906,,1300.0
mpea-02b,C_measured,4.6,1200.0,A1_FCC,0.2993327016538032,,1300.0
mpea-02b,C_measured,4.6,1200.0,B2_BCC[A2],0.7006672983707942,,1300.0
mpea-02b,C_measured,4.6,1210.0,A1_FCC,0.265748390244337,,1300.0
mpea-02b,C_measured,4.6,1210.0,B2_BCC[A2],0.7342516097501749,,1300.0
mpea-02b,C_measured,4.6,1220.0,A1_FCC,0.23497598672756506,,1300.0
mpea-02b,C_measured,4.6,1220.0,B2_BCC[A2],0.765024013288392,,1300.0
mpea-02b,C_measured,4.6,1230.0,A1_FCC,0.20676243849005355,,1300.0
mpea-02b,C_measured,4.6,1230.0,B2_BCC[A2],0.7932375615434467,,1300.0
mpea-02b,C_measured,4.6,1240.0,A1_FCC,0.18082678834964375,,1300.0
mpea-02b,C_measured,4.6,1240.0,B2_BCC[A2],0.8191732116424427,,1300.0
mpea-02b,C_measured,4.6,1250.0,A1_FCC,0.15690340305562334,,1300.0
mpea-02b,C_measured,4.6,1250.0,B2_BCC[A2],0.843096596894909,,1300.0
mpea-02b,C_measured,4.6,1260.0,A1_FCC,0.13467730626611635,,1300.0
mpea-02b,C_measured,4.6,1260.0,B2_BCC[A2],0.8653226937498127,,1300.0
mpea-02b,C_measured,4.6,1270.0,A1_FCC,0.11391868572964683,,1300.0
mpea-02b,C_measured,4.6,1270.0,B2_BCC[A2],0.8860813142654064,,1300.0
mpea-02b,C_measured,4.6,1280.0,A1_FCC,0.09439775086636647,,1300.0
mpea-02b,C_measured,4.6,1280.0,B2_BCC[A2],0.9056022491459337,,1300.0
mpea-02b,C_measured,4.6,1290.0,A1_FCC,0.07590817790002526,,1300.0
mpea-02b,C_measured,4.6,1290.0,B2_BCC[A2],0.9240918220974013,,1300.0
mpea-02b,C_measured,4.6,1300.0,LIQUID,0.04140389677186717,,1300.0
mpea-02b,C_measured,4.6,1300.0,B2_BCC[A2],0.9585961032378324,,1300.0
mpea-02b,C_measured,4.6,1310.0,LIQUID,0.056348239506848065,,1300.0
mpea-02b,C_measured,4.6,1310.0,B2_BCC[A2],0.9436517605155788,,1300.0
mpea-02b,C_measured,4.6,1320.0,LIQUID,0.07625439119380877,,1300.0
mpea-02b,C_measured,4.6,1320.0,B2_BCC[A2],0.9237456088198633,,1300.0
mpea-02b,C_measured,4.6,1330.0,A1_FCC,0.5864396190850522,,1300.0
mpea-02b,C_measured,4.6,1330.0,LIQUID,0.41356038088556557,,1300.0
mpea-02b,C_measured,4.6,1340.0,A1_FCC,0.2676824877830697,,1300.0
mpea-02b,C_measured,4.6,1340.0,LIQUID,0.7323175122015089,,1300.0
mpea-02b,C_measured,4.6,1350.0,LIQUID,0.196407967649969,,1300.0
mpea-02b,C_measured,4.6,1350.0,B2_BCC[A2],0.8035920323830019,,1300.0
mpea-02b,C_measured,4.6,1360.0,LIQUID,0.2760061774738314,,1300.0
mpea-02b,C_measured,4.6,1360.0,B2_BCC[A2],0.7239938224981434,,1300.0
mpea-02b,C_measured,4.6,1370.0,LIQUID,0.3900908781227219,,1300.0
mpea-02b,C_measured,4.6,1370.0,B2_BCC[A2],0.6099091218597604,,1300.0
mpea-02b,C_measured,4.6,1380.0,LIQUID,0.5471217346035391,,1300.0
mpea-02b,C_measured,4.6,1380.0,B2_BCC[A2],0.4528782653887058,,1300.0
mpea-02b,C_measured,4.6,1390.0,LIQUID,0.7518733607275873,,1300.0
mpea-02b,C_measured,4.6,1390.0,B2_BCC[A2],0.24812663923364137,,1300.0
mpea-02b,C_measured,4.6,1400.0,LIQUID,1.0000000000533327,,1300.0
mpea-02b,C_measured,4.6,450.0,A1_FCC,0.8847089074343552,,1300.0
mpea-02b,C_measured,4.6,450.0,B2_BCC[ordered],0.11529109256524855,,1300.0
mpea-02b,C_measured,4.6,475.0,A1_FCC,0.8877334820292644,,1300.0
mpea-02b,C_measured,4.6,475.0,B2_BCC[ordered],0.11226651797516106,,1300.0
mpea-02b,C_measured,4.6,500.0,A1_FCC,0.8912132148368935,,1300.0
mpea-02b,C_measured,4.6,500.0,B2_BCC[ordered],0.108786785175484,,1300.0
mpea-02b,C_measured,4.6,525.0,A1_FCC,0.8951497954114304,,1300.0
mpea-02b,C_measured,4.6,525.0,B2_BCC[ordered],0.10485020456833263,,1300.0
mpea-02b,C_measured,4.6,550.0,A1_FCC,0.8995402582377562,,1300.0
mpea-02b,C_measured,4.6,550.0,B2_BCC[ordered],0.10045974176683782,,1300.0
mpea-02b,C_measured,4.6,575.0,A1_FCC,0.9043776344134106,,1300.0
mpea-02b,C_measured,4.6,575.0,B2_BCC[ordered],0.09562236556076811,,1300.0
mpea-02b,C_measured,4.6,600.0,A1_FCC,0.9096517552694149,,1300.0
mpea-02b,C_measured,4.6,600.0,B2_BCC[ordered],0.09034824473064867,,1300.0
mpea-02b,C_measured,4.6,625.0,A1_FCC,0.9153501646849916,,1300.0
mpea-02b,C_measured,4.6,625.0,B2_BCC[ordered],0.08464983533230974,,1300.0
mpea-02b,C_measured,4.6,650.0,A1_FCC,0.9214590980358197,,1300.0
mpea-02b,C_measured,4.6,650.0,B2_BCC[ordered],0.07854090198121579,,1300.0
mpea-02b,C_measured,4.6,675.0,A1_FCC,0.9279644942120409,,1300.0
mpea-02b,C_measured,4.6,675.0,B2_BCC[ordered],0.07203550581707961,,1300.0
mpea-02b,C_measured,4.6,700.0,A1_FCC,0.9348530235621925,,1300.0
mpea-02b,C_measured,4.6,700.0,B2_BCC[ordered],0.06514697642191379,,1300.0
mpea-02b,C_measured,4.6,725.0,A1_FCC,0.9421131414068238,,1300.0
mpea-02b,C_measured,4.6,725.0,B2_BCC[ordered],0.05788685858988649,,1300.0
mpea-02b,C_measured,4.6,750.0,A1_FCC,0.9497362105138621,,1300.0
mpea-02b,C_measured,4.6,750.0,B2_BCC[ordered],0.05026378946832787,,1300.0
mpea-02b,C_measured,4.6,775.0,A1_FCC,0.9577177873757549,,1300.0
mpea-02b,C_measured,4.6,775.0,B2_BCC[ordered],0.042282212600760406,,1300.0
mpea-02b,C_measured,4.6,800.0,A1_FCC,0.9660592452053904,,1300.0
mpea-02b,C_measured,4.6,800.0,B2_BCC[ordered],0.03394075478478827,,1300.0
mpea-02b,C_measured,4.6,825.0,A1_FCC,1.0000000000243798,,1300.0
mpea-02b,C_measured,4.6,850.0,A1_FCC,1.000000000007347,,1300.0
mpea-02b,C_measured,4.6,875.0,A1_FCC,1.0000000000189446,,1300.0
mpea-02b,C_measured,4.6,900.0,A1_FCC,1.0000000000019627,,1300.0
mpea-02b,C_measured,4.6,925.0,A1_FCC,0.9999999999960083,,1300.0
mpea-02b,C_measured,4.6,950.0,A1_FCC,0.9999999999969954,,1300.0
mpea-02b,C_measured,5.0,1000.0,A1_FCC,0.9999999999887502,,1300.0
mpea-02b,C_measured,5.0,1010.0,A1_FCC,1.0000000000076603,,1300.0
mpea-02b,C_measured,5.0,1020.0,A1_FCC,0.9999999999884568,,1300.0
mpea-02b,C_measured,5.0,1030.0,A1_FCC,1.0000000000058056,,1300.0
mpea-02b,C_measured,5.0,1040.0,A1_FCC,1.0000000000110667,,1300.0
mpea-02b,C_measured,5.0,1050.0,A1_FCC,0.9999999999901671,,1300.0
mpea-02b,C_measured,5.0,1060.0,A1_FCC,0.9999999999752517,,1300.0
mpea-02b,C_measured,5.0,1070.0,A1_FCC,0.967490471964562,,1300.0
mpea-02b,C_measured,5.0,1070.0,B2_BCC[A2],0.03250952804849757,,1300.0
mpea-02b,C_measured,5.0,1080.0,A1_FCC,0.9138229615886508,,1300.0
mpea-02b,C_measured,5.0,1080.0,B2_BCC[A2],0.08617703839147249,,1300.0
mpea-02b,C_measured,5.0,1090.0,A1_FCC,0.8593438591079053,,1300.0
mpea-02b,C_measured,5.0,1090.0,B2_BCC[A2],0.14065614089087577,,1300.0
mpea-02b,C_measured,5.0,1100.0,A1_FCC,0.8042697287311099,,1300.0
mpea-02b,C_measured,5.0,1100.0,B2_BCC[A2],0.195730271297778,,1300.0
mpea-02b,C_measured,5.0,1110.0,A1_FCC,0.748888626297411,,1300.0
mpea-02b,C_measured,5.0,1110.0,B2_BCC[A2],0.25111137371971837,,1300.0
mpea-02b,C_measured,5.0,1120.0,A1_FCC,0.6935656318610215,,1300.0
mpea-02b,C_measured,5.0,1120.0,B2_BCC[A2],0.3064343681452619,,1300.0
mpea-02b,C_measured,5.0,1130.0,A1_FCC,0.6387410330359393,,1300.0
mpea-02b,C_measured,5.0,1130.0,B2_BCC[A2],0.36125896702557464,,1300.0
mpea-02b,C_measured,5.0,1140.0,A1_FCC,0.584917201084379,,1300.0
mpea-02b,C_measured,5.0,1140.0,B2_BCC[A2],0.4150827989092301,,1300.0
mpea-02b,C_measured,5.0,1150.0,A1_FCC,0.5326312259106305,,1300.0
mpea-02b,C_measured,5.0,1150.0,B2_BCC[A2],0.4673687741004557,,1300.0
mpea-02b,C_measured,5.0,1160.0,A1_FCC,0.48241357337476054,,1300.0
mpea-02b,C_measured,5.0,1160.0,B2_BCC[A2],0.5175864266264886,,1300.0
mpea-02b,C_measured,5.0,1170.0,A1_FCC,0.434738143181526,,1300.0
mpea-02b,C_measured,5.0,1170.0,B2_BCC[A2],0.5652618568295247,,1300.0
mpea-02b,C_measured,5.0,1180.0,A1_FCC,0.3899741188953886,,1300.0
mpea-02b,C_measured,5.0,1180.0,B2_BCC[A2],0.6100258810950608,,1300.0
mpea-02b,C_measured,5.0,1190.0,A1_FCC,0.34835170802768994,,1300.0
mpea-02b,C_measured,5.0,1190.0,B2_BCC[A2],0.6516482919776259,,1300.0
mpea-02b,C_measured,5.0,1200.0,A1_FCC,0.3099502569254615,,1300.0
mpea-02b,C_measured,5.0,1200.0,B2_BCC[A2],0.6900497430919916,,1300.0
mpea-02b,C_measured,5.0,1210.0,A1_FCC,0.27470970658300525,,1300.0
mpea-02b,C_measured,5.0,1210.0,B2_BCC[A2],0.7252902934132057,,1300.0
mpea-02b,C_measured,5.0,1220.0,A1_FCC,0.24245908606216654,,1300.0
mpea-02b,C_measured,5.0,1220.0,B2_BCC[A2],0.7575409140007598,,1300.0
mpea-02b,C_measured,5.0,1230.0,A1_FCC,0.21295233120052057,,1300.0
mpea-02b,C_measured,5.0,1230.0,B2_BCC[A2],0.7870476688067567,,1300.0
mpea-02b,C_measured,5.0,1240.0,A1_FCC,0.18590272193377616,,1300.0
mpea-02b,C_measured,5.0,1240.0,B2_BCC[A2],0.814097278070765,,1300.0
mpea-02b,C_measured,5.0,1250.0,A1_FCC,0.16103136720982023,,1300.0
mpea-02b,C_measured,5.0,1250.0,B2_BCC[A2],0.838968632796335,,1300.0
mpea-02b,C_measured,5.0,1260.0,A1_FCC,0.13800447946557803,,1300.0
mpea-02b,C_measured,5.0,1260.0,B2_BCC[A2],0.8619955205363772,,1300.0
mpea-02b,C_measured,5.0,1270.0,A1_FCC,0.11657401185644765,,1300.0
mpea-02b,C_measured,5.0,1270.0,B2_BCC[A2],0.8834259881253792,,1300.0
mpea-02b,C_measured,5.0,1280.0,A1_FCC,0.09649191858882018,,1300.0
mpea-02b,C_measured,5.0,1280.0,B2_BCC[A2],0.9035080814124401,,1300.0
mpea-02b,C_measured,5.0,1290.0,A1_FCC,0.07753519529835029,,1300.0
mpea-02b,C_measured,5.0,1290.0,B2_BCC[A2],0.9224648047032682,,1300.0
mpea-02b,C_measured,5.0,1300.0,LIQUID,0.04607638055902962,,1300.0
mpea-02b,C_measured,5.0,1300.0,B2_BCC[A2],0.9539236194876362,,1300.0
mpea-02b,C_measured,5.0,1310.0,LIQUID,0.062128925968237755,,1300.0
mpea-02b,C_measured,5.0,1310.0,B2_BCC[A2],0.9378710740389534,,1300.0
mpea-02b,C_measured,5.0,1320.0,LIQUID,0.08359965332369121,,1300.0
mpea-02b,C_measured,5.0,1320.0,B2_BCC[A2],0.9164003466544951,,1300.0
mpea-02b,C_measured,5.0,1330.0,LIQUID,0.46594728712133804,,1300.0
mpea-02b,C_measured,5.0,1330.0,A1_FCC,0.5340527128448547,,1300.0
mpea-02b,C_measured,5.0,1340.0,LIQUID,0.7772200939701216,,1300.0
mpea-02b,C_measured,5.0,1340.0,A1_FCC,0.22277990607462658,,1300.0
mpea-02b,C_measured,5.0,1350.0,LIQUID,0.9999999999987106,,1300.0
mpea-02b,C_measured,5.0,1360.0,LIQUID,0.9999999999994522,,1300.0
mpea-02b,C_measured,5.0,1370.0,LIQUID,1.0000000000134222,,1300.0
mpea-02b,C_measured,5.0,1380.0,LIQUID,1.0000000000075073,,1300.0
mpea-02b,C_measured,5.0,1390.0,LIQUID,1.0000000000024214,,1300.0
mpea-02b,C_measured,5.0,1400.0,LIQUID,1.0000000000244953,,1300.0
mpea-02b,C_measured,5.0,400.0,A1_FCC,0.5412418494059235,,1300.0
mpea-02b,C_measured,5.0,400.0,B2_BCC[A2],0.09167790259290605,,1300.0
mpea-02b,C_measured,5.0,400.0,B2_BCC[ordered],0.1292967599790412,,1300.0
mpea-02b,C_measured,5.0,400.0,CUB_A13,0.22372591876532108,,1300.0
mpea-02b,C_measured,5.0,400.0,M23C6_D84,0.014057581043218964,,1300.0
mpea-02b,C_measured,5.0,450.0,A1_FCC,0.8750664475567071,,1300.0
mpea-02b,C_measured,5.0,450.0,B2_BCC[ordered],0.12493355243350779,,1300.0
mpea-02b,C_measured,5.0,475.0,A1_FCC,0.8780690845492674,,1300.0
mpea-02b,C_measured,5.0,475.0,B2_BCC[ordered],0.12193091544278979,,1300.0
mpea-02b,C_measured,5.0,500.0,A1_FCC,0.8815274101037831,,1300.0
mpea-02b,C_measured,5.0,500.0,B2_BCC[ordered],0.1184725898890315,,1300.0
mpea-02b,C_measured,5.0,525.0,A1_FCC,0.8854415225058873,,1300.0
mpea-02b,C_measured,5.0,525.0,B2_BCC[ordered],0.11455847748524314,,1300.0
mpea-02b,C_measured,5.0,550.0,A1_FCC,0.8898066236089102,,1300.0
mpea-02b,C_measured,5.0,550.0,B2_BCC[ordered],0.11019337637860321,,1300.0
mpea-02b,C_measured,5.0,575.0,A1_FCC,0.8946136896900501,,1300.0
mpea-02b,C_measured,5.0,575.0,B2_BCC[ordered],0.10538631030367637,,1300.0
mpea-02b,C_measured,5.0,600.0,A1_FCC,0.8998502906748868,,1300.0
mpea-02b,C_measured,5.0,600.0,B2_BCC[ordered],0.10014970936544408,,1300.0
mpea-02b,C_measured,5.0,625.0,A1_FCC,0.9055015071963874,,1300.0
mpea-02b,C_measured,5.0,625.0,B2_BCC[ordered],0.09449849282811613,,1300.0
mpea-02b,C_measured,5.0,650.0,A1_FCC,0.9115508945547741,,1300.0
mpea-02b,C_measured,5.0,650.0,B2_BCC[ordered],0.08844910542423003,,1300.0
mpea-02b,C_measured,5.0,675.0,A1_FCC,0.9179814498272205,,1300.0
mpea-02b,C_measured,5.0,675.0,B2_BCC[ordered],0.08201855016149456,,1300.0
mpea-02b,C_measured,5.0,700.0,A1_FCC,0.9247765546558345,,1300.0
mpea-02b,C_measured,5.0,700.0,B2_BCC[ordered],0.0752234453177451,,1300.0
mpea-02b,C_measured,5.0,725.0,A1_FCC,0.9319208868745322,,1300.0
mpea-02b,C_measured,5.0,725.0,B2_BCC[ordered],0.06807911312394935,,1300.0
mpea-02b,C_measured,5.0,750.0,A1_FCC,0.9394013221962766,,1300.0
mpea-02b,C_measured,5.0,750.0,B2_BCC[ordered],0.06059867778431722,,1300.0
mpea-02b,C_measured,5.0,775.0,A1_FCC,0.9472078811339764,,1300.0
mpea-02b,C_measured,5.0,775.0,B2_BCC[ordered],0.05279211885271515,,1300.0
mpea-02b,C_measured,5.0,800.0,A1_FCC,0.9553348253459781,,1300.0
mpea-02b,C_measured,5.0,800.0,B2_BCC[ordered],0.044665174648652,,1300.0
mpea-02b,C_measured,5.0,825.0,A1_FCC,0.9999999999981792,,1300.0
mpea-02b,C_measured,5.0,850.0,A1_FCC,0.9999999999837468,,1300.0
mpea-02b,C_measured,5.0,875.0,A1_FCC,0.999999999978194,,1300.0
mpea-02b,C_measured,5.0,900.0,A1_FCC,1.0000000000010918,,1300.0
mpea-02b,C_measured,5.0,925.0,A1_FCC,1.0000000000037146,,1300.0
mpea-02b,C_measured,5.0,950.0,A1_FCC,0.9999999999787078,,1300.0
mpea-02b,C_measured,5.4,1000.0,A1_FCC,1.000000000025749,,1300.0
mpea-02b,C_measured,5.4,1010.0,A1_FCC,0.9999999999885841,,1300.0
mpea-02b,C_measured,5.4,1020.0,A1_FCC,1.0000000000016736,,1300.0
mpea-02b,C_measured,5.4,1030.0,A1_FCC,0.9999999999889855,,1300.0
mpea-02b,C_measured,5.4,1040.0,A1_FCC,1.0000000000163753,,1300.0
mpea-02b,C_measured,5.4,1050.0,A1_FCC,1.00000000001628,,1300.0
mpea-02b,C_measured,5.4,1060.0,A1_FCC,0.9999999999976877,,1300.0
mpea-02b,C_measured,5.4,1070.0,A1_FCC,1.0000000000028793,,1300.0
mpea-02b,C_measured,5.4,1080.0,A1_FCC,0.9999999999910529,,1300.0
mpea-02b,C_measured,5.4,1090.0,A1_FCC,0.8863055265686369,,1300.0
mpea-02b,C_measured,5.4,1090.0,B2_BCC[A2],0.11369447343435579,,1300.0
mpea-02b,C_measured,5.4,1100.0,A1_FCC,0.8307038840809824,,1300.0
mpea-02b,C_measured,5.4,1100.0,B2_BCC[A2],0.16929611590018923,,1300.0
mpea-02b,C_measured,5.4,1110.0,A1_FCC,0.7746174588896161,,1300.0
mpea-02b,C_measured,5.4,1110.0,B2_BCC[A2],0.22538254111706257,,1300.0
mpea-02b,C_measured,5.4,1120.0,A1_FCC,0.7183852550794363,,1300.0
mpea-02b,C_measured,5.4,1120.0,B2_BCC[A2],0.2816147449658132,,1300.0
mpea-02b,C_measured,5.4,1130.0,A1_FCC,0.6624278895323444,,1300.0
mpea-02b,C_measured,5.4,1130.0,B2_BCC[A2],0.3375721104408483,,1300.0
mpea-02b,C_measured,5.4,1140.0,A1_FCC,0.6072402770408409,,1300.0
mpea-02b,C_measured,5.4,1140.0,B2_BCC[A2],0.39275972292985506,,1300.0
mpea-02b,C_measured,5.4,1150.0,A1_FCC,0.5533702310807581,,1300.0
mpea-02b,C_measured,5.4,1150.0,B2_BCC[A2],0.4466297688904147,,1300.0
mpea-02b,C_measured,5.4,1160.0,A1_FCC,0.5013811795228357,,1300.0
mpea-02b,C_measured,5.4,1160.0,B2_BCC[A2],0.4986188205014261,,1300.0
mpea-02b,C_measured,5.4,1170.0,A1_FCC,0.45180196808888146,,1300.0
mpea-02b,C_measured,5.4,1170.0,B2_BCC[A2],0.5481980319479867,,1300.0
mpea-02b,C_measured,5.4,1180.0,A1_FCC,0.4050727613055383,,1300.0
mpea-02b,C_measured,5.4,1180.0,B2_BCC[A2],0.5949272386882256,,1300.0
mpea-02b,C_measured,5.4,1190.0,A1_FCC,0.36150012439811924,,1300.0
mpea-02b,C_measured,5.4,1190.0,B2_BCC[A2],0.6384998756105551,,1300.0
mpea-02b,C_measured,5.4,1200.0,A1_FCC,0.3212331398120856,,1300.0
mpea-02b,C_measured,5.4,1200.0,B2_BCC[A2],0.6787668601731516,,1300.0
mpea-02b,C_measured,5.4,1210.0,A1_FCC,0.28426553148233236,,1300.0
mpea-02b,C_measured,5.4,1210.0,B2_BCC[A2],0.7157344685325439,,1300.0
mpea-02b,C_measured,5.4,1220.0,A1_FCC,0.250459926414586,,1300.0
mpea-02b,C_measured,5.4,1220.0,B2_BCC[A2],0.7495400735605571,,1300.0
mpea-02b,C_measured,5.4,1230.0,A1_FCC,0.21958447202783363,,1300.0
mpea-02b,C_measured,5.4,1230.0,B2_BCC[A2],0.7804155280216808,,1300.0
mpea-02b,C_measured,5.4,1240.0,A1_FCC,0.1913512910159536,,1300.0
mpea-02b,C_measured,5.4,1240.0,B2_BCC[A2],0.8086487089931833,,1300.0
mpea-02b,C_measured,5.4,1250.0,A1_FCC,0.16547059452301355,,1300.0
mpea-02b,C_measured,5.4,1250.0,B2_BCC[A2],0.834529405476924,,1300.0
mpea-02b,C_measured,5.4,1260.0,A1_FCC,0.14159039584378547,,1300.0
mpea-02b,C_measured,5.4,1260.0,B2_BCC[A2],0.8584096041179504,,1300.0
mpea-02b,C_measured,5.4,1270.0,A1_FCC,0.11944412109671781,,1300.0
mpea-02b,C_measured,5.4,1270.0,B2_BCC[A2],0.8805558788875074,,1300.0
mpea-02b,C_measured,5.4,1280.0,A1_FCC,0.0987646084810447,,1300.0
mpea-02b,C_measured,5.4,1280.0,B2_BCC[A2],0.9012353915287715,,1300.0
mpea-02b,C_measured,5.4,1290.0,A1_FCC,0.07931110925184622,,1300.0
mpea-02b,C_measured,5.4,1290.0,B2_BCC[A2],0.9206888907378011,,1300.0
mpea-02b,C_measured,5.4,1300.0,LIQUID,0.051110221685961556,,1300.0
mpea-02b,C_measured,5.4,1300.0,B2_BCC[A2],0.948889778309314,,1300.0
mpea-02b,C_measured,5.4,1310.0,LIQUID,0.06840241044871334,,1300.0
mpea-02b,C_measured,5.4,1310.0,B2_BCC[A2],0.931597589533794,,1300.0
mpea-02b,C_measured,5.4,1320.0,LIQUID,0.09162064531977447,,1300.0
mpea-02b,C_measured,5.4,1320.0,B2_BCC[A2],0.9083793546873128,,1300.0
mpea-02b,C_measured,5.4,1330.0,LIQUID,0.5157998084558509,,1300.0
mpea-02b,C_measured,5.4,1330.0,A1_FCC,0.4842001915762204,,1300.0
mpea-02b,C_measured,5.4,1340.0,A1_FCC,0.17980159156339467,,1300.0
mpea-02b,C_measured,5.4,1340.0,LIQUID,0.820198408525831,,1300.0
mpea-02b,C_measured,5.4,1350.0,LIQUID,0.9999999999350127,,1300.0
mpea-02b,C_measured,5.4,1360.0,LIQUID,0.9999999999905785,,1300.0
mpea-02b,C_measured,5.4,1370.0,LIQUID,1.00000000004865,,1300.0
mpea-02b,C_measured,5.4,1380.0,LIQUID,0.9999999999968229,,1300.0
mpea-02b,C_measured,5.4,1390.0,LIQUID,1.0000000000642675,,1300.0
mpea-02b,C_measured,5.4,1400.0,LIQUID,1.0000000000394185,,1300.0
mpea-02b,C_measured,5.4,400.0,A1_FCC,0.632259839935064,,1300.0
mpea-02b,C_measured,5.4,400.0,B2_BCC[A2],0.0646836245583714,,1300.0
mpea-02b,C_measured,5.4,400.0,B2_BCC[ordered],0.13879837320731633,,1300.0
mpea-02b,C_measured,5.4,400.0,CUB_A13,0.15154179825660855,,1300.0
mpea-02b,C_measured,5.4,400.0,M23C6_D84,0.012716375606990508,,1300.0
mpea-02b,C_measured,5.4,425.0,A1_FCC,0.860676946826818,,1300.0
mpea-02b,C_measured,5.4,425.0,B2_BCC[ordered],0.13700515232636515,,1300.0
mpea-02b,C_measured,5.4,425.0,M23C6_D84,0.0023179133373692463,,1300.0
mpea-02b,C_measured,5.4,450.0,A1_FCC,0.8656225699943467,,1300.0
mpea-02b,C_measured,5.4,450.0,B2_BCC[ordered],0.13437743001481672,,1300.0
mpea-02b,C_measured,5.4,475.0,A1_FCC,0.8686094458688128,,1300.0
mpea-02b,C_measured,5.4,475.0,B2_BCC[ordered],0.13139055413679387,,1300.0
mpea-02b,C_measured,5.4,500.0,A1_FCC,0.8720531662624184,,1300.0
mpea-02b,C_measured,5.4,500.0,B2_BCC[ordered],0.1279468337474337,,1300.0
mpea-02b,C_measured,5.4,525.0,A1_FCC,0.8759522796035323,,1300.0
mpea-02b,C_measured,5.4,525.0,B2_BCC[ordered],0.12404772039988975,,1300.0
mpea-02b,C_measured,5.4,550.0,A1_FCC,0.8803002120238771,,1300.0
mpea-02b,C_measured,5.4,550.0,B2_BCC[ordered],0.11969978799314544,,1300.0
mpea-02b,C_measured,5.4,575.0,A1_FCC,0.8850859663362812,,1300.0
mpea-02b,C_measured,5.4,575.0,B2_BCC[ordered],0.114914033684499,,1300.0
mpea-02b,C_measured,5.4,600.0,A1_FCC,0.8902949675704205,,1300.0
mpea-02b,C_measured,5.4,600.0,B2_BCC[ordered],0.10970503240895943,,1300.0
mpea-02b,C_measured,5.4,625.0,A1_FCC,0.8959099971737382,,1300.0
mpea-02b,C_measured,5.4,625.0,B2_BCC[ordered],0.1040900028060911,,1300.0
mpea-02b,C_measured,5.4,650.0,A1_FCC,0.9019121562910948,,1300.0
mpea-02b,C_measured,5.4,650.0,B2_BCC[ordered],0.09808784370030181,,1300.0
mpea-02b,C_measured,5.4,675.0,A1_FCC,0.9082818076699096,,1300.0
mpea-02b,C_measured,5.4,675.0,B2_BCC[ordered],0.09171819231721552,,1300.0
mpea-02b,C_measured,5.4,700.0,A1_FCC,0.9149994589989753,,1300.0
mpea-02b,C_measured,5.4,700.0,B2_BCC[ordered],0.08500054100733029,,1300.0
mpea-02b,C_measured,5.4,725.0,A1_FCC,0.9220465713487765,,1300.0
mpea-02b,C_measured,5.4,725.0,B2_BCC[ordered],0.07795342867602054,,1300.0
mpea-02b,C_measured,5.4,750.0,A1_FCC,0.9294062983256615,,1300.0
mpea-02b,C_measured,5.4,750.0,B2_BCC[ordered],0.07059370167187089,,1300.0
mpea-02b,C_measured,5.4,775.0,A1_FCC,0.9370641862608409,,1300.0
mpea-02b,C_measured,5.4,775.0,B2_BCC[ordered],0.06293581374509571,,1300.0
mpea-02b,C_measured,5.4,800.0,A1_FCC,0.945008896661704,,1300.0
mpea-02b,C_measured,5.4,800.0,B2_BCC[ordered],0.054991103346894284,,1300.0
mpea-02b,C_measured,5.4,825.0,A1_FCC,0.9532330554168267,,1300.0
mpea-02b,C_measured,5.4,825.0,B2_BCC[ordered],0.04676694517540668,,1300.0
mpea-02b,C_measured,5.4,850.0,A1_FCC,0.9617344025700659,,1300.0
mpea-02b,C_measured,5.4,850.0,B2_BCC[ordered],0.03826559756540261,,1300.0
mpea-02b,C_measured,5.4,875.0,A1_FCC,0.9705175648760527,,1300.0
mpea-02b,C_measured,5.4,875.0,B2_BCC[ordered],0.029482435140101317,,1300.0
mpea-02b,C_measured,5.4,900.0,A1_FCC,0.9795970606564212,,1300.0
mpea-02b,C_measured,5.4,900.0,B2_BCC[ordered],0.020402939361243218,,1300.0
mpea-02b,C_measured,5.4,925.0,A1_FCC,0.9890028827284719,,1300.0
mpea-02b,C_measured,5.4,925.0,B2_BCC[ordered],0.010997117270155943,,1300.0
mpea-02b,C_measured,5.4,950.0,A1_FCC,0.9987919361578473,,1300.0
mpea-02b,C_measured,5.4,950.0,B2_BCC[ordered],0.0012080638465264328,,1300.0
mpea-02b,C_measured,5.8,1000.0,A1_FCC,1.0000000000033382,,1290.0
mpea-02b,C_measured,5.8,1010.0,A1_FCC,1.0000000000091323,,1290.0
mpea-02b,C_measured,5.8,1020.0,A1_FCC,0.9999999999939683,,1290.0
mpea-02b,C_measured,5.8,1030.0,A1_FCC,0.9999999999748929,,1290.0
mpea-02b,C_measured,5.8,1040.0,A1_FCC,1.0000000000331963,,1290.0
mpea-02b,C_measured,5.8,1050.0,A1_FCC,1.000000000011172,,1290.0
mpea-02b,C_measured,5.8,1060.0,A1_FCC,1.0000000000266365,,1290.0
mpea-02b,C_measured,5.8,1070.0,A1_FCC,0.999999999997679,,1290.0
mpea-02b,C_measured,5.8,1080.0,A1_FCC,0.9681518705341877,,1290.0
mpea-02b,C_measured,5.8,1080.0,B2_BCC[A2],0.031848129473556974,,1290.0
mpea-02b,C_measured,5.8,1090.0,A1_FCC,0.9130288560923311,,1290.0
mpea-02b,C_measured,5.8,1090.0,B2_BCC[A2],0.08697114392247089,,1290.0
mpea-02b,C_measured,5.8,1100.0,A1_FCC,0.8570223192174845,,1290.0
mpea-02b,C_measured,5.8,1100.0,B2_BCC[A2],0.1429776807518736,,1290.0
mpea-02b,C_measured,5.8,1110.0,A1_FCC,0.8003636081501879,,1290.0
mpea-02b,C_measured,5.8,1110.0,B2_BCC[A2],0.19963639186876886,,1290.0
mpea-02b,C_measured,5.8,1120.0,B2_BCC[A2],0.25663702471281874,,1290.0
mpea-02b,C_measured,5.8,1120.0,A1_FCC,0.7433629752922558,,1290.0
mpea-02b,C_measured,5.8,1130.0,B2_BCC[A2],0.3135837992811843,,1290.0
mpea-02b,C_measured,5.8,1130.0,A1_FCC,0.6864162006980886,,1290.0
mpea-02b,C_measured,5.8,1140.0,B2_BCC[A2],0.36999717341724075,,1290.0
mpea-02b,C_measured,5.8,1140.0,A1_FCC,0.6300028265862329,,1290.0
mpea-02b,C_measured,5.8,1150.0,B2_BCC[A2],0.4253287453094829,,1290.0
mpea-02b,C_measured,5.8,1150.0,A1_FCC,0.5746712547311059,,1290.0
mpea-02b,C_measured,5.8,1160.0,A1_FCC,0.5210071591811022,,1290.0
mpea-02b,C_measured,5.8,1160.0,B2_BCC[A2],0.4789928416207688,,1290.0
mpea-02b,C_measured,5.8,1170.0,A1_FCC,0.4695856008616494,,1290.0
mpea-02b,C_measured,5.8,1170.0,B2_BCC[A2],0.5304143999120267,,1290.0
mpea-02b,C_measured,5.8,1180.0,A1_FCC,0.4209135803430196,,1290.0
mpea-02b,C_measured,5.8,1180.0,B2_BCC[A2],0.5790864204990267,,1290.0
mpea-02b,C_measured,5.8,1190.0,A1_FCC,0.37537581574176254,,1290.0
mpea-02b,C_measured,5.8,1190.0,B2_BCC[A2],0.6246241842998789,,1290.0
mpea-02b,C_measured,5.8,1200.0,A1_FCC,0.3331982023417819,,1290.0
mpea-02b,C_measured,5.8,1200.0,B2_BCC[A2],0.6668017976584003,,1290.0
mpea-02b,C_measured,5.8,1210.0,A1_FCC,0.2944382895591412,,1290.0
mpea-02b,C_measured,5.8,1210.0,B2_BCC[A2],0.7055617104541996,,1290.0
mpea-02b,C_measured,5.8,1220.0,A1_FCC,0.25900256497174856,,1290.0
mpea-02b,C_measured,5.8,1220.0,B2_BCC[A2],0.740997435024991,,1290.0
mpea-02b,C_measured,5.8,1230.0,A1_FCC,0.22668184327444954,,1290.0
mpea-02b,C_measured,5.8,1230.0,B2_BCC[A2],0.7733181567166579,,1290.0
mpea-02b,C_measured,5.8,1240.0,A1_FCC,0.19719288322500753,,1290.0
mpea-02b,C_measured,5.8,1240.0,B2_BCC[A2],0.8028071167613398,,1290.0
mpea-02b,C_measured,5.8,1250.0,A1_FCC,0.1702382655000551,,1290.0
mpea-02b,C_measured,5.8,1250.0,B2_BCC[A2],0.8297617345149455,,1290.0
mpea-02b,C_measured,5.8,1260.0,A1_FCC,0.1454489955457275,,1290.0
mpea-02b,C_measured,5.8,1260.0,B2_BCC[A2],0.8545510044439931,,1290.0
mpea-02b,C_measured,5.8,1270.0,A1_FCC,0.12253999493511691,,1290.0
mpea-02b,C_measured,5.8,1270.0,B2_BCC[A2],0.8774600050580711,,1290.0
mpea-02b,C_measured,5.8,1280.0,A1_FCC,0.1012242565626384,,1290.0
mpea-02b,C_measured,5.8,1280.0,B2_BCC[A2],0.8987757434377927,,1290.0
mpea-02b,C_measured,5.8,1290.0,LIQUID,0.04239334795602159,,1290.0
mpea-02b,C_measured,5.8,1290.0,B2_BCC[A2],0.9576066520444259,,1290.0
mpea-02b,C_measured,5.8,1300.0,LIQUID,0.05655163651645912,,1290.0
mpea-02b,C_measured,5.8,1300.0,B2_BCC[A2],0.9434483634643089,,1290.0
mpea-02b,C_measured,5.8,1310.0,LIQUID,0.07523070811787244,,1290.0
mpea-02b,C_measured,5.8,1310.0,B2_BCC[A2],0.9247692919259335,,1290.0
mpea-02b,C_measured,5.8,1320.0,LIQUID,0.10039761987720447,,1290.0
mpea-02b,C_measured,5.8,1320.0,B2_BCC[A2],0.8996023801036276,,1290.0
mpea-02b,C_measured,5.8,1330.0,A1_FCC,0.436601866606233,,1290.0
mpea-02b,C_measured,5.8,1330.0,LIQUID,0.5633981333988406,,1290.0
mpea-02b,C_measured,5.8,1340.0,LIQUID,0.8614493424051524,,1290.0
mpea-02b,C_measured,5.8,1340.0,A1_FCC,0.13855065767021163,,1290.0
mpea-02b,C_measured,5.8,1350.0,LIQUID,1.0000000000197553,,1290.0
mpea-02b,C_measured,5.8,1360.0,LIQUID,1.0000000000006568,,1290.0
mpea-02b,C_measured,5.8,1370.0,LIQUID,0.9999999999564462,,1290.0
mpea-02b,C_measured,5.8,1380.0,LIQUID,1.0000000000486426,,1290.0
mpea-02b,C_measured,5.8,1390.0,LIQUID,0.9999999999913239,,1290.0
mpea-02b,C_measured,5.8,1400.0,LIQUID,0.9999999999490077,,1290.0
mpea-02b,C_measured,5.8,400.0,A1_FCC,0.7232778308891493,,1290.0
mpea-02b,C_measured,5.8,400.0,B2_BCC[A2],0.03768934640282774,,1290.0
mpea-02b,C_measured,5.8,400.0,B2_BCC[ordered],0.14829998656214077,,1290.0
mpea-02b,C_measured,5.8,400.0,CUB_A13,0.07935767761637992,,1290.0
mpea-02b,C_measured,5.8,400.0,M23C6_D84,0.011375170547738902,,1290.0
mpea-02b,C_measured,5.8,425.0,A1_FCC,0.8504785457249566,,1290.0
mpea-02b,C_measured,5.8,425.0,B2_BCC[ordered],0.14629177685211006,,1290.0
mpea-02b,C_measured,5.8,425.0,M23C6_D84,0.0032296896609595445,,1290.0
mpea-02b,C_measured,5.8,450.0,A1_FCC,0.8563633852879863,,1290.0
mpea-02b,C_measured,5.8,450.0,B2_BCC[ordered],0.14363661470285313,,1290.0
mpea-02b,C_measured,5.8,475.0,A1_FCC,0.8593402058854205,,1290.0
mpea-02b,C_measured,5.8,475.0,B2_BCC[ordered],0.14065979411796195,,1290.0
mpea-02b,C_measured,5.8,500.0,A1_FCC,0.8627755530753382,,1290.0
mpea-02b,C_measured,5.8,500.0,B2_BCC[ordered],0.13722444692188907,,1290.0
mpea-02b,C_measured,5.8,525.0,A1_FCC,0.866666448959148,,1290.0
mpea-02b,C_measured,5.8,525.0,B2_BCC[ordered],0.13333355103930347,,1290.0
mpea-02b,C_measured,5.8,550.0,A1_FCC,0.8710045796888528,,1290.0
mpea-02b,C_measured,5.8,550.0,B2_BCC[ordered],0.1289954203093676,,1290.0
mpea-02b,C_measured,5.8,575.0,A1_FCC,0.8757770308919601,,1290.0
mpea-02b,C_measured,5.8,575.0,B2_BCC[ordered],0.12422296909368628,,1290.0
mpea-02b,C_measured,5.8,600.0,A1_FCC,0.8809671685805243,,1290.0
mpea-02b,C_measured,5.8,600.0,B2_BCC[ordered],0.11903283142402986,,1290.0
mpea-02b,C_measured,5.8,625.0,A1_FCC,0.8865556000443311,,1290.0
mpea-02b,C_measured,5.8,625.0,B2_BCC[ordered],0.11344439996966785,,1290.0
mpea-02b,C_measured,5.8,650.0,A1_FCC,0.8925211484217537,,1290.0
mpea-02b,C_measured,5.8,650.0,B2_BCC[ordered],0.10747885160951527,,1290.0
mpea-02b,C_measured,5.8,675.0,A1_FCC,0.8988417826001583,,1290.0
mpea-02b,C_measured,5.8,675.0,B2_BCC[ordered],0.10115821741060026,,1290.0
mpea-02b,C_measured,5.8,700.0,A1_FCC,0.905495460171335,,1290.0
mpea-02b,C_measured,5.8,700.0,B2_BCC[ordered],0.09450453984577588,,1290.0
mpea-02b,C_measured,5.8,725.0,A1_FCC,0.9124608589140831,,1290.0
mpea-02b,C_measured,5.8,725.0,B2_BCC[ordered],0.08753914107198724,,1290.0
mpea-02b,C_measured,5.8,750.0,A1_FCC,0.9197179932048983,,1290.0
mpea-02b,C_measured,5.8,750.0,B2_BCC[ordered],0.08028200677550444,,1290.0
mpea-02b,C_measured,5.8,775.0,B2_BCC[ordered],0.07275126988732636,,1290.0
mpea-02b,C_measured,5.8,775.0,A1_FCC,0.92724873011231,,1290.0
mpea-02b,C_measured,5.8,800.0,A1_FCC,0.9350372385729554,,1290.0
mpea-02b,C_measured,5.8,800.0,B2_BCC[ordered],0.06496276145133488,,1290.0
mpea-02b,C_measured,5.8,825.0,A1_FCC,0.9430704276108544,,1290.0
mpea-02b,C_measured,5.8,825.0,B2_BCC[ordered],0.0569295734220625,,1290.0
mpea-02b,C_measured,5.8,850.0,A1_FCC,0.9513384548751922,,1290.0
mpea-02b,C_measured,5.8,850.0,B2_BCC[ordered],0.048661545379789214,,1290.0
mpea-02b,C_measured,5.8,875.0,A1_FCC,0.9598354553385087,,1290.0
mpea-02b,C_measured,5.8,875.0,B2_BCC[ordered],0.040164544728597276,,1290.0
mpea-02b,C_measured,5.8,900.0,A1_FCC,0.9685607283210839,,1290.0
mpea-02b,C_measured,5.8,900.0,B2_BCC[ordered],0.03143927169931001,,1290.0
mpea-02b,C_measured,5.8,925.0,A1_FCC,0.9775209134573263,,1290.0
mpea-02b,C_measured,5.8,925.0,B2_BCC[ordered],0.022479086559450634,,1290.0
mpea-02b,C_measured,5.8,950.0,A1_FCC,0.9867343475002421,,1290.0
mpea-02b,C_measured,5.8,950.0,B2_BCC[ordered],0.013265652504981146,,1290.0
mpea-02b,C_measured,6.2,1000.0,B2_BCC[ordered],0.0067235700645608765,,1310.0
mpea-02b,C_measured,6.2,1000.0,A1_FCC,0.9932764299575448,,1310.0
mpea-02b,C_measured,6.2,1010.0,A1_FCC,0.9969433886636905,,1310.0
mpea-02b,C_measured,6.2,1010.0,B2_BCC[ordered],0.003056611348967652,,1310.0
mpea-02b,C_measured,6.2,1020.0,A1_FCC,0.999999999965391,,1310.0
mpea-02b,C_measured,6.2,1030.0,A1_FCC,0.9999999999956869,,1310.0
mpea-02b,C_measured,6.2,1040.0,A1_FCC,1.0000000000152465,,1310.0
mpea-02b,C_measured,6.2,1050.0,A1_FCC,1.0000000000179314,,1310.0
mpea-02b,C_measured,6.2,1060.0,A1_FCC,0.9999999999930897,,1310.0
mpea-02b,C_measured,6.2,1070.0,A1_FCC,1.0000000000089293,,1310.0
mpea-02b,C_measured,6.2,1080.0,A1_FCC,0.9999999999907244,,1310.0
mpea-02b,C_measured,6.2,1090.0,A1_FCC,0.9394629221788767,,1310.0
mpea-02b,C_measured,6.2,1090.0,B2_BCC[A2],0.060537077791634766,,1310.0
mpea-02b,C_measured,6.2,1100.0,A1_FCC,0.8831650091923029,,1310.0
mpea-02b,C_measured,6.2,1100.0,B2_BCC[A2],0.11683499080591943,,1310.0
mpea-02b,C_measured,6.2,1110.0,B2_BCC[A2],0.17394094265325163,,1310.0
mpea-02b,C_measured,6.2,1110.0,A1_FCC,0.8260590573505044,,1310.0
mpea-02b,C_measured,6.2,1120.0,B2_BCC[A2],0.23157498054058007,,1310.0
mpea-02b,C_measured,6.2,1120.0,A1_FCC,0.7684250201770902,,1310.0
mpea-02b,C_measured,6.2,1130.0,B2_BCC[A2],0.2893699771180966,,1310.0
mpea-02b,C_measured,6.2,1130.0,A1_FCC,0.7106300230366283,,1310.0
mpea-02b,C_measured,6.2,1140.0,B2_BCC[A2],0.34686838789567365,,1310.0
mpea-02b,C_measured,6.2,1140.0,A1_FCC,0.6531316121705525,,1310.0
mpea-02b,C_measured,6.2,1150.0,B2_BCC[A2],0.403530599850646,,1310.0
mpea-02b,C_measured,6.2,1150.0,A1_FCC,0.5964694001462207,,1310.0
mpea-02b,C_measured,6.2,1160.0,A1_FCC,0.5412402788264251,,1310.0
mpea-02b,C_measured,6.2,1160.0,B2_BCC[A2],0.4587597212131359,,1310.0
mpea-02b,C_measured,6.2,1170.0,A1_FCC,0.48805513729143024,,1310.0
mpea-02b,C_measured,6.2,1170.0,B2_BCC[A2],0.5119448627105713,,1310.0
mpea-02b,C_measured,6.2,1180.0,A1_FCC,0.43748095355028593,,1310.0
mpea-02b,C_measured,6.2,1180.0,B2_BCC[A2],0.562519046437168,,1310.0
mpea-02b,C_measured,6.2,1190.0,A1_FCC,0.38997949313827573,,1310.0
mpea-02b,C_measured,6.2,1190.0,B2_BCC[A2],0.6100205068956953,,1310.0
mpea-02b,C_measured,6.2,1200.0,A1_FCC,0.3458584329612557,,1310.0
mpea-02b,C_measured,6.2,1200.0,B2_BCC[A2],0.6541415671817036,,1310.0
mpea-02b,C_measured,6.2,1210.0,A1_FCC,0.3052484239789431,,1310.0
mpea-02b,C_measured,6.2,1210.0,B2_BCC[A2],0.694751576277605,,1310.0
mpea-02b,C_measured,6.2,1220.0,A1_FCC,1.0000000000090403,,1310.0
mpea-02b,C_measured,6.2,1230.0,A1_FCC,1.000000000007663,,1310.0
mpea-02b,C_measured,6.2,1240.0,A1_FCC,0.9999999999992686,,1310.0
mpea-02b,C_measured,6.2,1250.0,A1_FCC,0.9999999999998848,,1310.0
mpea-02b,C_measured,6.2,1260.0,A1_FCC,0.9999999999999035,,1310.0
mpea-02b,C_measured,6.2,1270.0,A1_FCC,1.0000000000019378,,1310.0
mpea-02b,C_measured,6.2,1280.0,A1_FCC,1.000000000001041,,1310.0
mpea-02b,C_measured,6.2,1290.0,A1_FCC,1.0000000000123102,,1310.0
mpea-02b,C_measured,6.2,1300.0,A1_FCC,1.00000000000648,,1310.0
mpea-02b,C_measured,6.2,1310.0,A1_FCC,0.9052417963973073,,1310.0
mpea-02b,C_measured,6.2,1310.0,LIQUID,0.09475820362443153,,1310.0
mpea-02b,C_measured,6.2,1320.0,LIQUID,0.3405152925969117,,1310.0
mpea-02b,C_measured,6.2,1320.0,A1_FCC,0.659484707325086,,1310.0
mpea-02b,C_measured,6.2,1330.0,LIQUID,0.6089793827694955,,1310.0
mpea-02b,C_measured,6.2,1330.0,A1_FCC,0.39102061718681835,,1310.0
mpea-02b,C_measured,6.2,1340.0,LIQUID,0.9011426581696195,,1310.0
mpea-02b,C_measured,6.2,1340.0,A1_FCC,0.09885734187300435,,1310.0
mpea-02b,C_measured,6.2,1350.0,LIQUID,0.9999999999780096,,1310.0
mpea-02b,C_measured,6.2,1360.0,LIQUID,1.000000000007971,,1310.0
mpea-02b,C_measured,6.2,1370.0,LIQUID,1.0000000000061051,,1310.0
mpea-02b,C_measured,6.2,1380.0,LIQUID,1.0000000000023985,,1310.0
mpea-02b,C_measured,6.2,1390.0,LIQUID,1.000000000010942,,1310.0
mpea-02b,C_measured,6.2,1400.0,LIQUID,1.0000000000382587,,1310.0
mpea-02b,C_measured,6.2,400.0,B2_BCC[A2],0.008348735629573159,,1310.0
mpea-02b,C_measured,6.2,400.0,A1_FCC,0.8239448321594679,,1310.0
mpea-02b,C_measured,6.2,400.0,B2_BCC[ordered],0.1578552907662611,,1310.0
mpea-02b,C_measured,6.2,400.0,M23C6_D84,0.009851144139410855,,1310.0
mpea-02b,C_measured,6.2,425.0,A1_FCC,0.8405010735664772,,1310.0
mpea-02b,C_measured,6.2,425.0,B2_BCC[ordered],0.1554100011168852,,1310.0
mpea-02b,C_measured,6.2,425.0,M23C6_D84,0.0040889370047290175,,1310.0
mpea-02b,C_measured,6.2,450.0,A1_FCC,0.8472766707456699,,1310.0
mpea-02b,C_measured,6.2,450.0,B2_BCC[ordered],0.15272332924506304,,1310.0
mpea-02b,C_measured,6.2,475.0,B2_BCC[ordered],0.14975124019479255,,1310.0
mpea-02b,C_measured,6.2,475.0,A1_FCC,0.850248759814226,,1310.0
mpea-02b,C_measured,6.2,500.0,A1_FCC,0.8536814999049097,,1310.0
mpea-02b,C_measured,6.2,500.0,B2_BCC[ordered],0.14631850009557082,,1310.0
mpea-02b,C_measured,6.2,525.0,A1_FCC,0.8575703953476256,,1310.0
mpea-02b,C_measured,6.2,525.0,B2_BCC[ordered],0.142429604652795,,1310.0
mpea-02b,C_measured,6.2,550.0,A1_FCC,0.8619054113551051,,1310.0
mpea-02b,C_measured,6.2,550.0,B2_BCC[ordered],0.13809458864519633,,1310.0
mpea-02b,C_measured,6.2,575.0,A1_FCC,0.8666717530713307,,1310.0
mpea-02b,C_measured,6.2,575.0,B2_BCC[ordered],0.13332824690595702,,1310.0
mpea-02b,C_measured,6.2,600.0,A1_FCC,0.8718507899515812,,1310.0
mpea-02b,C_measured,6.2,600.0,B2_BCC[ordered],0.12814921005990146,,1310.0
mpea-02b,C_measured,6.2,625.0,A1_FCC,0.8774210516186778,,1310.0
mpea-02b,C_measured,6.2,625.0,B2_BCC[ordered],0.12257894840281987,,1310.0
mpea-02b,C_measured,6.2,650.0,A1_FCC,0.8833592222933472,,1310.0
mpea-02b,C_measured,6.2,650.0,B2_BCC[ordered],0.11664077772494799,,1310.0
mpea-02b,C_measured,6.2,675.0,A1_FCC,0.8896410692946297,,1310.0
mpea-02b,C_measured,6.2,675.0,B2_BCC[ordered],0.1103589306963867,,1310.0
mpea-02b,C_measured,6.2,700.0,A1_FCC,0.8962422581933318,,1310.0
mpea-02b,C_measured,6.2,700.0,B2_BCC[ordered],0.10375774178363155,,1310.0
mpea-02b,C_measured,6.2,725.0,A1_FCC,0.9031390262274327,,1310.0
mpea-02b,C_measured,6.2,725.0,B2_BCC[ordered],0.09686097378551949,,1310.0
mpea-02b,C_measured,6.2,750.0,A1_FCC,0.9103087034187224,,1310.0
mpea-02b,C_measured,6.2,750.0,B2_BCC[ordered],0.08969129660413165,,1310.0
mpea-02b,C_measured,6.2,775.0,A1_FCC,0.9177300873201023,,1310.0
mpea-02b,C_measured,6.2,775.0,B2_BCC[ordered],0.0822699126458594,,1310.0
mpea-02b,C_measured,6.2,800.0,A1_FCC,0.9253836874101973,,1310.0
mpea-02b,C_measured,6.2,800.0,B2_BCC[ordered],0.07461631259708046,,1310.0
mpea-02b,C_measured,6.2,825.0,A1_FCC,0.9332518628013972,,1310.0
mpea-02b,C_measured,6.2,825.0,B2_BCC[ordered],0.06674813719801788,,1310.0
mpea-02b,C_measured,6.2,850.0,A1_FCC,0.9413188836287201,,1310.0
mpea-02b,C_measured,6.2,850.0,B2_BCC[ordered],0.058681116811974104,,1310.0
mpea-02b,C_measured,6.2,875.0,A1_FCC,0.9495709472902929,,1310.0
mpea-02b,C_measured,6.2,875.0,B2_BCC[ordered],0.05042905281187632,,1310.0
mpea-02b,C_measured,6.2,900.0,A1_FCC,0.9579961991210504,,1310.0
mpea-02b,C_measured,6.2,900.0,B2_BCC[ordered],0.042003800892571455,,1310.0
mpea-02b,C_measured,6.2,925.0,A1_FCC,0.9665848232330508,,1310.0
mpea-02b,C_measured,6.2,925.0,B2_BCC[ordered],0.03341517675655324,,1310.0
mpea-02b,C_measured,6.2,950.0,A1_FCC,0.9753293672160843,,1310.0
mpea-02b,C_measured,6.2,950.0,B2_BCC[ordered],0.02467063278734822,,1310.0
mpea-02b,C_measured,6.6,1000.0,A1_FCC,0.98127575471026,,1310.0
mpea-02b,C_measured,6.6,1000.0,B2_BCC[ordered],0.018724245308783014,,1310.0
mpea-02b,C_measured,6.6,1010.0,A1_FCC,0.9846215231268385,,1310.0
mpea-02b,C_measured,6.6,1010.0,B2_BCC[ordered],0.015378476878303843,,1310.0
mpea-02b,C_measured,6.6,1020.0,A1_FCC,0.9879480908078484,,1310.0
mpea-02b,C_measured,6.6,1020.0,B2_BCC[ordered],0.012051909209717784,,1310.0
mpea-02b,C_measured,6.6,1030.0,A1_FCC,0.991245384850422,,1310.0
mpea-02b,C_measured,6.6,1030.0,B2_BCC[ordered],0.008754615159052107,,1310.0
mpea-02b,C_measured,6.6,1040.0,A1_FCC,0.9944993297726562,,1310.0
mpea-02b,C_measured,6.6,1040.0,B2_BCC[ordered],0.0055006702316751106,,1310.0
mpea-02b,C_measured,6.6,1050.0,A1_FCC,0.9976893391286656,,1310.0
mpea-02b,C_measured,6.6,1050.0,B2_BCC[ordered],0.002310660878808381,,1310.0
mpea-02b,C_measured,6.6,1060.0,A1_FCC,0.9999999999968084,,1310.0
mpea-02b,C_measured,6.6,1070.0,A1_FCC,1.0000000000137688,,1310.0
mpea-02b,C_measured,6.6,1080.0,A1_FCC,0.9999999999872108,,1310.0
mpea-02b,C_measured,6.6,1090.0,A1_FCC,0.9999999999854988,,1310.0
mpea-02b,C_measured,6.6,1100.0,A1_FCC,0.9090804703745899,,1310.0
mpea-02b,C_measured,6.6,1100.0,B2_BCC[A2],0.09091952944118602,,1310.0
mpea-02b,C_measured,6.6,1110.0,B2_BCC[A2],0.14835649415509566,,1310.0
mpea-02b,C_measured,6.6,1110.0,A1_FCC,0.8516435058444288,,1310.0
mpea-02b,C_measured,6.6,1120.0,B2_BCC[A2],0.20649618556448543,,1310.0
mpea-02b,C_measured,6.6,1120.0,A1_FCC,0.7935038144845477,,1310.0
mpea-02b,C_measured,6.6,1130.0,B2_BCC[A2],0.2650026720968492,,1310.0
mpea-02b,C_measured,6.6,1130.0,A1_FCC,0.7349973279498995,,1310.0
mpea-02b,C_measured,6.6,1140.0,B2_BCC[A2],0.32344562360590595,,1310.0
mpea-02b,C_measured,6.6,1140.0,A1_FCC,0.6765543764235414,,1310.0
mpea-02b,C_measured,6.6,1150.0,B2_BCC[A2],0.3813024507795533,,1310.0
mpea-02b,C_measured,6.6,1150.0,A1_FCC,0.6186975492448412,,1310.0
mpea-02b,C_measured,6.6,1160.0,A1_FCC,0.5620242435107805,,1310.0
mpea-02b,C_measured,6.6,1160.0,B2_BCC[A2],0.4379757564745113,,1310.0
mpea-02b,C_measured,6.6,1170.0,A1_FCC,0.5071697963434351,,1310.0
mpea-02b,C_measured,6.6,1170.0,B2_BCC[A2],0.49283020369137104,,1310.0
mpea-02b,C_measured,6.6,1180.0,A1_FCC,0.454751990349513,,1310.0
mpea-02b,C_measured,6.6,1180.0,B2_BCC[A2],0.5452480096512105,,1310.0
mpea-02b,C_measured,6.6,1190.0,A1_FCC,0.40530553831040633,,1310.0
mpea-02b,C_measured,6.6,1190.0,B2_BCC[A2],0.5946944616713009,,1310.0
mpea-02b,C_measured,6.6,1200.0,A1_FCC,0.359222249593473,,1310.0
mpea-02b,C_measured,6.6,1200.0,B2_BCC[A2],0.6407777504227228,,1310.0
mpea-02b,C_measured,6.6,1210.0,A1_FCC,0.3167137395815502,,1310.0
mpea-02b,C_measured,6.6,1210.0,B2_BCC[A2],0.6832862604455,,1310.0
mpea-02b,C_measured,6.6,1220.0,A1_FCC,1.0000000000210734,,1310.0
mpea-02b,C_measured,6.6,1230.0,A1_FCC,0.9999999999772796,,1310.0
mpea-02b,C_measured,6.6,1240.0,A1_FCC,0.9999999999896343,,1310.0
mpea-02b,C_measured,6.6,1250.0,A1_FCC,0.9999999999652038,,1310.0
mpea-02b,C_measured,6.6,1260.0,A1_FCC,1.0000000000170748,,1310.0
mpea-02b,C_measured,6.6,1270.0,A1_FCC,1.0000000000001725,,1310.0
mpea-02b,C_measured,6.6,1280.0,A1_FCC,1.000000000017532,,1310.0
mpea-02b,C_measured,6.6,1290.0,A1_FCC,1.00000000000792,,1310.0
mpea-02b,C_measured,6.6,1300.0,A1_FCC,0.9999999999914594,,1310.0
mpea-02b,C_measured,6.6,1310.0,LIQUID,0.14723964705141707,,1310.0
mpea-02b,C_measured,6.6,1310.0,A1_FCC,0.8527603529441624,,1310.0
mpea-02b,C_measured,6.6,1320.0,LIQUID,0.3891124027720168,,1310.0
mpea-02b,C_measured,6.6,1320.0,A1_FCC,0.6108875971697958,,1310.0
mpea-02b,C_measured,6.6,1330.0,A1_FCC,0.3472537269327407,,1310.0
mpea-02b,C_measured,6.6,1330.0,LIQUID,0.6527462730326773,,1310.0
mpea-02b,C_measured,6.6,1340.0,LIQUID,0.939425898005514,,1310.0
mpea-02b,C_measured,6.6,1340.0,A1_FCC,0.060574101997514875,,1310.0
mpea-02b,C_measured,6.6,1350.0,LIQUID,1.0000000000185103,,1310.0
mpea-02b,C_measured,6.6,1360.0,LIQUID,1.0000000000059253,,1310.0
mpea-02b,C_measured,6.6,1370.0,LIQUID,0.9999999999896619,,1310.0
mpea-02b,C_measured,6.6,1380.0,LIQUID,1.0000000000067544,,1310.0
mpea-02b,C_measured,6.6,1390.0,LIQUID,1.0000000000068214,,1310.0
mpea-02b,C_measured,6.6,1400.0,LIQUID,0.9999999999981098,,1310.0
mpea-02b,C_measured,6.6,400.0,A1_FCC,0.8231183714528791,,1310.0
mpea-02b,C_measured,6.6,400.0,B2_BCC[ordered],0.16666792771198607,,1310.0
mpea-02b,C_measured,6.6,400.0,M23C6_D84,0.010213711488323752,,1310.0
mpea-02b,C_measured,6.6,425.0,A1_FCC,0.8307305472844166,,1310.0
mpea-02b,C_measured,6.6,425.0,B2_BCC[ordered],0.16437010466142798,,1310.0
mpea-02b,C_measured,6.6,425.0,M23C6_D84,0.004899359216952509,,1310.0
mpea-02b,C_measured,6.6,450.0,A1_FCC,0.8383516020283366,,1310.0
mpea-02b,C_measured,6.6,450.0,B2_BCC[ordered],0.16164839796905162,,1310.0
mpea-02b,C_measured,6.6,475.0,A1_FCC,0.8413239716870496,,1310.0
mpea-02b,C_measured,6.6,475.0,B2_BCC[ordered],0.15867602830797262,,1310.0
mpea-02b,C_measured,6.6,500.0,A1_FCC,0.8447594868535747,,1310.0
mpea-02b,C_measured,6.6,500.0,B2_BCC[ordered],0.15524051314637344,,1310.0
mpea-02b,C_measured,6.6,525.0,B2_BCC[ordered],0.1513478695654563,,1310.0
mpea-02b,C_measured,6.6,525.0,A1_FCC,0.8486521304275979,,1310.0
mpea-02b,C_measured,6.6,550.0,A1_FCC,0.8529901519153301,,1310.0
mpea-02b,C_measured,6.6,550.0,B2_BCC[ordered],0.1470098480876119,,1310.0
mpea-02b,C_measured,6.6,575.0,A1_FCC,0.8577568973728323,,1310.0
mpea-02b,C_measured,6.6,575.0,B2_BCC[ordered],0.14224310262942966,,1310.0
mpea-02b,C_measured,6.6,600.0,A1_FCC,0.8629317842994931,,1310.0
mpea-02b,C_measured,6.6,600.0,B2_BCC[ordered],0.1370682156901834,,1310.0
mpea-02b,C_measured,6.6,625.0,B2_BCC[ordered],0.13150866038940354,,1310.0
mpea-02b,C_measured,6.6,625.0,A1_FCC,0.8684913396183362,,1310.0
mpea-02b,C_measured,6.6,650.0,A1_FCC,0.8744102206014599,,1310.0
mpea-02b,C_measured,6.6,650.0,B2_BCC[ordered],0.12558977938909782,,1310.0
mpea-02b,C_measured,6.6,675.0,A1_FCC,0.8806621495050762,,1310.0
mpea-02b,C_measured,6.6,675.0,B2_BCC[ordered],0.11933785051269895,,1310.0
mpea-02b,C_measured,6.6,700.0,A1_FCC,0.8872207102506817,,1310.0
mpea-02b,C_measured,6.6,700.0,B2_BCC[ordered],0.11277928975977462,,1310.0
mpea-02b,C_measured,6.6,725.0,A1_FCC,0.8940599763730903,,1310.0
mpea-02b,C_measured,6.6,725.0,B2_BCC[ordered],0.10594002361808452,,1310.0
mpea-02b,C_measured,6.6,750.0,A1_FCC,0.9011549564946116,,1310.0
mpea-02b,C_measured,6.6,750.0,B2_BCC[ordered],0.09884504351662006,,1310.0
mpea-02b,C_measured,6.6,775.0,A1_FCC,0.908481857203308,,1310.0
mpea-02b,C_measured,6.6,775.0,B2_BCC[ordered],0.09151814279561114,,1310.0
mpea-02b,C_measured,6.6,800.0,A1_FCC,0.9160181693733913,,1310.0
mpea-02b,C_measured,6.6,800.0,B2_BCC[ordered],0.08398183062982875,,1310.0
mpea-02b,C_measured,6.6,825.0,A1_FCC,0.9237425827160037,,1310.0
mpea-02b,C_measured,6.6,825.0,B2_BCC[ordered],0.07625741726990441,,1310.0
mpea-02b,C_measured,6.6,850.0,B2_BCC[ordered],0.06836527791570085,,1310.0
mpea-02b,C_measured,6.6,850.0,A1_FCC,0.9316347228255651,,1310.0
mpea-02b,C_measured,6.6,875.0,B2_BCC[ordered],0.06032532149065782,,1310.0
mpea-02b,C_measured,6.6,875.0,A1_FCC,0.9396746786720135,,1310.0
mpea-02b,C_measured,6.6,900.0,B2_BCC[ordered],0.05215774933525855,,1310.0
mpea-02b,C_measured,6.6,900.0,A1_FCC,0.9478422507073554,,1310.0
mpea-02b,C_measured,6.6,925.0,A1_FCC,0.956115739055601,,1310.0
mpea-02b,C_measured,6.6,925.0,B2_BCC[ordered],0.04388426095452381,,1310.0
mpea-02b,C_measured,6.6,950.0,B2_BCC[ordered],0.03553008821102294,,1310.0
mpea-02b,C_measured,6.6,950.0,A1_FCC,0.9644699118041685,,1310.0
mpea-02b,C_measured,7.0,1000.0,B2_BCC[ordered],0.030046181289625273,,1310.0
mpea-02b,C_measured,7.0,1000.0,A1_FCC,0.9699538187147327,,1310.0
mpea-02b,C_measured,7.0,1010.0,B2_BCC[ordered],0.02694887318265385,,1310.0
mpea-02b,C_measured,7.0,1010.0,A1_FCC,0.9730511268097901,,1310.0
mpea-02b,C_measured,7.0,1020.0,A1_FCC,0.9760987591571254,,1310.0
mpea-02b,C_measured,7.0,1020.0,B2_BCC[ordered],0.023901240847903182,,1310.0
mpea-02b,C_measured,7.0,1030.0,A1_FCC,0.9790797905640783,,1310.0
mpea-02b,C_measured,7.0,1030.0,B2_BCC[ordered],0.020920209442242044,,1310.0
mpea-02b,C_measured,7.0,1040.0,A1_FCC,0.9819705609955126,,1310.0
mpea-02b,C_measured,7.0,1040.0,B2_BCC[ordered],0.018029439045203446,,1310.0
mpea-02b,C_measured,7.0,1050.0,A1_FCC,0.9847363837225694,,1310.0
mpea-02b,C_measured,7.0,1050.0,B2_BCC[ordered],0.015263616298192182,,1310.0
mpea-02b,C_measured,7.0,1060.0,A1_FCC,0.9873230802509274,,1310.0
mpea-02b,C_measured,7.0,1060.0,B2_BCC[ordered],0.012676919787125164,,1310.0
mpea-02b,C_measured,7.0,1070.0,A1_FCC,0.9896380193286853,,1310.0
mpea-02b,C_measured,7.0,1070.0,B2_BCC[ordered],0.010361980694737864,,1310.0
mpea-02b,C_measured,7.0,1080.0,A1_FCC,0.9914983755267565,,1310.0
mpea-02b,C_measured,7.0,1080.0,B2_BCC[ordered],0.008501624488408263,,1310.0
mpea-02b,C_measured,7.0,1090.0,A1_FCC,0.9924267489137281,,1310.0
mpea-02b,C_measured,7.0,1090.0,B2_BCC[ordered],0.007573251108237567,,1310.0
mpea-02b,C_measured,7.0,1100.0,A1_FCC,0.9347255200230764,,1310.0
mpea-02b,C_measured,7.0,1100.0,B2_BCC[A2],0.06527447987979237,,1310.0
mpea-02b,C_measured,7.0,1110.0,A1_FCC,0.8770645110425133,,1310.0
mpea-02b,C_measured,7.0,1110.0,B2_BCC[A2],0.12293548894009657,,1310.0
mpea-02b,C_measured,7.0,1120.0,A1_FCC,0.8185385939134564,,1310.0
mpea-02b,C_measured,7.0,1120.0,B2_BCC[A2],0.1814614061898405,,1310.0
mpea-02b,C_measured,7.0,1130.0,A1_FCC,0.7594511033164943,,1310.0
mpea-02b,C_measured,7.0,1130.0,B2_BCC[A2],0.24054889673360824,,1310.0
mpea-02b,C_measured,7.0,1140.0,A1_FCC,0.7002013419836464,,1310.0
mpea-02b,C_measured,7.0,1140.0,B2_BCC[A2],0.2997986580498409,,1310.0
mpea-02b,C_measured,7.0,1150.0,A1_FCC,0.641288014966509,,1310.0
mpea-02b,C_measured,7.0,1150.0,B2_BCC[A2],0.35871198505828883,,1310.0
mpea-02b,C_measured,7.0,1160.0,A1_FCC,0.5832991486837241,,1310.0
mpea-02b,C_measured,7.0,1160.0,B2_BCC[A2],0.4167008513572615,,1310.0
mpea-02b,C_measured,7.0,1170.0,A1_FCC,0.5268828479302646,,1310.0
mpea-02b,C_measured,7.0,1170.0,B2_BCC[A2],0.4731171520698919,,1310.0
mpea-02b,C_measured,7.0,1180.0,A1_FCC,0.47269678588504943,,1310.0
mpea-02b,C_measured,7.0,1180.0,B2_BCC[A2],0.5273032141520494,,1310.0
mpea-02b,C_measured,7.0,1190.0,A1_FCC,0.421341684398662,,1310.0
mpea-02b,C_measured,7.0,1190.0,B2_BCC[A2],0.5786583155996126,,1310.0
mpea-02b,C_measured,7.0,1200.0,A1_FCC,0.37329286603613565,,1310.0
mpea-02b,C_measured,7.0,1200.0,B2_BCC[A2],0.6267071339856864,,1310.0
mpea-02b,C_measured,7.0,1210.0,A1_FCC,0.3288487292494826,,1310.0
mpea-02b,C_measured,7.0,1210.0,B2_BCC[A2],0.6711512707702788,,1310.0
mpea-02b,C_measured,7.0,1220.0,A1_FCC,0.9999999999911171,,1310.0
mpea-02b,C_measured,7.0,1230.0,A1_FCC,1.0000000000114986,,1310.0
mpea-02b,C_measured,7.0,1240.0,A1_FCC,1.0000000000214464,,1310.0
mpea-02b,C_measured,7.0,1250.0,A1_FCC,1.000000000005505,,1310.0
mpea-02b,C_measured,7.0,1260.0,A1_FCC,0.9999999999789612,,1310.0
mpea-02b,C_measured,7.0,1270.0,A1_FCC,0.9999999999841993,,1310.0
mpea-02b,C_measured,7.0,1280.0,A1_FCC,1.0000000000206013,,1310.0
mpea-02b,C_measured,7.0,1290.0,A1_FCC,1.0000000000024947,,1310.0
mpea-02b,C_measured,7.0,1300.0,A1_FCC,0.9999999999760161,,1310.0
mpea-02b,C_measured,7.0,1310.0,A1_FCC,0.8024442509517189,,1310.0
mpea-02b,C_measured,7.0,1310.0,LIQUID,0.19755574905335446,,1310.0
mpea-02b,C_measured,7.0,1320.0,A1_FCC,0.564239502464207,,1310.0
mpea-02b,C_measured,7.0,1320.0,LIQUID,0.43576049749664775,,1310.0
mpea-02b,C_measured,7.0,1330.0,LIQUID,0.6948736691707449,,1310.0
mpea-02b,C_measured,7.0,1330.0,A1_FCC,0.30512633084456087,,1310.0
mpea-02b,C_measured,7.0,1340.0,A1_FCC,0.023571789606069714,,1310.0
mpea-02b,C_measured,7.0,1340.0,LIQUID,0.9764282103583246,,1310.0
mpea-02b,C_measured,7.0,1350.0,LIQUID,0.9999999999702388,,1310.0
mpea-02b,C_measured,7.0,1360.0,LIQUID,0.9999999999755399,,1310.0
mpea-02b,C_measured,7.0,1370.0,LIQUID,1.0000000000189009,,1310.0
mpea-02b,C_measured,7.0,1380.0,LIQUID,0.9999999999928578,,1310.0
mpea-02b,C_measured,7.0,1390.0,LIQUID,1.0000000000066172,,1310.0
mpea-02b,C_measured,7.0,1400.0,LIQUID,0.9999999999802917,,1310.0
mpea-02b,C_measured,7.0,400.0,B2_BCC[A2],0.0015301359960491715,,1310.0
mpea-02b,C_measured,7.0,400.0,A1_FCC,0.8121808200488578,,1310.0
mpea-02b,C_measured,7.0,400.0,B2_BCC[ordered],0.17549524492927815,,1310.0
mpea-02b,C_measured,7.0,400.0,M23C6_D84,0.010793802713136501,,1310.0
mpea-02b,C_measured,7.0,425.0,A1_FCC,0.8211543782144995,,1310.0
mpea-02b,C_measured,7.0,425.0,B2_BCC[ordered],0.17318132255217653,,1310.0
mpea-02b,C_measured,7.0,425.0,M23C6_D84,0.005664309333326584,,1310.0
mpea-02b,C_measured,7.0,450.0,A1_FCC,0.8295785405109306,,1310.0
mpea-02b,C_measured,7.0,450.0,B2_BCC[ordered],0.1704214594859947,,1310.0
mpea-02b,C_measured,7.0,475.0,A1_FCC,0.8325559476843093,,1310.0
mpea-02b,C_measured,7.0,475.0,B2_BCC[ordered],0.16744405230564205,,1310.0
mpea-02b,C_measured,7.0,500.0,A1_FCC,0.8359993014005468,,1310.0
mpea-02b,C_measured,7.0,500.0,B2_BCC[ordered],0.164000698603898,,1310.0
mpea-02b,C_measured,7.0,525.0,A1_FCC,0.8399010488606151,,1310.0
mpea-02b,C_measured,7.0,525.0,B2_BCC[ordered],0.1600989511313086,,1310.0
mpea-02b,C_measured,7.0,550.0,A1_FCC,0.8442477178988758,,1310.0
mpea-02b,C_measured,7.0,550.0,B2_BCC[ordered],0.1557522821155938,,1310.0
mpea-02b,C_measured,7.0,575.0,A1_FCC,0.8490208047667015,,1310.0
mpea-02b,C_measured,7.0,575.0,B2_BCC[ordered],0.150979195234639,,1310.0
mpea-02b,C_measured,7.0,600.0,B2_BCC[ordered],0.14580219400384795,,1310.0
mpea-02b,C_measured,7.0,600.0,A1_FCC,0.8541978060092376,,1310.0
mpea-02b,C_measured,7.0,625.0,B2_BCC[ordered],0.1402466954876073,,1310.0
mpea-02b,C_measured,7.0,625.0,A1_FCC,0.859753304497609,,1310.0
mpea-02b,C_measured,7.0,650.0,A1_FCC,0.865660022480665,,1310.0
mpea-02b,C_measured,7.0,650.0,B2_BCC[ordered],0.1343399774989089,,1310.0
mpea-02b,C_measured,7.0,675.0,A1_FCC,0.8718897673433548,,1310.0
mpea-02b,C_measured,7.0,675.0,B2_BCC[ordered],0.12811023267157506,,1310.0
mpea-02b,C_measured,7.0,700.0,A1_FCC,0.8784142164071248,,1310.0
mpea-02b,C_measured,7.0,700.0,B2_BCC[ordered],0.12158578359229842,,1310.0
mpea-02b,C_measured,7.0,725.0,A1_FCC,0.885205508231203,,1310.0
mpea-02b,C_measured,7.0,725.0,B2_BCC[ordered],0.1147944917677596,,1310.0
mpea-02b,C_measured,7.0,750.0,A1_FCC,0.8922366255413323,,1310.0
mpea-02b,C_measured,7.0,750.0,B2_BCC[ordered],0.10776337447727775,,1310.0
mpea-02b,C_measured,7.0,775.0,A1_FCC,0.8994815671991677,,1310.0
mpea-02b,C_measured,7.0,775.0,B2_BCC[ordered],0.10051843280265772,,1310.0
mpea-02b,C_measured,7.0,800.0,A1_FCC,0.9069153097333081,,1310.0
mpea-02b,C_measured,7.0,800.0,B2_BCC[ordered],0.09308469028738746,,1310.0
mpea-02b,C_measured,7.0,825.0,B2_BCC[ordered],0.08548644933276496,,1310.0
mpea-02b,C_measured,7.0,825.0,A1_FCC,0.9145135506506381,,1310.0
mpea-02b,C_measured,7.0,850.0,B2_BCC[ordered],0.07774779335571388,,1310.0
mpea-02b,C_measured,7.0,850.0,A1_FCC,0.9222522078551706,,1310.0
mpea-02b,C_measured,7.0,875.0,B2_BCC[ordered],0.0698933984879736,,1310.0
mpea-02b,C_measured,7.0,875.0,A1_FCC,0.9301066018016936,,1310.0
mpea-02b,C_measured,7.0,900.0,B2_BCC[ordered],0.06194981307363222,,1310.0
mpea-02b,C_measured,7.0,900.0,A1_FCC,0.9380501869928785,,1310.0
mpea-02b,C_measured,7.0,925.0,B2_BCC[ordered],0.05394748701775767,,1310.0
mpea-02b,C_measured,7.0,925.0,A1_FCC,0.9460525130114987,,1310.0
mpea-02b,C_measured,7.0,950.0,B2_BCC[ordered],0.045924199968020656,,1310.0
mpea-02b,C_measured,7.0,950.0,A1_FCC,0.9540758000293673,,1310.0
mpea-02b,C_measured,7.4,1000.0,A1_FCC,0.9591907840385946,,1300.0
mpea-02b,C_measured,7.4,1000.0,B2_BCC[ordered],0.04080921596937021,,1300.0
mpea-02b,C_measured,7.4,1010.0,A1_FCC,0.9620891569107433,,1300.0
mpea-02b,C_measured,7.4,1010.0,B2_BCC[ordered],0.03791084307474299,,1300.0
mpea-02b,C_measured,7.4,1020.0,B2_BCC[ordered],0.035081839924560494,,1300.0
mpea-02b,C_measured,7.4,1020.0,A1_FCC,0.9649181600630811,,1300.0
mpea-02b,C_measured,7.4,1030.0,A1_FCC,0.9676579820392072,,1300.0
mpea-02b,C_measured,7.4,1030.0,B2_BCC[ordered],0.03234201797719711,,1300.0
mpea-02b,C_measured,7.4,1040.0,A1_FCC,0.9702816369096308,,1300.0
mpea-02b,C_measured,7.4,1040.0,B2_BCC[ordered],0.029718363088056247,,1300.0
mpea-02b,C_measured,7.4,1050.0,B2_BCC[ordered],0.02724910126320309,,1300.0
mpea-02b,C_measured,7.4,1050.0,A1_FCC,0.9727508987069367,,1300.0
mpea-02b,C_measured,7.4,1060.0,B2_BCC[ordered],0.024991170687518494,,1300.0
mpea-02b,C_measured,7.4,1060.0,A1_FCC,0.9750088293193228,,1300.0
mpea-02b,C_measured,7.4,1070.0,B2_BCC[ordered],0.023035326541640574,,1300.0
mpea-02b,C_measured,7.4,1070.0,A1_FCC,0.9769646734711334,,1300.0
mpea-02b,C_measured,7.4,1080.0,B2_BCC[ordered],0.021541089248115333,,1300.0
mpea-02b,C_measured,7.4,1080.0,A1_FCC,0.9784589107416469,,1300.0
mpea-02b,C_measured,7.4,1090.0,B2_BCC[ordered],0.020836559948772048,,1300.0
mpea-02b,C_measured,7.4,1090.0,A1_FCC,0.9791634400895358,,1300.0
mpea-02b,C_measured,7.4,1100.0,B2_BCC[ordered],0.021843169370836208,,1300.0
mpea-02b,C_measured,7.4,1100.0,A1_FCC,0.9781568306464816,,1300.0
mpea-02b,C_measured,7.4,1110.0,B2_BCC[A2],0.09772261329996368,,1300.0
mpea-02b,C_measured,7.4,1110.0,A1_FCC,0.9022773867183731,,1300.0
mpea-02b,C_measured,7.4,1120.0,B2_BCC[A2],0.1565242879230334,,1300.0
mpea-02b,C_measured,7.4,1120.0,A1_FCC,0.843475712115067,,1300.0
mpea-02b,C_measured,7.4,1130.0,B2_BCC[A2],0.21606985625901476,,1300.0
mpea-02b,C_measured,7.4,1130.0,A1_FCC,0.783930143761425,,1300.0
mpea-02b,C_measured,7.4,1140.0,A1_FCC,0.7240064510286056,,1300.0
mpea-02b,C_measured,7.4,1140.0,B2_BCC[A2],0.275993549032094,,1300.0
mpea-02b,C_measured,7.4,1150.0,A1_FCC,0.6641740734798162,,1300.0
mpea-02b,C_measured,7.4,1150.0,B2_BCC[A2],0.335825926594387,,1300.0
mpea-02b,C_measured,7.4,1160.0,B2_BCC[A2],0.39499699633226965,,1300.0
mpea-02b,C_measured,7.4,1160.0,A1_FCC,0.6050030036193582,,1300.0
mpea-02b,C_measured,7.4,1170.0,B2_BCC[A2],0.45285722805054957,,1300.0
mpea-02b,C_measured,7.4,1170.0,A1_FCC,0.5471427719688038,,1300.0
mpea-02b,C_measured,7.4,1180.0,A1_FCC,0.4912789671500912,,1300.0
mpea-02b,C_measured,7.4,1180.0,B2_BCC[A2],0.5087210328541272,,1300.0
mpea-02b,C_measured,7.4,1190.0,B2_BCC[A2],0.5619310715422747,,1300.0
mpea-02b,C_measured,7.4,1190.0,A1_FCC,0.4380689284630536,,1300.0
mpea-02b,C_measured,7.4,1200.0,B2_BCC[A2],0.6119322255811375,,1300.0
mpea-02b,C_measured,7.4,1200.0,A1_FCC,0.38806777437717366,,1300.0
mpea-02b,C_measured,7.4,1210.0,B2_BCC[A2],0.6583360897344751,,1300.0
mpea-02b,C_measured,7.4,1210.0,A1_FCC,0.3416639102400912,,1300.0
mpea-02b,C_measured,7.4,1220.0,A1_FCC,0.2990431475639302,,1300.0
mpea-02b,C_measured,7.4,1220.0,B2_BCC[A2],0.7009568524149662,,1300.0
mpea-02b,C_measured,7.4,1230.0,A1_FCC,0.26019049211539524,,1300.0
mpea-02b,C_measured,7.4,1230.0,B2_BCC[A2],0.739809507890788,,1300.0
mpea-02b,C_measured,7.4,1240.0,A1_FCC,0.22492424913507789,,1300.0
mpea-02b,C_measured,7.4,1240.0,B2_BCC[A2],0.7750757508222265,,1300.0
mpea-02b,C_measured,7.4,1250.0,A1_FCC,0.19297174907608697,,1300.0
mpea-02b,C_measured,7.4,1250.0,B2_BCC[A2],0.807028250916671,,1300.0
mpea-02b,C_measured,7.4,1260.0,A1_FCC,1.0000000000072191,,1300.0
mpea-02b,C_measured,7.4,1270.0,A1_FCC,1.0000000000125047,,1300.0
mpea-02b,C_measured,7.4,1280.0,A1_FCC,1.0000000000166704,,1300.0
mpea-02b,C_measured,7.4,1290.0,A1_FCC,0.9999999999871909,,1300.0
mpea-02b,C_measured,7.4,1300.0,A1_FCC,0.9701059711268745,,1300.0
mpea-02b,C_measured,7.4,1300.0,LIQUID,0.029894028869462675,,1300.0
mpea-02b,C_measured,7.4,1310.0,A1_FCC,0.7540844799651628,,1300.0
mpea-02b,C_measured,7.4,1310.0,LIQUID,0.24591552004952053,,1300.0
mpea-02b,C_measured,7.4,1320.0,A1_FCC,0.519354001854539,,1300.0
mpea-02b,C_measured,7.4,1320.0,LIQUID,0.48064599809681485,,1300.0
mpea-02b,C_measured,7.4,1330.0,A1_FCC,0.26448637630855215,,1300.0
mpea-02b,C_measured,7.4,1330.0,LIQUID,0.7355136237630276,,1300.0
mpea-02b,C_measured,7.4,1340.0,LIQUID,0.9999999999478517,,1300.0
mpea-02b,C_measured,7.4,1350.0,LIQUID,1.0000000000412965,,1300.0
mpea-02b,C_measured,7.4,1360.0,LIQUID,1.0000000000156708,,1300.0
mpea-02b,C_measured,7.4,1370.0,LIQUID,0.9999999999942774,,1300.0
mpea-02b,C_measured,7.4,1380.0,LIQUID,0.9999999999382074,,1300.0
mpea-02b,C_measured,7.4,1390.0,LIQUID,0.9999999999377125,,1300.0
mpea-02b,C_measured,7.4,1400.0,LIQUID,0.999999999992641,,1300.0
mpea-02b,C_measured,7.4,400.0,A1_FCC,0.8045941441431158,,1300.0
mpea-02b,C_measured,7.4,400.0,B2_BCC[ordered],0.18413575310008018,,1300.0
mpea-02b,C_measured,7.4,400.0,M23C6_D84,0.01127011117615779,,1300.0
mpea-02b,C_measured,7.4,425.0,A1_FCC,0.8117611896243582,,1300.0
mpea-02b,C_measured,7.4,425.0,B2_BCC[ordered],0.18185198315184017,,1300.0
mpea-02b,C_measured,7.4,425.0,M23C6_D84,0.006386836079589943,,1300.0
mpea-02b,C_measured,7.4,450.0,A1_FCC,0.8209488628010203,,1300.0
mpea-02b,C_measured,7.4,450.0,B2_BCC[ordered],0.17905113720330884,,1300.0
mpea-02b,C_measured,7.4,475.0,A1_FCC,0.823935854775788,,1300.0
mpea-02b,C_measured,7.4,475.0,B2_BCC[ordered],0.1760641452226051,,1300.0
mpea-02b,C_measured,7.4,500.0,A1_FCC,0.8273918437871473,,1300.0
mpea-02b,C_measured,7.4,500.0,B2_BCC[ordered],0.17260815620253508,,1300.0
mpea-02b,C_measured,7.4,525.0,A1_FCC,0.8313077180435652,,1300.0
mpea-02b,C_measured,7.4,525.0,B2_BCC[ordered],0.16869228195922584,,1300.0
mpea-02b,C_measured,7.4,550.0,B2_BCC[ordered],0.16433173156177172,,1300.0
mpea-02b,C_measured,7.4,550.0,A1_FCC,0.8356682684454861,,1300.0
mpea-02b,C_measured,7.4,575.0,A1_FCC,0.8404531410477691,,1300.0
mpea-02b,C_measured,7.4,575.0,B2_BCC[ordered],0.15954685895871842,,1300.0
mpea-02b,C_measured,7.4,600.0,B2_BCC[ordered],0.15436206794468155,,1300.0
mpea-02b,C_measured,7.4,600.0,A1_FCC,0.8456379320723848,,1300.0
mpea-02b,C_measured,7.4,625.0,B2_BCC[ordered],0.14880467289300112,,1300.0
mpea-02b,C_measured,7.4,625.0,A1_FCC,0.8511953270829491,,1300.0
mpea-02b,C_measured,7.4,650.0,A1_FCC,0.8570961902492756,,1300.0
mpea-02b,C_measured,7.4,650.0,B2_BCC[ordered],0.14290380976253417,,1300.0
mpea-02b,C_measured,7.4,675.0,A1_FCC,0.8633105249056205,,1300.0
mpea-02b,C_measured,7.4,675.0,B2_BCC[ordered],0.1366894750830606,,1300.0
mpea-02b,C_measured,7.4,700.0,A1_FCC,0.8698082508521048,,1300.0
mpea-02b,C_measured,7.4,700.0,B2_BCC[ordered],0.13019174915530934,,1300.0
mpea-02b,C_measured,7.4,725.0,A1_FCC,0.8765597642813215,,1300.0
mpea-02b,C_measured,7.4,725.0,B2_BCC[ordered],0.1234402357263491,,1300.0
mpea-02b,C_measured,7.4,750.0,A1_FCC,0.8835362677070077,,1300.0
mpea-02b,C_measured,7.4,750.0,B2_BCC[ordered],0.1164637322739865,,1300.0
mpea-02b,C_measured,7.4,775.0,A1_FCC,0.8907098657059235,,1300.0
mpea-02b,C_measured,7.4,775.0,B2_BCC[ordered],0.10929013429550474,,1300.0
mpea-02b,C_measured,7.4,800.0,A1_FCC,0.8980534243999218,,1300.0
mpea-02b,C_measured,7.4,800.0,B2_BCC[ordered],0.10194657559972634,,1300.0
mpea-02b,C_measured,7.4,825.0,A1_FCC,0.9055401812691692,,1300.0
mpea-02b,C_measured,7.4,825.0,B2_BCC[ordered],0.0944598187323518,,1300.0
mpea-02b,C_measured,7.4,850.0,A1_FCC,0.9131430649674712,,1300.0
mpea-02b,C_measured,7.4,850.0,B2_BCC[ordered],0.08685693502861683,,1300.0
mpea-02b,C_measured,7.4,875.0,B2_BCC[ordered],0.07916636544050148,,1300.0
mpea-02b,C_measured,7.4,875.0,A1_FCC,0.9208336350543685,,1300.0
mpea-02b,C_measured,7.4,900.0,A1_FCC,0.9285804545552482,,1300.0
mpea-02b,C_measured,7.4,900.0,B2_BCC[ordered],0.07141954554518781,,1300.0
mpea-02b,C_measured,7.4,925.0,A1_FCC,0.9363465323621959,,1300.0
mpea-02b,C_measured,7.4,925.0,B2_BCC[ordered],0.06365346766098154,,1300.0
mpea-02b,C_measured,7.4,950.0,A1_FCC,0.944085075189805,,1300.0
mpea-02b,C_measured,7.4,950.0,B2_BCC[ordered],0.05591492482507723,,1300.0
mpea-02b,C_measured,7.8,1000.0,A1_FCC,0.9488989589791997,,1300.0
mpea-02b,C_measured,7.8,1000.0,B2_BCC[ordered],0.05110104102794643,,1300.0
mpea-02b,C_measured,7.8,1010.0,A1_FCC,0.9516336898732886,,1300.0
mpea-02b,C_measured,7.8,1010.0,B2_BCC[ordered],0.04836631014769016,,1300.0
mpea-02b,C_measured,7.8,1020.0,A1_FCC,0.9542857661888015,,1300.0
mpea-02b,C_measured,7.8,1020.0,B2_BCC[ordered],0.04571423381792996,,1300.0
mpea-02b,C_measured,7.8,1030.0,A1_FCC,0.9568343239042851,,1300.0
mpea-02b,C_measured,7.8,1030.0,B2_BCC[ordered],0.043165676114714314,,1300.0
mpea-02b,C_measured,7.8,1040.0,A1_FCC,0.95925162404147,,1300.0
mpea-02b,C_measured,7.8,1040.0,B2_BCC[ordered],0.04074837596335346,,1300.0
mpea-02b,C_measured,7.8,1050.0,A1_FCC,0.9614995721465982,,1300.0
mpea-02b,C_measured,7.8,1050.0,B2_BCC[ordered],0.03850042786583728,,1300.0
mpea-02b,C_measured,7.8,1060.0,A1_FCC,0.9635236956874011,,1300.0
mpea-02b,C_measured,7.8,1060.0,B2_BCC[ordered],0.03647630431949985,,1300.0
mpea-02b,C_measured,7.8,1070.0,A1_FCC,0.9652419233746115,,1300.0
mpea-02b,C_measured,7.8,1070.0,B2_BCC[ordered],0.03475807662201174,,1300.0
mpea-02b,C_measured,7.8,1080.0,B2_BCC[ordered],0.03347849022187946,,1300.0
mpea-02b,C_measured,7.8,1080.0,A1_FCC,0.9665215097840801,,1300.0
mpea-02b,C_measured,7.8,1090.0,A1_FCC,0.9671244168727443,,1300.0
mpea-02b,C_measured,7.8,1090.0,B2_BCC[ordered],0.032875583123841874,,1300.0
mpea-02b,C_measured,7.8,1100.0,A1_FCC,0.9665461511699929,,1300.0
mpea-02b,C_measured,7.8,1100.0,B2_BCC[ordered],0.03345384881591262,,1300.0
mpea-02b,C_measured,7.8,1110.0,A1_FCC,0.963289620534738,,1300.0
mpea-02b,C_measured,7.8,1110.0,B2_BCC[ordered],0.03671037950617874,,1300.0
mpea-02b,C_measured,7.8,1120.0,A1_FCC,0.8682687013477814,,1300.0
mpea-02b,C_measured,7.8,1120.0,B2_BCC[A2],0.13173129864776106,,1300.0
mpea-02b,C_measured,7.8,1130.0,A1_FCC,0.8083795389645768,,1300.0
mpea-02b,C_measured,7.8,1130.0,B2_BCC[A2],0.19162046104045513,,1300.0
mpea-02b,C_measured,7.8,1140.0,A1_FCC,0.7479083251098608,,1300.0
mpea-02b,C_measured,7.8,1140.0,B2_BCC[A2],0.2520916749292059,,1300.0
mpea-02b,C_measured,7.8,1150.0,A1_FCC,0.6872913081549901,,1300.0
mpea-02b,C_measured,7.8,1150.0,B2_BCC[A2],0.31270869183056804,,1300.0
mpea-02b,C_measured,7.8,1160.0,A1_FCC,0.6270732271550918,,1300.0
mpea-02b,C_measured,7.8,1160.0,B2_BCC[A2],0.37292677287193043,,1300.0
mpea-02b,C_measured,7.8,1170.0,A1_FCC,0.5678945654004267,,1300.0
mpea-02b,C_measured,7.8,1170.0,B2_BCC[A2],0.4321054345888219,,1300.0
mpea-02b,C_measured,7.8,1180.0,A1_FCC,0.5104564967044768,,1300.0
mpea-02b,C_measured,7.8,1180.0,B2_BCC[A2],0.4895435032714729,,1300.0
mpea-02b,C_measured,7.8,1190.0,A1_FCC,0.4554617008625732,,1300.0
mpea-02b,C_measured,7.8,1190.0,B2_BCC[A2],0.5445382991445599,,1300.0
mpea-02b,C_measured,7.8,1200.0,A1_FCC,0.4035383913944693,,1300.0
mpea-02b,C_measured,7.8,1200.0,B2_BCC[A2],0.5964616086089544,,1300.0
mpea-02b,C_measured,7.8,1210.0,A1_FCC,0.35516521116650573,,1300.0
mpea-02b,C_measured,7.8,1210.0,B2_BCC[A2],0.6448347888478484,,1300.0
mpea-02b,C_measured,7.8,1220.0,A1_FCC,0.3106190407949774,,1300.0
mpea-02b,C_measured,7.8,1220.0,B2_BCC[A2],0.6893809591691218,,1300.0
mpea-02b,C_measured,7.8,1230.0,A1_FCC,0.26996102694805263,,1300.0
mpea-02b,C_measured,7.8,1230.0,B2_BCC[A2],0.7300389730223804,,1300.0
mpea-02b,C_measured,7.8,1240.0,A1_FCC,0.233061128428266,,1300.0
mpea-02b,C_measured,7.8,1240.0,B2_BCC[A2],0.7669388715513279,,1300.0
mpea-02b,C_measured,7.8,1250.0,A1_FCC,0.19967303235979159,,1300.0
mpea-02b,C_measured,7.8,1250.0,B2_BCC[A2],0.8003269676235866,,1300.0
mpea-02b,C_measured,7.8,1260.0,A1_FCC,1.0000000000085316,,1300.0
mpea-02b,C_measured,7.8,1270.0,A1_FCC,0.9999999999919804,,1300.0
mpea-02b,C_measured,7.8,1280.0,A1_FCC,0.9999999999988612,,1300.0
mpea-02b,C_measured,7.8,1290.0,A1_FCC,0.999999999976947,,1300.0
mpea-02b,C_measured,7.8,1300.0,A1_FCC,0.9211047067140522,,1300.0
mpea-02b,C_measured,7.8,1300.0,LIQUID,0.07889529329270872,,1300.0
mpea-02b,C_measured,7.8,1310.0,A1_FCC,0.7075004334805872,,1300.0
mpea-02b,C_measured,7.8,1310.0,LIQUID,0.29249956653743736,,1300.0
mpea-02b,C_measured,7.8,1320.0,A1_FCC,0.47606925907575487,,1300.0
mpea-02b,C_measured,7.8,1320.0,LIQUID,0.523930740881877,,1300.0
mpea-02b,C_measured,7.8,1330.0,A1_FCC,0.22520069283129843,,1300.0
mpea-02b,C_measured,7.8,1330.0,LIQUID,0.7747993071871196,,1300.0
mpea-02b,C_measured,7.8,1340.0,LIQUID,0.9999999999966787,,1300.0
mpea-02b,C_measured,7.8,1350.0,LIQUID,1.0000000000475173,,1300.0
mpea-02b,C_measured,7.8,1360.0,LIQUID,1.0000000000297529,,1300.0
mpea-02b,C_measured,7.8,1370.0,LIQUID,0.9999999999798713,,1300.0
mpea-02b,C_measured,7.8,1380.0,LIQUID,0.9999999999470692,,1300.0
mpea-02b,C_measured,7.8,1390.0,LIQUID,1.0000000000173666,,1300.0
mpea-02b,C_measured,7.8,1400.0,LIQUID,0.9999999999916338,,1300.0
mpea-02b,C_measured,7.8,400.0,M23C6_D84,0.011754946391695716,,1300.0
mpea-02b,C_measured,7.8,400.0,A1_FCC,0.79557301469878,,1300.0
mpea-02b,C_measured,7.8,400.0,B2_BCC[ordered],0.1926720478236184,,1300.0
mpea-02b,C_measured,7.8,425.0,M23C6_D84,0.007069718191473081,,1300.0
mpea-02b,C_measured,7.8,425.0,A1_FCC,0.802540669047181,,1300.0
mpea-02b,C_measured,7.8,425.0,B2_BCC[ordered],0.19038962104398557,,1300.0
mpea-02b,C_measured,7.8,450.0,A1_FCC,0.811480726039692,,1300.0
mpea-02b,C_measured,7.8,450.0,M23C6_D84,0.0009331973065446594,,1300.0
mpea-02b,C_measured,7.8,450.0,B2_BCC[ordered],0.18758608612936448,,1300.0
mpea-02b,C_measured,7.8,475.0,A1_FCC,0.8154557739056504,,1300.0
mpea-02b,C_measured,7.8,475.0,B2_BCC[ordered],0.18454422610363125,,1300.0
mpea-02b,C_measured,7.8,500.0,A1_FCC,0.8189289699505853,,1300.0
mpea-02b,C_measured,7.8,500.0,B2_BCC[ordered],0.1810710300479989,,1300.0
mpea-02b,C_measured,7.8,525.0,A1_FCC,0.8228637086526095,,1300.0
mpea-02b,C_measured,7.8,525.0,B2_BCC[ordered],0.17713629134956296,,1300.0
mpea-02b,C_measured,7.8,550.0,A1_FCC,0.8272430210938168,,1300.0
mpea-02b,C_measured,7.8,550.0,B2_BCC[ordered],0.1727569789112472,,1300.0
mpea-02b,C_measured,7.8,575.0,B2_BCC[ordered],0.16795530478058424,,1300.0
mpea-02b,C_measured,7.8,575.0,A1_FCC,0.8320446952202236,,1300.0
mpea-02b,C_measured,7.8,600.0,A1_FCC,0.8372424397460222,,1300.0
mpea-02b,C_measured,7.8,600.0,B2_BCC[ordered],0.1627575602423288,,1300.0
mpea-02b,C_measured,7.8,625.0,A1_FCC,0.8428070809486367,,1300.0
mpea-02b,C_measured,7.8,625.0,B2_BCC[ordered],0.15719291906837762,,1300.0
mpea-02b,C_measured,7.8,650.0,A1_FCC,0.8487076909482796,,1300.0
mpea-02b,C_measured,7.8,650.0,B2_BCC[ordered],0.1512923090619547,,1300.0
mpea-02b,C_measured,7.8,675.0,A1_FCC,0.8549125659914076,,1300.0
mpea-02b,C_measured,7.8,675.0,B2_BCC[ordered],0.14508743404387936,,1300.0
mpea-02b,C_measured,7.8,700.0,A1_FCC,0.8613899976500343,,1300.0
mpea-02b,C_measured,7.8,700.0,B2_BCC[ordered],0.13861000235215715,,1300.0
mpea-02b,C_measured,7.8,725.0,A1_FCC,0.8681088059061628,,1300.0
mpea-02b,C_measured,7.8,725.0,B2_BCC[ordered],0.13189119409363143,,1300.0
mpea-02b,C_measured,7.8,750.0,B2_BCC[ordered],0.12496137863952601,,1300.0
mpea-02b,C_measured,7.8,750.0,A1_FCC,0.8750386213478069,,1300.0
mpea-02b,C_measured,7.8,775.0,A1_FCC,0.8821499150185272,,1300.0
mpea-02b,C_measured,7.8,775.0,B2_BCC[ordered],0.11785008498638688,,1300.0
mpea-02b,C_measured,7.8,800.0,A1_FCC,0.8894137726959638,,1300.0
mpea-02b,C_measured,7.8,800.0,B2_BCC[ordered],0.11058622732293232,,1300.0
mpea-02b,C_measured,7.8,825.0,A1_FCC,0.8968013972914527,,1300.0
mpea-02b,C_measured,7.8,825.0,B2_BCC[ordered],0.10319860272143283,,1300.0
mpea-02b,C_measured,7.8,850.0,A1_FCC,0.9042832920276126,,1300.0
mpea-02b,C_measured,7.8,850.0,B2_BCC[ordered],0.09571670796399523,,1300.0
mpea-02b,C_measured,7.8,875.0,A1_FCC,0.9118280219121621,,1300.0
mpea-02b,C_measured,7.8,875.0,B2_BCC[ordered],0.08817197884462212,,1300.0
mpea-02b,C_measured,7.8,900.0,A1_FCC,0.9194003454052396,,1300.0
mpea-02b,C_measured,7.8,900.0,B2_BCC[ordered],0.08059965477388246,,1300.0
mpea-02b,C_measured,7.8,925.0,A1_FCC,0.9269583252277458,,1300.0
mpea-02b,C_measured,7.8,925.0,B2_BCC[ordered],0.07304167482113288,,1300.0
mpea-02b,C_measured,7.8,950.0,A1_FCC,0.9344486096890698,,1300.0
mpea-02b,C_measured,7.8,950.0,B2_BCC[ordered],0.06555139032873067,,1300.0
mpea-02b,C_free,4.2,1000.0,A1_FCC,0.9999999999708008,1150.0,1380.0
mpea-02b,C_free,4.2,1010.0,A1_FCC,0.9999999999758836,1150.0,1380.0
mpea-02b,C_free,4.2,1020.0,A1_FCC,1.0000000000088547,1150.0,1380.0
mpea-02b,C_free,4.2,1030.0,A1_FCC,0.9679869359289126,1150.0,1380.0
mpea-02b,C_free,4.2,1030.0,B2_BCC[A2],0.032013064135145076,1150.0,1380.0
mpea-02b,C_free,4.2,1040.0,A1_FCC,0.9057740375968828,1150.0,1380.0
mpea-02b,C_free,4.2,1040.0,B2_BCC[A2],0.09422596253621794,1150.0,1380.0
mpea-02b,C_free,4.2,1050.0,A1_FCC,0.8406641630667101,1150.0,1380.0
mpea-02b,C_free,4.2,1050.0,B2_BCC[A2],0.15933583691044903,1150.0,1380.0
mpea-02b,C_free,4.2,1060.0,A1_FCC,0.7723866133087036,1150.0,1380.0
mpea-02b,C_free,4.2,1060.0,B2_BCC[A2],0.22761338673827486,1150.0,1380.0
mpea-02b,C_free,4.2,1070.0,A1_FCC,0.7006416531739763,1150.0,1380.0
mpea-02b,C_free,4.2,1070.0,B2_BCC[A2],0.29935834688558494,1150.0,1380.0
mpea-02b,C_free,4.2,1080.0,A1_FCC,0.6250972959996965,1150.0,1380.0
mpea-02b,C_free,4.2,1080.0,B2_BCC[A2],0.37490270398379766,1150.0,1380.0
mpea-02b,C_free,4.2,1090.0,A1_FCC,0.5453858473820364,1150.0,1380.0
mpea-02b,C_free,4.2,1090.0,B2_BCC[A2],0.45461415232897784,1150.0,1380.0
mpea-02b,C_free,4.2,1100.0,A1_FCC,0.4611003314094533,1150.0,1380.0
mpea-02b,C_free,4.2,1100.0,B2_BCC[A2],0.5388996685916367,1150.0,1380.0
mpea-02b,C_free,4.2,1110.0,B2_BCC[A2],0.6282088309186306,1150.0,1380.0
mpea-02b,C_free,4.2,1110.0,A1_FCC,0.37179116906152165,1150.0,1380.0
mpea-02b,C_free,4.2,1120.0,B2_BCC[A2],0.7230355581527944,1150.0,1380.0
mpea-02b,C_free,4.2,1120.0,A1_FCC,0.27696444198359466,1150.0,1380.0
mpea-02b,C_free,4.2,1130.0,B2_BCC[A2],0.8239122135104114,1150.0,1380.0
mpea-02b,C_free,4.2,1130.0,A1_FCC,0.17608778653659168,1150.0,1380.0
mpea-02b,C_free,4.2,1140.0,B2_BCC[A2],0.9313507655496932,1150.0,1380.0
mpea-02b,C_free,4.2,1140.0,A1_FCC,0.06864923452375077,1150.0,1380.0
mpea-02b,C_free,4.2,1150.0,B2_BCC[A2],0.9999999999844408,1150.0,1380.0
mpea-02b,C_free,4.2,1160.0,B2_BCC[A2],1.0000000000225437,1150.0,1380.0
mpea-02b,C_free,4.2,1170.0,B2_BCC[A2],1.0000000000407236,1150.0,1380.0
mpea-02b,C_free,4.2,1180.0,B2_BCC[A2],0.9999999999891348,1150.0,1380.0
mpea-02b,C_free,4.2,1190.0,B2_BCC[A2],0.9999999999686089,1150.0,1380.0
mpea-02b,C_free,4.2,1200.0,B2_BCC[A2],0.9999999999862125,1150.0,1380.0
mpea-02b,C_free,4.2,1210.0,B2_BCC[A2],0.9999999999387875,1150.0,1380.0
mpea-02b,C_free,4.2,1220.0,B2_BCC[A2],1.0000000000097498,1150.0,1380.0
mpea-02b,C_free,4.2,1230.0,B2_BCC[A2],0.9999999999740137,1150.0,1380.0
mpea-02b,C_free,4.2,1240.0,B2_BCC[A2],1.000000000003308,1150.0,1380.0
mpea-02b,C_free,4.2,1250.0,B2_BCC[A2],0.9999999999766408,1150.0,1380.0
mpea-02b,C_free,4.2,1260.0,B2_BCC[A2],0.9999999999587185,1150.0,1380.0
mpea-02b,C_free,4.2,1270.0,B2_BCC[A2],1.0000000000070133,1150.0,1380.0
mpea-02b,C_free,4.2,1280.0,B2_BCC[A2],1.0000000000380482,1150.0,1380.0
mpea-02b,C_free,4.2,1290.0,B2_BCC[A2],0.99999999999954,1150.0,1380.0
mpea-02b,C_free,4.2,1300.0,B2_BCC[A2],0.9999999999842364,1150.0,1380.0
mpea-02b,C_free,4.2,1310.0,B2_BCC[A2],1.000000000007815,1150.0,1380.0
mpea-02b,C_free,4.2,1320.0,B2_BCC[A2],1.000000000036193,1150.0,1380.0
mpea-02b,C_free,4.2,1330.0,B2_BCC[A2],1.0000000000397944,1150.0,1380.0
mpea-02b,C_free,4.2,1340.0,B2_BCC[A2],0.9999999999733548,1150.0,1380.0
mpea-02b,C_free,4.2,1350.0,B2_BCC[A2],0.9999999999933095,1150.0,1380.0
mpea-02b,C_free,4.2,1360.0,B2_BCC[A2],1.0000000000415932,1150.0,1380.0
mpea-02b,C_free,4.2,1370.0,B2_BCC[A2],1.000000000024073,1150.0,1380.0
mpea-02b,C_free,4.2,1380.0,LIQUID,0.18782565932037662,1150.0,1380.0
mpea-02b,C_free,4.2,1380.0,B2_BCC[A2],0.8121743407180431,1150.0,1380.0
mpea-02b,C_free,4.2,1390.0,LIQUID,0.4575711648473277,1150.0,1380.0
mpea-02b,C_free,4.2,1390.0,B2_BCC[A2],0.5424288352240134,1150.0,1380.0
mpea-02b,C_free,4.2,1400.0,LIQUID,0.7624888012060898,1150.0,1380.0
mpea-02b,C_free,4.2,1400.0,B2_BCC[A2],0.23751119871316217,1150.0,1380.0
mpea-02b,C_free,4.2,400.0,A1_FCC,0.3125479409624941,1150.0,1380.0
mpea-02b,C_free,4.2,400.0,B2_BCC[ordered],0.11032371315541789,1150.0,1380.0
mpea-02b,C_free,4.2,400.0,B2_BCC[A2],0.139992004069294,1150.0,1380.0
mpea-02b,C_free,4.2,400.0,CUB_A13,0.43713634183254557,1150.0,1380.0
mpea-02b,C_free,4.2,425.0,B2_BCC[ordered],0.10723477907186778,1150.0,1380.0
mpea-02b,C_free,4.2,425.0,A1_FCC,0.7027791923159631,1150.0,1380.0
mpea-02b,C_free,4.2,425.0,CUB_A13,0.1899860288174856,1150.0,1380.0
mpea-02b,C_free,4.2,450.0,B2_BCC[ordered],0.10520569581410513,1150.0,1380.0
mpea-02b,C_free,4.2,450.0,A1_FCC,0.7678696550623241,1150.0,1380.0
mpea-02b,C_free,4.2,450.0,CUB_A13,0.12692464920637067,1150.0,1380.0
mpea-02b,C_free,4.2,475.0,A1_FCC,0.837480389436316,1150.0,1380.0
mpea-02b,C_free,4.2,475.0,B2_BCC[ordered],0.10248511044911628,1150.0,1380.0
mpea-02b,C_free,4.2,475.0,CUB_A13,0.060034500089844206,1150.0,1380.0
mpea-02b,C_free,4.2,500.0,A1_FCC,0.9009996474316742,1150.0,1380.0
mpea-02b,C_free,4.2,500.0,B2_BCC[ordered],0.09900035254929743,1150.0,1380.0
mpea-02b,C_free,4.2,525.0,A1_FCC,0.9051746754103152,1150.0,1380.0
mpea-02b,C_free,4.2,525.0,B2_BCC[ordered],0.09482532457476048,1150.0,1380.0
mpea-02b,C_free,4.2,550.0,A1_FCC,0.9098201434531591,1150.0,1380.0
mpea-02b,C_free,4.2,550.0,B2_BCC[ordered],0.0901798565552306,1150.0,1380.0
mpea-02b,C_free,4.2,575.0,A1_FCC,0.9149295201551965,1150.0,1380.0
mpea-02b,C_free,4.2,575.0,B2_BCC[ordered],0.08507047988331011,1150.0,1380.0
mpea-02b,C_free,4.2,600.0,A1_FCC,0.9204932233366592,1150.0,1380.0
mpea-02b,C_free,4.2,600.0,B2_BCC[ordered],0.07950677665222688,1150.0,1380.0
mpea-02b,C_free,4.2,625.0,A1_FCC,0.9264996902174976,1150.0,1380.0
mpea-02b,C_free,4.2,625.0,B2_BCC[ordered],0.07350030979509647,1150.0,1380.0
mpea-02b,C_free,4.2,650.0,A1_FCC,0.9329365464171916,1150.0,1380.0
mpea-02b,C_free,4.2,650.0,B2_BCC[ordered],0.06706345358890202,1150.0,1380.0
mpea-02b,C_free,4.2,675.0,B2_BCC[ordered],0.060208148013573264,1150.0,1380.0
mpea-02b,C_free,4.2,675.0,A1_FCC,0.9397918519904784,1150.0,1380.0
mpea-02b,C_free,4.2,700.0,A1_FCC,0.9470554292163104,1150.0,1380.0
mpea-02b,C_free,4.2,700.0,B2_BCC[ordered],0.052944570803323515,1150.0,1380.0
mpea-02b,C_free,4.2,725.0,A1_FCC,0.954720324603615,1150.0,1380.0
mpea-02b,C_free,4.2,725.0,B2_BCC[ordered],0.04527967539139875,1150.0,1380.0
mpea-02b,C_free,4.2,750.0,A1_FCC,0.9627845257379851,1150.0,1380.0
mpea-02b,C_free,4.2,750.0,B2_BCC[ordered],0.03721547425475793,1150.0,1380.0
mpea-02b,C_free,4.2,775.0,B2_BCC[ordered],0.028746833374379794,1150.0,1380.0
mpea-02b,C_free,4.2,775.0,A1_FCC,0.97125316663401,1150.0,1380.0
mpea-02b,C_free,4.2,800.0,A1_FCC,0.9801416583809023,1150.0,1380.0
mpea-02b,C_free,4.2,800.0,B2_BCC[ordered],0.019858341612414426,1150.0,1380.0
mpea-02b,C_free,4.2,825.0,B2_BCC[ordered],0.010519417990845818,1150.0,1380.0
mpea-02b,C_free,4.2,825.0,A1_FCC,0.9894805820454217,1150.0,1380.0
mpea-02b,C_free,4.2,850.0,B2_BCC[ordered],0.0006759385233660809,1150.0,1380.0
mpea-02b,C_free,4.2,850.0,A1_FCC,0.9993240614785514,1150.0,1380.0
mpea-02b,C_free,4.2,875.0,A1_FCC,1.00000000000744,1150.0,1380.0
mpea-02b,C_free,4.2,900.0,A1_FCC,1.0000000000186808,1150.0,1380.0
mpea-02b,C_free,4.2,925.0,A1_FCC,1.0000000000243268,1150.0,1380.0
mpea-02b,C_free,4.2,950.0,A1_FCC,1.0000000000637874,1150.0,1380.0
mpea-02b,C_free,4.6,1000.0,A1_FCC,1.000000000028328,1160.0,1370.0
mpea-02b,C_free,4.6,1010.0,A1_FCC,1.0000000000310258,1160.0,1370.0
mpea-02b,C_free,4.6,1020.0,A1_FCC,1.0000000000114002,1160.0,1370.0
mpea-02b,C_free,4.6,1030.0,A1_FCC,1.0000000000111287,1160.0,1370.0
mpea-02b,C_free,4.6,1040.0,A1_FCC,0.944840812530551,1160.0,1370.0
mpea-02b,C_free,4.6,1040.0,B2_BCC[A2],0.055159187465344546,1160.0,1370.0
mpea-02b,C_free,4.6,1050.0,A1_FCC,0.8805596833699526,1160.0,1370.0
mpea-02b,C_free,4.6,1050.0,B2_BCC[A2],0.11944031654748723,1160.0,1370.0
mpea-02b,C_free,4.6,1060.0,A1_FCC,0.8132021583649304,1160.0,1370.0
mpea-02b,C_free,4.6,1060.0,B2_BCC[A2],0.18679784174579336,1160.0,1370.0
mpea-02b,C_free,4.6,1070.0,A1_FCC,0.7424787241682859,1160.0,1370.0
mpea-02b,C_free,4.6,1070.0,B2_BCC[A2],0.2575212752478245,1160.0,1370.0
mpea-02b,C_free,4.6,1080.0,A1_FCC,0.6680688503865599,1160.0,1370.0
mpea-02b,C_free,4.6,1080.0,B2_BCC[A2],0.33193114945411456,1160.0,1370.0
mpea-02b,C_free,4.6,1090.0,A1_FCC,0.589617654703683,1160.0,1370.0
mpea-02b,C_free,4.6,1090.0,B2_BCC[A2],0.41038234527132283,1160.0,1370.0
mpea-02b,C_free,4.6,1100.0,A1_FCC,0.5067323996463869,1160.0,1370.0
mpea-02b,C_free,4.6,1100.0,B2_BCC[A2],0.4932676003056265,1160.0,1370.0
mpea-02b,C_free,4.6,1110.0,A1_FCC,0.41897903069207415,1160.0,1370.0
mpea-02b,C_free,4.6,1110.0,B2_BCC[A2],0.5810209692928676,1160.0,1370.0
mpea-02b,C_free,4.6,1120.0,A1_FCC,0.32587945480783037,1160.0,1370.0
mpea-02b,C_free,4.6,1120.0,B2_BCC[A2],0.6741205451666423,1160.0,1370.0
mpea-02b,C_free,4.6,1130.0,A1_FCC,0.22691229440994384,1160.0,1370.0
mpea-02b,C_free,4.6,1130.0,B2_BCC[A2],0.7730877056144486,1160.0,1370.0
mpea-02b,C_free,4.6,1140.0,A1_FCC,0.12153243454301312,1160.0,1370.0
mpea-02b,C_free,4.6,1140.0,B2_BCC[A2],0.8784675654269676,1160.0,1370.0
mpea-02b,C_free,4.6,1150.0,B2_BCC[A2],0.990605413549475,1160.0,1370.0
mpea-02b,C_free,4.6,1150.0,A1_FCC,0.009394586372630026,1160.0,1370.0
mpea-02b,C_free,4.6,1160.0,B2_BCC[A2],0.9999999999843677,1160.0,1370.0
mpea-02b,C_free,4.6,1170.0,B2_BCC[A2],0.9999999999920859,1160.0,1370.0
mpea-02b,C_free,4.6,1180.0,B2_BCC[A2],0.9999999999994735,1160.0,1370.0
mpea-02b,C_free,4.6,1190.0,B2_BCC[A2],0.9999999999728653,1160.0,1370.0
mpea-02b,C_free,4.6,1200.0,B2_BCC[A2],1.000000000022383,1160.0,1370.0
mpea-02b,C_free,4.6,1210.0,B2_BCC[A2],1.0000000000082685,1160.0,1370.0
mpea-02b,C_free,4.6,1220.0,B2_BCC[A2],1.0000000000030531,1160.0,1370.0
mpea-02b,C_free,4.6,1230.0,B2_BCC[A2],1.0000000000145777,1160.0,1370.0
mpea-02b,C_free,4.6,1240.0,B2_BCC[A2],1.0000000000053482,1160.0,1370.0
mpea-02b,C_free,4.6,1250.0,B2_BCC[A2],1.000000000028942,1160.0,1370.0
mpea-02b,C_free,4.6,1260.0,B2_BCC[A2],0.9999999999853448,1160.0,1370.0
mpea-02b,C_free,4.6,1270.0,B2_BCC[A2],1.0000000000233096,1160.0,1370.0
mpea-02b,C_free,4.6,1280.0,B2_BCC[A2],0.999999999993976,1160.0,1370.0
mpea-02b,C_free,4.6,1290.0,B2_BCC[A2],1.0000000000051568,1160.0,1370.0
mpea-02b,C_free,4.6,1300.0,B2_BCC[A2],1.0000000000146958,1160.0,1370.0
mpea-02b,C_free,4.6,1310.0,B2_BCC[A2],1.0000000000049563,1160.0,1370.0
mpea-02b,C_free,4.6,1320.0,B2_BCC[A2],0.9999999999838699,1160.0,1370.0
mpea-02b,C_free,4.6,1330.0,B2_BCC[A2],1.0000000000652707,1160.0,1370.0
mpea-02b,C_free,4.6,1340.0,B2_BCC[A2],1.0000000000250047,1160.0,1370.0
mpea-02b,C_free,4.6,1350.0,B2_BCC[A2],0.9999999999841582,1160.0,1370.0
mpea-02b,C_free,4.6,1360.0,B2_BCC[A2],1.0000000000179001,1160.0,1370.0
mpea-02b,C_free,4.6,1370.0,LIQUID,0.010281912596163512,1160.0,1370.0
mpea-02b,C_free,4.6,1370.0,B2_BCC[A2],0.9897180874827624,1160.0,1370.0
mpea-02b,C_free,4.6,1380.0,LIQUID,0.24347205800506222,1160.0,1370.0
mpea-02b,C_free,4.6,1380.0,B2_BCC[A2],0.7565279419886364,1160.0,1370.0
mpea-02b,C_free,4.6,1390.0,LIQUID,0.5065576373930973,1160.0,1370.0
mpea-02b,C_free,4.6,1390.0,B2_BCC[A2],0.4934423625796322,1160.0,1370.0
mpea-02b,C_free,4.6,1400.0,LIQUID,0.8037708706820959,1160.0,1370.0
mpea-02b,C_free,4.6,1400.0,B2_BCC[A2],0.19622912930043263,1160.0,1370.0
mpea-02b,C_free,4.6,400.0,A1_FCC,0.3982814551193943,1160.0,1370.0
mpea-02b,C_free,4.6,400.0,B2_BCC[A2],0.11428111374271117,1160.0,1370.0
mpea-02b,C_free,4.6,400.0,B2_BCC[ordered],0.11977398428739479,1160.0,1370.0
mpea-02b,C_free,4.6,400.0,CUB_A13,0.3676634468629772,1160.0,1370.0
mpea-02b,C_free,4.6,425.0,B2_BCC[ordered],0.11731262412385243,1160.0,1370.0
mpea-02b,C_free,4.6,425.0,A1_FCC,0.7293084479827292,1160.0,1370.0
mpea-02b,C_free,4.6,425.0,CUB_A13,0.15337892819975799,1160.0,1370.0
mpea-02b,C_free,4.6,450.0,A1_FCC,0.7937631216943676,1160.0,1370.0
mpea-02b,C_free,4.6,450.0,B2_BCC[ordered],0.11528909351104824,1160.0,1370.0
mpea-02b,C_free,4.6,450.0,CUB_A13,0.09094778497660852,1160.0,1370.0
mpea-02b,C_free,4.6,475.0,A1_FCC,0.8628652520070692,1160.0,1370.0
mpea-02b,C_free,4.6,475.0,B2_BCC[ordered],0.11256819655501647,1160.0,1370.0
mpea-02b,C_free,4.6,475.0,CUB_A13,0.024566551533080103,1160.0,1370.0
mpea-02b,C_free,4.6,500.0,A1_FCC,0.8910003091286705,1160.0,1370.0
mpea-02b,C_free,4.6,500.0,B2_BCC[ordered],0.10899969087199819,1160.0,1370.0
mpea-02b,C_free,4.6,525.0,A1_FCC,0.8951457962758715,1160.0,1370.0
mpea-02b,C_free,4.6,525.0,B2_BCC[ordered],0.10485420371430239,1160.0,1370.0
mpea-02b,C_free,4.6,550.0,A1_FCC,0.8997575745515997,1160.0,1370.0
mpea-02b,C_free,4.6,550.0,B2_BCC[ordered],0.1002424254399542,1160.0,1370.0
mpea-02b,C_free,4.6,575.0,A1_FCC,0.9048267198131071,1160.0,1370.0
mpea-02b,C_free,4.6,575.0,B2_BCC[ordered],0.09517328020987428,1160.0,1370.0
mpea-02b,C_free,4.6,600.0,A1_FCC,0.9103409728477578,1160.0,1370.0
mpea-02b,C_free,4.6,600.0,B2_BCC[ordered],0.08965902715213199,1160.0,1370.0
mpea-02b,C_free,4.6,625.0,A1_FCC,0.9162857957521642,1160.0,1370.0
mpea-02b,C_free,4.6,625.0,B2_BCC[ordered],0.083714204242765,1160.0,1370.0
mpea-02b,C_free,4.6,650.0,A1_FCC,0.9226454958961946,1160.0,1370.0
mpea-02b,C_free,4.6,650.0,B2_BCC[ordered],0.07735450409463211,1160.0,1370.0
mpea-02b,C_free,4.6,675.0,A1_FCC,0.9294043792319429,1160.0,1370.0
mpea-02b,C_free,4.6,675.0,B2_BCC[ordered],0.07059562074953679,1160.0,1370.0
mpea-02b,C_free,4.6,700.0,A1_FCC,0.9365479177628365,1160.0,1370.0
mpea-02b,C_free,4.6,700.0,B2_BCC[ordered],0.06345208223435914,1160.0,1370.0
mpea-02b,C_free,4.6,725.0,A1_FCC,0.944063950535207,1160.0,1370.0
mpea-02b,C_free,4.6,725.0,B2_BCC[ordered],0.05593604946247177,1160.0,1370.0
mpea-02b,C_free,4.6,750.0,A1_FCC,0.9519439866375429,1160.0,1370.0
mpea-02b,C_free,4.6,750.0,B2_BCC[ordered],0.0480560133450153,1160.0,1370.0
mpea-02b,C_free,4.6,775.0,B2_BCC[ordered],0.039815250277179366,1160.0,1370.0
mpea-02b,C_free,4.6,775.0,A1_FCC,0.9601847497220397,1160.0,1370.0
mpea-02b,C_free,4.6,800.0,A1_FCC,0.968790221546161,1160.0,1370.0
mpea-02b,C_free,4.6,800.0,B2_BCC[ordered],0.031209778448692892,1160.0,1370.0
mpea-02b,C_free,4.6,825.0,A1_FCC,0.9777746630190226,1160.0,1370.0
mpea-02b,C_free,4.6,825.0,B2_BCC[ordered],0.02222533704920507,1160.0,1370.0
mpea-02b,C_free,4.6,850.0,A1_FCC,0.9999999999714223,1160.0,1370.0
mpea-02b,C_free,4.6,875.0,B2_BCC[ordered],0.0029776254652687665,1160.0,1370.0
mpea-02b,C_free,4.6,875.0,A1_FCC,0.997022374538599,1160.0,1370.0
mpea-02b,C_free,4.6,900.0,A1_FCC,1.0000000000135707,1160.0,1370.0
mpea-02b,C_free,4.6,925.0,A1_FCC,1.000000000010972,1160.0,1370.0
mpea-02b,C_free,4.6,950.0,A1_FCC,1.0000000000101492,1160.0,1370.0
mpea-02b,C_free,5.0,1000.0,A1_FCC,1.0000000000400693,1160.0,1370.0
mpea-02b,C_free,5.0,1010.0,A1_FCC,0.9999999999894954,1160.0,1370.0
mpea-02b,C_free,5.0,1020.0,A1_FCC,0.9999999999389687,1160.0,1370.0
mpea-02b,C_free,5.0,1030.0,A1_FCC,0.9999999999789346,1160.0,1370.0
mpea-02b,C_free,5.0,1040.0,A1_FCC,0.98254844617409,1160.0,1370.0
mpea-02b,C_free,5.0,1040.0,B2_BCC[A2],0.017451553861434092,1160.0,1370.0
mpea-02b,C_free,5.0,1050.0,B2_BCC[A2],0.08090424276219815,1160.0,1370.0
mpea-02b,C_free,5.0,1050.0,A1_FCC,0.9190957571723535,1160.0,1370.0
mpea-02b,C_free,5.0,1060.0,B2_BCC[A2],0.14734770302388445,1160.0,1370.0
mpea-02b,C_free,5.0,1060.0,A1_FCC,0.8526522965727301,1160.0,1370.0
mpea-02b,C_free,5.0,1070.0,B2_BCC[A2],0.2170616698566989,1160.0,1370.0
mpea-02b,C_free,5.0,1070.0,A1_FCC,0.7829383300899366,1160.0,1370.0
mpea-02b,C_free,5.0,1080.0,A1_FCC,0.7096442705614572,1160.0,1370.0
mpea-02b,C_free,5.0,1080.0,B2_BCC[A2],0.2903557293977509,1160.0,1370.0
mpea-02b,C_free,5.0,1090.0,A1_FCC,0.6324274778703655,1160.0,1370.0
mpea-02b,C_free,5.0,1090.0,B2_BCC[A2],0.3675725220996035,1160.0,1370.0
mpea-02b,C_free,5.0,1100.0,A1_FCC,0.5509088561911313,1160.0,1370.0
mpea-02b,C_free,5.0,1100.0,B2_BCC[A2],0.4490911437274086,1160.0,1370.0
mpea-02b,C_free,5.0,1110.0,A1_FCC,0.4646693886806379,1160.0,1370.0
mpea-02b,C_free,5.0,1110.0,B2_BCC[A2],0.5353306114039635,1160.0,1370.0
mpea-02b,C_free,5.0,1120.0,A1_FCC,0.3732470035665357,1160.0,1370.0
mpea-02b,C_free,5.0,1120.0,B2_BCC[A2],0.6267529963618789,1160.0,1370.0
mpea-02b,C_free,5.0,1130.0,A1_FCC,0.2761351346064059,1160.0,1370.0
mpea-02b,C_free,5.0,1130.0,B2_BCC[A2],0.7238648654315976,1160.0,1370.0
mpea-02b,C_free,5.0,1140.0,A1_FCC,0.1727892225261332,1160.0,1370.0
mpea-02b,C_free,5.0,1140.0,B2_BCC[A2],0.8272107773846525,1160.0,1370.0
mpea-02b,C_free,5.0,1150.0,A1_FCC,0.0626888508728497,1160.0,1370.0
mpea-02b,C_free,5.0,1150.0,B2_BCC[A2],0.9373111491747186,1160.0,1370.0
mpea-02b,C_free,5.0,1160.0,B2_BCC[A2],1.0000000000050933,1160.0,1370.0
mpea-02b,C_free,5.0,1170.0,B2_BCC[A2],0.9999999999438263,1160.0,1370.0
mpea-02b,C_free,5.0,1180.0,B2_BCC[A2],0.9999999999918596,1160.0,1370.0
mpea-02b,C_free,5.0,1190.0,B2_BCC[A2],1.0000000000125355,1160.0,1370.0
mpea-02b,C_free,5.0,1200.0,B2_BCC[A2],0.999999999972134,1160.0,1370.0
mpea-02b,C_free,5.0,1210.0,B2_BCC[A2],1.0000000000177103,1160.0,1370.0
mpea-02b,C_free,5.0,1220.0,B2_BCC[A2],1.000000000055796,1160.0,1370.0
mpea-02b,C_free,5.0,1230.0,B2_BCC[A2],0.9999999999901662,1160.0,1370.0
mpea-02b,C_free,5.0,1240.0,B2_BCC[A2],1.0000000000391533,1160.0,1370.0
mpea-02b,C_free,5.0,1250.0,B2_BCC[A2],1.0000000000196438,1160.0,1370.0
mpea-02b,C_free,5.0,1260.0,B2_BCC[A2],0.9999999999768605,1160.0,1370.0
mpea-02b,C_free,5.0,1270.0,B2_BCC[A2],1.0000000000385567,1160.0,1370.0
mpea-02b,C_free,5.0,1280.0,B2_BCC[A2],0.9999999999510187,1160.0,1370.0
mpea-02b,C_free,5.0,1290.0,B2_BCC[A2],0.9999999999895014,1160.0,1370.0
mpea-02b,C_free,5.0,1300.0,B2_BCC[A2],0.9999999999937671,1160.0,1370.0
mpea-02b,C_free,5.0,1310.0,B2_BCC[A2],0.9999999999641,1160.0,1370.0
mpea-02b,C_free,5.0,1320.0,B2_BCC[A2],0.9999999999917022,1160.0,1370.0
mpea-02b,C_free,5.0,1330.0,B2_BCC[A2],1.0000000000109832,1160.0,1370.0
mpea-02b,C_free,5.0,1340.0,B2_BCC[A2],1.0000000000304632,1160.0,1370.0
mpea-02b,C_free,5.0,1350.0,B2_BCC[A2],1.0000000000018656,1160.0,1370.0
mpea-02b,C_free,5.0,1360.0,B2_BCC[A2],1.00000000001969,1160.0,1370.0
mpea-02b,C_free,5.0,1370.0,LIQUID,0.06878815582060911,1160.0,1370.0
mpea-02b,C_free,5.0,1370.0,B2_BCC[A2],0.9312118441645273,1160.0,1370.0
mpea-02b,C_free,5.0,1380.0,B2_BCC[A2],0.7030298945302773,1160.0,1370.0
mpea-02b,C_free,5.0,1380.0,LIQUID,0.29697010529517376,1160.0,1370.0
mpea-02b,C_free,5.0,1390.0,B2_BCC[A2],0.4460762831628785,1160.0,1370.0
mpea-02b,C_free,5.0,1390.0,LIQUID,0.553923716831641,1160.0,1370.0
mpea-02b,C_free,5.0,1400.0,LIQUID,0.8440110716024908,1160.0,1370.0
mpea-02b,C_free,5.0,1400.0,B2_BCC[A2],0.15598892849549514,1160.0,1370.0
mpea-02b,C_free,5.0,400.0,A1_FCC,0.48402047651378827,1160.0,1370.0
mpea-02b,C_free,5.0,400.0,B2_BCC[A2],0.08856860900046683,1160.0,1370.0
mpea-02b,C_free,5.0,400.0,B2_BCC[ordered],0.1292241882693347,1160.0,1370.0
mpea-02b,C_free,5.0,400.0,CUB_A13,0.2981867261749201,1160.0,1370.0
mpea-02b,C_free,5.0,425.0,A1_FCC,0.7549292470918116,1160.0,1370.0
mpea-02b,C_free,5.0,425.0,B2_BCC[ordered],0.1272386115946497,1160.0,1370.0
mpea-02b,C_free,5.0,425.0,CUB_A13,0.11783214167753038,1160.0,1370.0
mpea-02b,C_free,5.0,450.0,A1_FCC,0.8188001419561998,1160.0,1370.0
mpea-02b,C_free,5.0,450.0,B2_BCC[ordered],0.12520619695872326,1160.0,1370.0
mpea-02b,C_free,5.0,450.0,CUB_A13,0.05599366121214925,1160.0,1370.0
mpea-02b,C_free,5.0,475.0,B2_BCC[ordered],0.12242053891877001,1160.0,1370.0
mpea-02b,C_free,5.0,475.0,A1_FCC,0.8775794610665102,1160.0,1370.0
mpea-02b,C_free,5.0,500.0,B2_BCC[ordered],0.11876563987297924,1160.0,1370.0
mpea-02b,C_free,5.0,500.0,A1_FCC,0.8812343601355147,1160.0,1370.0
mpea-02b,C_free,5.0,525.0,A1_FCC,0.8853590483968674,1160.0,1370.0
mpea-02b,C_free,5.0,525.0,B2_BCC[ordered],0.11464095158391067,1160.0,1370.0
mpea-02b,C_free,5.0,550.0,A1_FCC,0.8899468599576557,1160.0,1370.0
mpea-02b,C_free,5.0,550.0,B2_BCC[ordered],0.11005314006933616,1160.0,1370.0
mpea-02b,C_free,5.0,575.0,A1_FCC,0.894986605765059,1160.0,1370.0
mpea-02b,C_free,5.0,575.0,B2_BCC[ordered],0.10501339425071515,1160.0,1370.0
mpea-02b,C_free,5.0,600.0,A1_FCC,0.9004635296509373,1160.0,1370.0
mpea-02b,C_free,5.0,600.0,B2_BCC[ordered],0.09953647033596992,1160.0,1370.0
mpea-02b,C_free,5.0,625.0,A1_FCC,0.9063603695006555,1160.0,1370.0
mpea-02b,C_free,5.0,625.0,B2_BCC[ordered],0.09363963045474832,1160.0,1370.0
mpea-02b,C_free,5.0,650.0,A1_FCC,0.9126584613099514,1160.0,1370.0
mpea-02b,C_free,5.0,650.0,B2_BCC[ordered],0.08734153867265779,1160.0,1370.0
mpea-02b,C_free,5.0,675.0,A1_FCC,0.9193388346081707,1160.0,1370.0
mpea-02b,C_free,5.0,675.0,B2_BCC[ordered],0.08066116538492335,1160.0,1370.0
mpea-02b,C_free,5.0,700.0,A1_FCC,0.926383269035228,1160.0,1370.0
mpea-02b,C_free,5.0,700.0,B2_BCC[ordered],0.0736167309429806,1160.0,1370.0
mpea-02b,C_free,5.0,725.0,A1_FCC,0.9337753110894754,1160.0,1370.0
mpea-02b,C_free,5.0,725.0,B2_BCC[ordered],0.06622468892806369,1160.0,1370.0
mpea-02b,C_free,5.0,750.0,A1_FCC,0.9415012854090615,1160.0,1370.0
mpea-02b,C_free,5.0,750.0,B2_BCC[ordered],0.058498714590514166,1160.0,1370.0
mpea-02b,C_free,5.0,775.0,A1_FCC,0.9495513832521707,1160.0,1370.0
mpea-02b,C_free,5.0,775.0,B2_BCC[ordered],0.05044861675507534,1160.0,1370.0
mpea-02b,C_free,5.0,800.0,A1_FCC,0.9579209788872419,1160.0,1370.0
mpea-02b,C_free,5.0,800.0,B2_BCC[ordered],0.04207902111376891,1160.0,1370.0
mpea-02b,C_free,5.0,825.0,A1_FCC,0.9666124448713346,1160.0,1370.0
mpea-02b,C_free,5.0,825.0,B2_BCC[ordered],0.03338755528655401,1160.0,1370.0
mpea-02b,C_free,5.0,850.0,B2_BCC[ordered],0.024362030385858015,1160.0,1370.0
mpea-02b,C_free,5.0,850.0,A1_FCC,0.975637969630693,1160.0,1370.0
mpea-02b,C_free,5.0,875.0,B2_BCC[ordered],0.01497560659761303,1160.0,1370.0
mpea-02b,C_free,5.0,875.0,A1_FCC,0.9850243934043731,1160.0,1370.0
mpea-02b,C_free,5.0,900.0,A1_FCC,0.9999999999584789,1160.0,1370.0
mpea-02b,C_free,5.0,925.0,A1_FCC,0.9999999999990112,1160.0,1370.0
mpea-02b,C_free,5.0,950.0,A1_FCC,0.9999999999999991,1160.0,1370.0
mpea-02b,C_free,5.4,1000.0,A1_FCC,1.0000000000535303,1160.0,1370.0
mpea-02b,C_free,5.4,1010.0,A1_FCC,1.0000000000295222,1160.0,1370.0
mpea-02b,C_free,5.4,1020.0,A1_FCC,1.0000000000198395,1160.0,1370.0
mpea-02b,C_free,5.4,1030.0,A1_FCC,1.0000000000525402,1160.0,1370.0
mpea-02b,C_free,5.4,1040.0,A1_FCC,0.9999999999960715,1160.0,1370.0
mpea-02b,C_free,5.4,1050.0,A1_FCC,0.9563105250709176,1160.0,1370.0
mpea-02b,C_free,5.4,1050.0,B2_BCC[A2],0.04368947455042109,1160.0,1370.0
mpea-02b,C_free,5.4,1060.0,A1_FCC,0.8907758877521055,1160.0,1370.0
mpea-02b,C_free,5.4,1060.0,B2_BCC[A2],0.10922411211190673,1160.0,1370.0
mpea-02b,C_free,5.4,1070.0,B2_BCC[A2],0.17793969191245368,1160.0,1370.0
mpea-02b,C_free,5.4,1070.0,A1_FCC,0.8220603080001709,1160.0,1370.0
mpea-02b,C_free,5.4,1080.0,A1_FCC,0.749864660297872,1160.0,1370.0
mpea-02b,C_free,5.4,1080.0,B2_BCC[A2],0.2501353395880327,1160.0,1370.0
mpea-02b,C_free,5.4,1090.0,A1_FCC,0.6738579952524812,1160.0,1370.0
mpea-02b,C_free,5.4,1090.0,B2_BCC[A2],0.32614200474416677,1160.0,1370.0
mpea-02b,C_free,5.4,1100.0,A1_FCC,0.5936742562575793,1160.0,1370.0
mpea-02b,C_free,5.4,1100.0,B2_BCC[A2],0.4063257436373261,1160.0,1370.0
mpea-02b,C_free,5.4,1110.0,A1_FCC,0.508908877144861,1160.0,1370.0
mpea-02b,C_free,5.4,1110.0,B2_BCC[A2],0.491091122865383,1160.0,1370.0
mpea-02b,C_free,5.4,1120.0,A1_FCC,0.419115499202878,1160.0,1370.0
mpea-02b,C_free,5.4,1120.0,B2_BCC[A2],0.5808845008228467,1160.0,1370.0
mpea-02b,C_free,5.4,1130.0,A1_FCC,0.3238035551866983,1160.0,1370.0
mpea-02b,C_free,5.4,1130.0,B2_BCC[A2],0.6761964447651596,1160.0,1370.0
mpea-02b,C_free,5.4,1140.0,A1_FCC,0.2224396088230315,1160.0,1370.0
mpea-02b,C_free,5.4,1140.0,B2_BCC[A2],0.7775603911923396,1160.0,1370.0
mpea-02b,C_free,5.4,1150.0,A1_FCC,0.11446900432363706,1160.0,1370.0
mpea-02b,C_free,5.4,1150.0,B2_BCC[A2],0.8855309956283034,1160.0,1370.0
mpea-02b,C_free,5.4,1160.0,B2_BCC[A2],1.0000000000295894,1160.0,1370.0
mpea-02b,C_free,5.4,1170.0,B2_BCC[A2],1.0000000000122435,1160.0,1370.0
mpea-02b,C_free,5.4,1180.0,B2_BCC[A2],0.9999999999932141,1160.0,1370.0
mpea-02b,C_free,5.4,1190.0,B2_BCC[A2],0.999999999987634,1160.0,1370.0
mpea-02b,C_free,5.4,1200.0,B2_BCC[A2],1.0000000000479587,1160.0,1370.0
mpea-02b,C_free,5.4,1210.0,B2_BCC[A2],1.0000000000207003,1160.0,1370.0
mpea-02b,C_free,5.4,1220.0,B2_BCC[A2],1.0000000000561522,1160.0,1370.0
mpea-02b,C_free,5.4,1230.0,B2_BCC[A2],1.0000000000203144,1160.0,1370.0
mpea-02b,C_free,5.4,1240.0,B2_BCC[A2],0.9999999999867492,1160.0,1370.0
mpea-02b,C_free,5.4,1250.0,B2_BCC[A2],1.0000000000206304,1160.0,1370.0
mpea-02b,C_free,5.4,1260.0,B2_BCC[A2],0.9999999999890967,1160.0,1370.0
mpea-02b,C_free,5.4,1270.0,B2_BCC[A2],1.0000000000323397,1160.0,1370.0
mpea-02b,C_free,5.4,1280.0,B2_BCC[A2],1.0000000000022247,1160.0,1370.0
mpea-02b,C_free,5.4,1290.0,B2_BCC[A2],0.9999999999804096,1160.0,1370.0
mpea-02b,C_free,5.4,1300.0,B2_BCC[A2],1.000000000029321,1160.0,1370.0
mpea-02b,C_free,5.4,1310.0,B2_BCC[A2],1.0000000000618334,1160.0,1370.0
mpea-02b,C_free,5.4,1320.0,B2_BCC[A2],1.0000000000002967,1160.0,1370.0
mpea-02b,C_free,5.4,1330.0,B2_BCC[A2],0.9999999999779762,1160.0,1370.0
mpea-02b,C_free,5.4,1340.0,B2_BCC[A2],1.0000000000074283,1160.0,1370.0
mpea-02b,C_free,5.4,1350.0,B2_BCC[A2],1.0000000000325617,1160.0,1370.0
mpea-02b,C_free,5.4,1360.0,B2_BCC[A2],1.0000000000351024,1160.0,1370.0
mpea-02b,C_free,5.4,1370.0,LIQUID,0.1250564214826436,1160.0,1370.0
mpea-02b,C_free,5.4,1370.0,B2_BCC[A2],0.8749435784690527,1160.0,1370.0
mpea-02b,C_free,5.4,1380.0,LIQUID,0.3485450503968974,1160.0,1370.0
mpea-02b,C_free,5.4,1380.0,B2_BCC[A2],0.6514549496902798,1160.0,1370.0
mpea-02b,C_free,5.4,1390.0,B2_BCC[A2],0.4001693820656425,1160.0,1370.0
mpea-02b,C_free,5.4,1390.0,LIQUID,0.5998306178959011,1160.0,1370.0
mpea-02b,C_free,5.4,1400.0,LIQUID,0.8833075733259416,1160.0,1370.0
mpea-02b,C_free,5.4,1400.0,B2_BCC[A2],0.116692426540797,1160.0,1370.0
mpea-02b,C_free,5.4,400.0,A1_FCC,0.5697625841066392,1160.0,1370.0
mpea-02b,C_free,5.4,400.0,B2_BCC[A2],0.06285519964112689,1160.0,1370.0
mpea-02b,C_free,5.4,400.0,B2_BCC[ordered],0.13867435463183628,1160.0,1370.0
mpea-02b,C_free,5.4,400.0,CUB_A13,0.22870786160606738,1160.0,1370.0
mpea-02b,C_free,5.4,425.0,A1_FCC,0.7796809974549371,1160.0,1370.0
mpea-02b,C_free,5.4,425.0,B2_BCC[ordered],0.13701477067285722,1160.0,1370.0
mpea-02b,C_free,5.4,425.0,CUB_A13,0.08330423239350315,1160.0,1370.0
mpea-02b,C_free,5.4,450.0,A1_FCC,0.8430201311113064,1160.0,1370.0
mpea-02b,C_free,5.4,450.0,B2_BCC[ordered],0.13495999933130698,1160.0,1370.0
mpea-02b,C_free,5.4,450.0,CUB_A13,0.022019869692176508,1160.0,1370.0
mpea-02b,C_free,5.4,475.0,B2_BCC[ordered],0.13195831463211283,1160.0,1370.0
mpea-02b,C_free,5.4,475.0,A1_FCC,0.8680416853676528,1160.0,1370.0
mpea-02b,C_free,5.4,500.0,A1_FCC,0.871684036626242,1160.0,1370.0
mpea-02b,C_free,5.4,500.0,B2_BCC[ordered],0.1283159633501895,1160.0,1370.0
mpea-02b,C_free,5.4,525.0,A1_FCC,0.8757957532533691,1160.0,1370.0
mpea-02b,C_free,5.4,525.0,B2_BCC[ordered],0.12420424676436859,1160.0,1370.0
mpea-02b,C_free,5.4,550.0,A1_FCC,0.8803682175268098,1160.0,1370.0
mpea-02b,C_free,5.4,550.0,B2_BCC[ordered],0.1196317824783872,1160.0,1370.0
mpea-02b,C_free,5.4,575.0,A1_FCC,0.8853880655230429,1160.0,1370.0
mpea-02b,C_free,5.4,575.0,B2_BCC[ordered],0.11461193448500069,1160.0,1370.0
mpea-02b,C_free,5.4,600.0,A1_FCC,0.8908381750754489,1160.0,1370.0
mpea-02b,C_free,5.4,600.0,B2_BCC[ordered],0.10916182492549362,1160.0,1370.0
mpea-02b,C_free,5.4,625.0,A1_FCC,0.8966987476597346,1160.0,1370.0
mpea-02b,C_free,5.4,625.0,B2_BCC[ordered],0.10330125234502152,1160.0,1370.0
mpea-02b,C_free,5.4,650.0,A1_FCC,0.9029484108762469,1160.0,1370.0
mpea-02b,C_free,5.4,650.0,B2_BCC[ordered],0.09705158910407517,1160.0,1370.0
mpea-02b,C_free,5.4,675.0,A1_FCC,0.9095652802285581,1160.0,1370.0
mpea-02b,C_free,5.4,675.0,B2_BCC[ordered],0.09043471975641598,1160.0,1370.0
mpea-02b,C_free,5.4,700.0,A1_FCC,0.9165279389305373,1160.0,1370.0
mpea-02b,C_free,5.4,700.0,B2_BCC[ordered],0.08347206108417854,1160.0,1370.0
mpea-02b,C_free,5.4,725.0,A1_FCC,0.9238163211261473,1160.0,1370.0
mpea-02b,C_free,5.4,725.0,B2_BCC[ordered],0.07618367886989624,1160.0,1370.0
mpea-02b,C_free,5.4,750.0,A1_FCC,0.9314125122448397,1160.0,1370.0
mpea-02b,C_free,5.4,750.0,B2_BCC[ordered],0.06858748775368839,1160.0,1370.0
mpea-02b,C_free,5.4,775.0,B2_BCC[ordered],0.0606984879912982,1160.0,1370.0
mpea-02b,C_free,5.4,775.0,A1_FCC,0.9393015120032988,1160.0,1370.0
mpea-02b,C_free,5.4,800.0,A1_FCC,0.9474720472500698,1160.0,1370.0
mpea-02b,C_free,5.4,800.0,B2_BCC[ordered],0.05252795275812301,1160.0,1370.0
mpea-02b,C_free,5.4,825.0,B2_BCC[ordered],0.044082418858170325,1160.0,1370.0
mpea-02b,C_free,5.4,825.0,A1_FCC,0.9559175814191961,1160.0,1370.0
mpea-02b,C_free,5.4,850.0,A1_FCC,0.964637778826099,1160.0,1370.0
mpea-02b,C_free,5.4,850.0,B2_BCC[ordered],0.03536222123162877,1160.0,1370.0
mpea-02b,C_free,5.4,875.0,A1_FCC,0.9736409155970916,1160.0,1370.0
mpea-02b,C_free,5.4,875.0,B2_BCC[ordered],0.026359084407378393,1160.0,1370.0
mpea-02b,C_free,5.4,900.0,A1_FCC,0.9829482648652078,1160.0,1370.0
mpea-02b,C_free,5.4,900.0,B2_BCC[ordered],0.01705173513876459,1160.0,1370.0
mpea-02b,C_free,5.4,925.0,A1_FCC,0.992602910478703,1160.0,1370.0
mpea-02b,C_free,5.4,925.0,B2_BCC[ordered],0.0073970895103996894,1160.0,1370.0
mpea-02b,C_free,5.4,950.0,A1_FCC,1.0000000000615155,1160.0,1370.0
mpea-02b,C_free,5.8,1000.0,A1_FCC,1.000000000025102,1170.0,1370.0
mpea-02b,C_free,5.8,1010.0,A1_FCC,1.0000000000039746,1170.0,1370.0
mpea-02b,C_free,5.8,1020.0,A1_FCC,1.0000000000337144,1170.0,1370.0
mpea-02b,C_free,5.8,1030.0,A1_FCC,1.0000000000474485,1170.0,1370.0
mpea-02b,C_free,5.8,1040.0,A1_FCC,1.0000000000039813,1170.0,1370.0
mpea-02b,C_free,5.8,1050.0,A1_FCC,0.9922440011201102,1170.0,1370.0
mpea-02b,C_free,5.8,1050.0,B2_BCC[A2],0.007755998840268295,1170.0,1370.0
mpea-02b,C_free,5.8,1060.0,A1_FCC,0.9276134345502101,1170.0,1370.0
mpea-02b,C_free,5.8,1060.0,B2_BCC[A2],0.07238656548891748,1170.0,1370.0
mpea-02b,C_free,5.8,1070.0,A1_FCC,0.859885922537722,1170.0,1370.0
mpea-02b,C_free,5.8,1070.0,B2_BCC[A2],0.14011407734699033,1170.0,1370.0
mpea-02b,C_free,5.8,1080.0,A1_FCC,0.7887723438479859,1170.0,1370.0
mpea-02b,C_free,5.8,1080.0,B2_BCC[A2],0.2112276561376505,1170.0,1370.0
mpea-02b,C_free,5.8,1090.0,A1_FCC,0.7139529137468085,1170.0,1370.0
mpea-02b,C_free,5.8,1090.0,B2_BCC[A2],0.2860470861846379,1170.0,1370.0
mpea-02b,C_free,5.8,1100.0,A1_FCC,0.635074026557995,1170.0,1370.0
mpea-02b,C_free,5.8,1100.0,B2_BCC[A2],0.3649259734307159,1170.0,1370.0
mpea-02b,C_free,5.8,1110.0,A1_FCC,0.5517449452020675,1170.0,1370.0
mpea-02b,C_free,5.8,1110.0,B2_BCC[A2],0.44825505471662985,1170.0,1370.0
mpea-02b,C_free,5.8,1120.0,A1_FCC,0.46353450591227613,1170.0,1370.0
mpea-02b,C_free,5.8,1120.0,B2_BCC[A2],0.5364654941251281,1170.0,1370.0
mpea-02b,C_free,5.8,1130.0,B2_BCC[A2],0.6300317411191062,1170.0,1370.0
mpea-02b,C_free,5.8,1130.0,A1_FCC,0.36996825886652995,1170.0,1370.0
mpea-02b,C_free,5.8,1140.0,A1_FCC,0.2705275548575706,1170.0,1370.0
mpea-02b,C_free,5.8,1140.0,B2_BCC[A2],0.7294724451220949,1170.0,1370.0
mpea-02b,C_free,5.8,1150.0,B2_BCC[A2],0.8353425824009921,1170.0,1370.0
mpea-02b,C_free,5.8,1150.0,A1_FCC,0.1646574175550436,1170.0,1370.0
mpea-02b,C_free,5.8,1160.0,B2_BCC[A2],0.948161401782179,1170.0,1370.0
mpea-02b,C_free,5.8,1160.0,A1_FCC,0.05183859819313278,1170.0,1370.0
mpea-02b,C_free,5.8,1170.0,B2_BCC[A2],1.0000000000013667,1170.0,1370.0
mpea-02b,C_free,5.8,1180.0,B2_BCC[A2],1.0000000000112284,1170.0,1370.0
mpea-02b,C_free,5.8,1190.0,B2_BCC[A2],1.0000000000479725,1170.0,1370.0
mpea-02b,C_free,5.8,1200.0,B2_BCC[A2],0.9999999999771272,1170.0,1370.0
mpea-02b,C_free,5.8,1210.0,B2_BCC[A2],0.9999999999514356,1170.0,1370.0
mpea-02b,C_free,5.8,1220.0,B2_BCC[A2],1.0000000000223717,1170.0,1370.0
mpea-02b,C_free,5.8,1230.0,B2_BCC[A2],1.0000000000230505,1170.0,1370.0
mpea-02b,C_free,5.8,1240.0,B2_BCC[A2],0.9999999999832734,1170.0,1370.0
mpea-02b,C_free,5.8,1250.0,B2_BCC[A2],1.000000000047982,1170.0,1370.0
mpea-02b,C_free,5.8,1260.0,B2_BCC[A2],1.0000000000181148,1170.0,1370.0
mpea-02b,C_free,5.8,1270.0,B2_BCC[A2],1.0000000000123899,1170.0,1370.0
mpea-02b,C_free,5.8,1280.0,B2_BCC[A2],0.999999999988749,1170.0,1370.0
mpea-02b,C_free,5.8,1290.0,B2_BCC[A2],1.0000000000260374,1170.0,1370.0
mpea-02b,C_free,5.8,1300.0,B2_BCC[A2],0.9999999999591012,1170.0,1370.0
mpea-02b,C_free,5.8,1310.0,B2_BCC[A2],1.0000000000020217,1170.0,1370.0
mpea-02b,C_free,5.8,1320.0,B2_BCC[A2],0.9999999999850157,1170.0,1370.0
mpea-02b,C_free,5.8,1330.0,B2_BCC[A2],1.0000000000076383,1170.0,1370.0
mpea-02b,C_free,5.8,1340.0,B2_BCC[A2],1.0000000000646962,1170.0,1370.0
mpea-02b,C_free,5.8,1350.0,B2_BCC[A2],0.9999999999904325,1170.0,1370.0
mpea-02b,C_free,5.8,1360.0,B2_BCC[A2],0.9999999999665188,1170.0,1370.0
mpea-02b,C_free,5.8,1370.0,LIQUID,0.17927254649805524,1170.0,1370.0
mpea-02b,C_free,5.8,1370.0,B2_BCC[A2],0.8207274535428412,1170.0,1370.0
mpea-02b,C_free,5.8,1380.0,LIQUID,0.39839141062223166,1170.0,1370.0
mpea-02b,C_free,5.8,1380.0,B2_BCC[A2],0.601608589539245,1170.0,1370.0
mpea-02b,C_free,5.8,1390.0,LIQUID,0.6444193754886008,1170.0,1370.0
mpea-02b,C_free,5.8,1390.0,B2_BCC[A2],0.35558062441664867,1170.0,1370.0
mpea-02b,C_free,5.8,1400.0,LIQUID,0.9217480502046071,1170.0,1370.0
mpea-02b,C_free,5.8,1400.0,B2_BCC[A2],0.07825194978206844,1170.0,1370.0
mpea-02b,C_free,5.8,400.0,A1_FCC,0.6555065948969641,1170.0,1370.0
mpea-02b,C_free,5.8,400.0,B2_BCC[A2],0.03714123238257881,1170.0,1370.0
mpea-02b,C_free,5.8,400.0,B2_BCC[ordered],0.14812449782814655,1170.0,1370.0
mpea-02b,C_free,5.8,400.0,CUB_A13,0.15922767493610093,1170.0,1370.0
mpea-02b,C_free,5.8,425.0,A1_FCC,0.8036021489368488,1170.0,1370.0
mpea-02b,C_free,5.8,425.0,B2_BCC[ordered],0.1466430887127478,1170.0,1370.0
mpea-02b,C_free,5.8,425.0,CUB_A13,0.04975476297952329,1170.0,1370.0
mpea-02b,C_free,5.8,450.0,A1_FCC,0.8555356395861132,1170.0,1370.0
mpea-02b,C_free,5.8,450.0,B2_BCC[ordered],0.14446436039765878,1170.0,1370.0
mpea-02b,C_free,5.8,475.0,A1_FCC,0.8586976631029006,1170.0,1370.0
mpea-02b,C_free,5.8,475.0,B2_BCC[ordered],0.14130233688421168,1170.0,1370.0
mpea-02b,C_free,5.8,500.0,A1_FCC,0.8623339514668412,1170.0,1370.0
mpea-02b,C_free,5.8,500.0,B2_BCC[ordered],0.13766604851013717,1170.0,1370.0
mpea-02b,C_free,5.8,525.0,A1_FCC,0.8664397838913507,1170.0,1370.0
mpea-02b,C_free,5.8,525.0,B2_BCC[ordered],0.1335602161063729,1170.0,1370.0
mpea-02b,C_free,5.8,550.0,A1_FCC,0.8710046278634427,1170.0,1370.0
mpea-02b,C_free,5.8,550.0,B2_BCC[ordered],0.1289953721212924,1170.0,1370.0
mpea-02b,C_free,5.8,575.0,A1_FCC,0.8760130048351823,1170.0,1370.0
mpea-02b,C_free,5.8,575.0,B2_BCC[ordered],0.12398699518121044,1170.0,1370.0
mpea-02b,C_free,5.8,600.0,A1_FCC,0.8814455216215288,1170.0,1370.0
mpea-02b,C_free,5.8,600.0,B2_BCC[ordered],0.11855447839136886,1170.0,1370.0
mpea-02b,C_free,5.8,625.0,A1_FCC,0.8872799852675637,1170.0,1370.0
mpea-02b,C_free,5.8,625.0,B2_BCC[ordered],0.11272001471837007,1170.0,1370.0
mpea-02b,C_free,5.8,650.0,B2_BCC[ordered],0.10650748231483032,1170.0,1370.0
mpea-02b,C_free,5.8,650.0,A1_FCC,0.8934925177063459,1170.0,1370.0
mpea-02b,C_free,5.8,675.0,B2_BCC[ordered],0.09994139881549507,1170.0,1370.0
mpea-02b,C_free,5.8,675.0,A1_FCC,0.9000586011963662,1170.0,1370.0
mpea-02b,C_free,5.8,700.0,A1_FCC,0.9069540053636473,1170.0,1370.0
mpea-02b,C_free,5.8,700.0,B2_BCC[ordered],0.09304599465743478,1170.0,1370.0
mpea-02b,C_free,5.8,725.0,A1_FCC,0.9141555715508451,1170.0,1370.0
mpea-02b,C_free,5.8,725.0,B2_BCC[ordered],0.08584442843175244,1170.0,1370.0
mpea-02b,C_free,5.8,750.0,A1_FCC,0.9216418555667261,1170.0,1370.0
mpea-02b,C_free,5.8,750.0,B2_BCC[ordered],0.07835814442911744,1170.0,1370.0
mpea-02b,C_free,5.8,775.0,A1_FCC,0.9293936521055863,1170.0,1370.0
mpea-02b,C_free,5.8,775.0,B2_BCC[ordered],0.07060634789835944,1170.0,1370.0
mpea-02b,C_free,5.8,800.0,A1_FCC,0.9373944476028301,1170.0,1370.0
mpea-02b,C_free,5.8,800.0,B2_BCC[ordered],0.06260555238076254,1170.0,1370.0
mpea-02b,C_free,5.8,825.0,A1_FCC,0.945630873925905,1170.0,1370.0
mpea-02b,C_free,5.8,825.0,B2_BCC[ordered],0.054369126572024064,1170.0,1370.0
mpea-02b,C_free,5.8,850.0,B2_BCC[ordered],0.045906724296760335,1170.0,1370.0
mpea-02b,C_free,5.8,850.0,A1_FCC,0.954093275821486,1170.0,1370.0
mpea-02b,C_free,5.8,875.0,B2_BCC[ordered],0.03722340835512904,1170.0,1370.0
mpea-02b,C_free,5.8,875.0,A1_FCC,0.9627765916642282,1170.0,1370.0
mpea-02b,C_free,5.8,900.0,A1_FCC,0.9716819208954348,1170.0,1370.0
mpea-02b,C_free,5.8,900.0,B2_BCC[ordered],0.028318079096224576,1170.0,1370.0
mpea-02b,C_free,5.8,925.0,A1_FCC,0.9808196313172991,1170.0,1370.0
mpea-02b,C_free,5.8,925.0,B2_BCC[ordered],0.01918036868323608,1170.0,1370.0
mpea-02b,C_free,5.8,950.0,B2_BCC[ordered],0.009783787439060877,1170.0,1370.0
mpea-02b,C_free,5.8,950.0,A1_FCC,0.9902162125655612,1170.0,1370.0
mpea-02b,C_free,6.2,1000.0,A1_FCC,0.9965702025821983,1170.0,1360.0
mpea-02b,C_free,6.2,1000.0,B2_BCC[ordered],0.003429797409594336,1170.0,1360.0
mpea-02b,C_free,6.2,1010.0,A1_FCC,1.000000000004721,1170.0,1360.0
mpea-02b,C_free,6.2,1020.0,A1_FCC,0.9999999999687229,1170.0,1360.0
mpea-02b,C_free,6.2,1030.0,A1_FCC,0.9999999999857041,1170.0,1360.0
mpea-02b,C_free,6.2,1040.0,A1_FCC,1.000000000044157,1170.0,1360.0
mpea-02b,C_free,6.2,1050.0,A1_FCC,0.9999999999522766,1170.0,1360.0
mpea-02b,C_free,6.2,1060.0,B2_BCC[A2],0.036793146674956013,1170.0,1360.0
mpea-02b,C_free,6.2,1060.0,A1_FCC,0.9632068533318042,1170.0,1360.0
mpea-02b,C_free,6.2,1070.0,B2_BCC[A2],0.10354236103258653,1170.0,1360.0
mpea-02b,C_free,6.2,1070.0,A1_FCC,0.896457638969471,1170.0,1360.0
mpea-02b,C_free,6.2,1080.0,A1_FCC,0.8264106394605,1170.0,1360.0
mpea-02b,C_free,6.2,1080.0,B2_BCC[A2],0.1735893605388389,1170.0,1360.0
mpea-02b,C_free,6.2,1090.0,A1_FCC,0.7527567372531454,1170.0,1360.0
mpea-02b,C_free,6.2,1090.0,B2_BCC[A2],0.2472432627105146,1170.0,1360.0
mpea-02b,C_free,6.2,1100.0,A1_FCC,0.6751542095824734,1170.0,1360.0
mpea-02b,C_free,6.2,1100.0,B2_BCC[A2],0.3248457903544877,1170.0,1360.0
mpea-02b,C_free,6.2,1110.0,A1_FCC,0.5932255297203073,1170.0,1360.0
mpea-02b,C_free,6.2,1110.0,B2_BCC[A2],0.40677447025677677,1170.0,1360.0
mpea-02b,C_free,6.2,1120.0,A1_FCC,0.5065541152523791,1170.0,1360.0
mpea-02b,C_free,6.2,1120.0,B2_BCC[A2],0.49344588471405865,1170.0,1360.0
mpea-02b,C_free,6.2,1130.0,A1_FCC,0.41468130449171187,1170.0,1360.0
mpea-02b,C_free,6.2,1130.0,B2_BCC[A2],0.5853186956422188,1170.0,1360.0
mpea-02b,C_free,6.2,1140.0,B2_BCC[A2],0.6828956177591851,1170.0,1360.0
mpea-02b,C_free,6.2,1140.0,A1_FCC,0.31710438219424203,1170.0,1360.0
mpea-02b,C_free,6.2,1150.0,A1_FCC,0.21327890306491748,1170.0,1360.0
mpea-02b,C_free,6.2,1150.0,B2_BCC[A2],0.7867210970479493,1170.0,1360.0
mpea-02b,C_free,6.2,1160.0,B2_BCC[A2],0.8973553722014719,1170.0,1360.0
mpea-02b,C_free,6.2,1160.0,A1_FCC,0.10264462786105354,1170.0,1360.0
mpea-02b,C_free,6.2,1170.0,B2_BCC[A2],0.9999999999596739,1170.0,1360.0
mpea-02b,C_free,6.2,1180.0,B2_BCC[A2],1.00000000003158,1170.0,1360.0
mpea-02b,C_free,6.2,1190.0,B2_BCC[A2],0.9999999999980183,1170.0,1360.0
mpea-02b,C_free,6.2,1200.0,B2_BCC[A2],1.00000000002169,1170.0,1360.0
mpea-02b,C_free,6.2,1210.0,B2_BCC[A2],0.999999999995897,1170.0,1360.0
mpea-02b,C_free,6.2,1220.0,B2_BCC[A2],0.9999999999878777,1170.0,1360.0
mpea-02b,C_free,6.2,1230.0,B2_BCC[A2],1.0000000000105829,1170.0,1360.0
mpea-02b,C_free,6.2,1240.0,B2_BCC[A2],0.9999999999895066,1170.0,1360.0
mpea-02b,C_free,6.2,1250.0,B2_BCC[A2],0.9999999999956002,1170.0,1360.0
mpea-02b,C_free,6.2,1260.0,B2_BCC[A2],1.0000000000379867,1170.0,1360.0
mpea-02b,C_free,6.2,1270.0,B2_BCC[A2],1.0000000000063392,1170.0,1360.0
mpea-02b,C_free,6.2,1280.0,B2_BCC[A2],1.000000000042186,1170.0,1360.0
mpea-02b,C_free,6.2,1290.0,B2_BCC[A2],1.0000000000107865,1170.0,1360.0
mpea-02b,C_free,6.2,1300.0,B2_BCC[A2],1.0000000000018667,1170.0,1360.0
mpea-02b,C_free,6.2,1310.0,B2_BCC[A2],1.0000000000132618,1170.0,1360.0
mpea-02b,C_free,6.2,1320.0,B2_BCC[A2],1.0000000000414144,1170.0,1360.0
mpea-02b,C_free,6.2,1330.0,B2_BCC[A2],1.0000000000347782,1170.0,1360.0
mpea-02b,C_free,6.2,1340.0,B2_BCC[A2],1.0000000000055933,1170.0,1360.0
mpea-02b,C_free,6.2,1350.0,B2_BCC[A2],1.0000000000316427,1170.0,1360.0
mpea-02b,C_free,6.2,1360.0,LIQUID,0.0391626357845225,1170.0,1360.0
mpea-02b,C_free,6.2,1360.0,B2_BCC[A2],0.9608373642252056,1170.0,1360.0
mpea-02b,C_free,6.2,1370.0,LIQUID,0.2316320227274872,1170.0,1360.0
mpea-02b,C_free,6.2,1370.0,B2_BCC[A2],0.7683679774376841,1170.0,1360.0
mpea-02b,C_free,6.2,1380.0,LIQUID,0.4466781029100766,1170.0,1360.0
mpea-02b,C_free,6.2,1380.0,B2_BCC[A2],0.5533218970993478,1170.0,1360.0
mpea-02b,C_free,6.2,1390.0,LIQUID,0.687814140120555,1170.0,1360.0
mpea-02b,C_free,6.2,1390.0,B2_BCC[A2],0.31218585979073715,1170.0,1360.0
mpea-02b,C_free,6.2,1400.0,LIQUID,0.9594111154081647,1170.0,1360.0
mpea-02b,C_free,6.2,1400.0,B2_BCC[A2],0.04058888464418921,1170.0,1360.0
mpea-02b,C_free,6.2,400.0,B2_BCC[A2],0.011426896926931088,1170.0,1360.0
mpea-02b,C_free,6.2,400.0,A1_FCC,0.7412518615977012,1170.0,1360.0
mpea-02b,C_free,6.2,400.0,B2_BCC[ordered],0.157574625693641,1170.0,1360.0
mpea-02b,C_free,6.2,400.0,CUB_A13,0.08974661579698788,1170.0,1360.0
mpea-02b,C_free,6.2,425.0,A1_FCC,0.8267301652210101,1170.0,1360.0
mpea-02b,C_free,6.2,425.0,B2_BCC[ordered],0.15612550525337654,1170.0,1360.0
mpea-02b,C_free,6.2,425.0,CUB_A13,0.01714433030910482,1170.0,1360.0
mpea-02b,C_free,6.2,450.0,A1_FCC,0.8463748467167626,1170.0,1360.0
mpea-02b,C_free,6.2,450.0,B2_BCC[ordered],0.1536251532759246,1170.0,1360.0
mpea-02b,C_free,6.2,475.0,A1_FCC,0.8495344566971402,1170.0,1360.0
mpea-02b,C_free,6.2,475.0,B2_BCC[ordered],0.1504655433107731,1170.0,1360.0
mpea-02b,C_free,6.2,500.0,A1_FCC,0.8531706694014415,1170.0,1360.0
mpea-02b,C_free,6.2,500.0,B2_BCC[ordered],0.1468293305982786,1170.0,1360.0
mpea-02b,C_free,6.2,525.0,A1_FCC,0.8572771000386857,1170.0,1360.0
mpea-02b,C_free,6.2,525.0,B2_BCC[ordered],0.14272289993908724,1170.0,1360.0
mpea-02b,C_free,6.2,550.0,B2_BCC[ordered],0.13815868123517897,1170.0,1360.0
mpea-02b,C_free,6.2,550.0,A1_FCC,0.8618413187658606,1170.0,1360.0
mpea-02b,C_free,6.2,575.0,A1_FCC,0.8668457700065098,1170.0,1360.0
mpea-02b,C_free,6.2,575.0,B2_BCC[ordered],0.13315422999350515,1170.0,1360.0
mpea-02b,C_free,6.2,600.0,A1_FCC,0.8722688574725808,1170.0,1360.0
mpea-02b,C_free,6.2,600.0,B2_BCC[ordered],0.12773114250350764,1170.0,1360.0
mpea-02b,C_free,6.2,625.0,A1_FCC,0.8780861017068448,1170.0,1360.0
mpea-02b,C_free,6.2,625.0,B2_BCC[ordered],0.12191389827666133,1170.0,1360.0
mpea-02b,C_free,6.2,650.0,A1_FCC,0.8842712778544574,1170.0,1360.0
mpea-02b,C_free,6.2,650.0,B2_BCC[ordered],0.11572872214362617,1170.0,1360.0
mpea-02b,C_free,6.2,675.0,A1_FCC,0.8907974573966616,1170.0,1360.0
mpea-02b,C_free,6.2,675.0,B2_BCC[ordered],0.10920254263547172,1170.0,1360.0
mpea-02b,C_free,6.2,700.0,A1_FCC,0.8976378986731381,1170.0,1360.0
mpea-02b,C_free,6.2,700.0,B2_BCC[ordered],0.10236210130718215,1170.0,1360.0
mpea-02b,C_free,6.2,725.0,A1_FCC,0.9047667563984069,1170.0,1360.0
mpea-02b,C_free,6.2,725.0,B2_BCC[ordered],0.09523324359396414,1170.0,1360.0
mpea-02b,C_free,6.2,750.0,A1_FCC,0.9121596034137174,1170.0,1360.0
mpea-02b,C_free,6.2,750.0,B2_BCC[ordered],0.08784039658186801,1170.0,1360.0
mpea-02b,C_free,6.2,775.0,A1_FCC,0.9197937747213651,1170.0,1360.0
mpea-02b,C_free,6.2,775.0,B2_BCC[ordered],0.08020622527686712,1170.0,1360.0
mpea-02b,C_free,6.2,800.0,A1_FCC,0.927648555451972,1170.0,1360.0
mpea-02b,C_free,6.2,800.0,B2_BCC[ordered],0.07235144454013688,1170.0,1360.0
mpea-02b,C_free,6.2,825.0,A1_FCC,0.935705240351735,1170.0,1360.0
mpea-02b,C_free,6.2,825.0,B2_BCC[ordered],0.06429476050652444,1170.0,1360.0
mpea-02b,C_free,6.2,850.0,A1_FCC,0.9439470895933407,1170.0,1360.0
mpea-02b,C_free,6.2,850.0,B2_BCC[ordered],0.05605291060641006,1170.0,1360.0
mpea-02b,C_free,6.2,875.0,A1_FCC,0.952359215713066,1170.0,1360.0
mpea-02b,C_free,6.2,875.0,B2_BCC[ordered],0.04764078431778698,1170.0,1360.0
mpea-02b,C_free,6.2,900.0,A1_FCC,0.9609284153239209,1170.0,1360.0
mpea-02b,C_free,6.2,900.0,B2_BCC[ordered],0.039071584675616014,1170.0,1360.0
mpea-02b,C_free,6.2,925.0,B2_BCC[ordered],0.03035700208976797,1170.0,1360.0
mpea-02b,C_free,6.2,925.0,A1_FCC,0.9696429979114388,1170.0,1360.0
mpea-02b,C_free,6.2,950.0,A1_FCC,0.9784927190894083,1170.0,1360.0
mpea-02b,C_free,6.2,950.0,B2_BCC[ordered],0.02150728091538515,1170.0,1360.0
mpea-02b,C_free,6.6,1000.0,A1_FCC,0.9840897255422073,1180.0,1360.0
mpea-02b,C_free,6.6,1000.0,B2_BCC[ordered],0.015910274461366645,1180.0,1360.0
mpea-02b,C_free,6.6,1010.0,A1_FCC,0.9873581176614029,1180.0,1360.0
mpea-02b,C_free,6.6,1010.0,B2_BCC[ordered],0.012641882325588553,1180.0,1360.0
mpea-02b,C_free,6.6,1020.0,A1_FCC,0.9905712816401407,1180.0,1360.0
mpea-02b,C_free,6.6,1020.0,B2_BCC[ordered],0.0094287183590557,1180.0,1360.0
mpea-02b,C_free,6.6,1030.0,A1_FCC,0.9937028101892488,1180.0,1360.0
mpea-02b,C_free,6.6,1030.0,B2_BCC[ordered],0.006297189830011787,1180.0,1360.0
mpea-02b,C_free,6.6,1040.0,A1_FCC,0.9967094505919819,1180.0,1360.0
mpea-02b,C_free,6.6,1040.0,B2_BCC[ordered],0.0032905494049277947,1180.0,1360.0
mpea-02b,C_free,6.6,1050.0,B2_BCC[ordered],0.0004883438497064197,1180.0,1360.0
mpea-02b,C_free,6.6,1050.0,A1_FCC,0.9995116561718266,1180.0,1360.0
mpea-02b,C_free,6.6,1060.0,A1_FCC,1.0000000000134368,1180.0,1360.0
mpea-02b,C_free,6.6,1070.0,A1_FCC,0.9318189165989866,1180.0,1360.0
mpea-02b,C_free,6.6,1070.0,B2_BCC[A2],0.06818108345344888,1180.0,1360.0
mpea-02b,C_free,6.6,1080.0,B2_BCC[A2],0.1371763377548762,1180.0,1360.0
mpea-02b,C_free,6.6,1080.0,A1_FCC,0.8628236622685533,1180.0,1360.0
mpea-02b,C_free,6.6,1090.0,A1_FCC,0.7903145698638456,1180.0,1360.0
mpea-02b,C_free,6.6,1090.0,B2_BCC[A2],0.20968543013872212,1180.0,1360.0
mpea-02b,C_free,6.6,1100.0,A1_FCC,0.7139612585250438,1180.0,1360.0
mpea-02b,C_free,6.6,1100.0,B2_BCC[A2],0.28603874138282137,1180.0,1360.0
mpea-02b,C_free,6.6,1110.0,A1_FCC,0.6333988062188122,1180.0,1360.0
mpea-02b,C_free,6.6,1110.0,B2_BCC[A2],0.3666011938043977,1180.0,1360.0
mpea-02b,C_free,6.6,1120.0,A1_FCC,0.5482245783976649,1180.0,1360.0
mpea-02b,C_free,6.6,1120.0,B2_BCC[A2],0.45177542166206175,1180.0,1360.0
mpea-02b,C_free,6.6,1130.0,A1_FCC,0.45799516112032856,1180.0,1360.0
mpea-02b,C_free,6.6,1130.0,B2_BCC[A2],0.5420048389164595,1180.0,1360.0
mpea-02b,C_free,6.6,1140.0,A1_FCC,0.3622238984871795,1180.0,1360.0
mpea-02b,C_free,6.6,1140.0,B2_BCC[A2],0.6377761014855929,1180.0,1360.0
mpea-02b,C_free,6.6,1150.0,A1_FCC,0.26038071802624896,1180.0,1360.0
mpea-02b,C_free,6.6,1150.0,B2_BCC[A2],0.739619282023006,1180.0,1360.0
mpea-02b,C_free,6.6,1160.0,A1_FCC,0.15190232249124824,1180.0,1360.0
mpea-02b,C_free,6.6,1160.0,B2_BCC[A2],0.8480976774558311,1180.0,1360.0
mpea-02b,C_free,6.6,1170.0,A1_FCC,0.03628368052076433,1180.0,1360.0
mpea-02b,C_free,6.6,1170.0,B2_BCC[A2],0.9637163195225972,1180.0,1360.0
mpea-02b,C_free,6.6,1180.0,B2_BCC[A2],0.9999999999717377,1180.0,1360.0
mpea-02b,C_free,6.6,1190.0,B2_BCC[A2],1.0000000000125393,1180.0,1360.0
mpea-02b,C_free,6.6,1200.0,B2_BCC[A2],0.999999999975577,1180.0,1360.0
mpea-02b,C_free,6.6,1210.0,B2_BCC[A2],1.0000000000529377,1180.0,1360.0
mpea-02b,C_free,6.6,1220.0,B2_BCC[A2],0.999999999987248,1180.0,1360.0
mpea-02b,C_free,6.6,1230.0,B2_BCC[A2],0.999999999984733,1180.0,1360.0
mpea-02b,C_free,6.6,1240.0,B2_BCC[A2],1.0000000000020168,1180.0,1360.0
mpea-02b,C_free,6.6,1250.0,B2_BCC[A2],0.999999999978193,1180.0,1360.0
mpea-02b,C_free,6.6,1260.0,B2_BCC[A2],0.9999999999954123,1180.0,1360.0
mpea-02b,C_free,6.6,1270.0,B2_BCC[A2],1.0000000000043787,1180.0,1360.0
mpea-02b,C_free,6.6,1280.0,B2_BCC[A2],0.999999999985099,1180.0,1360.0
mpea-02b,C_free,6.6,1290.0,B2_BCC[A2],0.9999999999700142,1180.0,1360.0
mpea-02b,C_free,6.6,1300.0,B2_BCC[A2],0.9999999999813763,1180.0,1360.0
mpea-02b,C_free,6.6,1310.0,B2_BCC[A2],0.9999999999535117,1180.0,1360.0
mpea-02b,C_free,6.6,1320.0,B2_BCC[A2],0.999999999940768,1180.0,1360.0
mpea-02b,C_free,6.6,1330.0,B2_BCC[A2],1.0000000000213747,1180.0,1360.0
mpea-02b,C_free,6.6,1340.0,B2_BCC[A2],0.999999999979832,1180.0,1360.0
mpea-02b,C_free,6.6,1350.0,B2_BCC[A2],1.0000000000060443,1180.0,1360.0
mpea-02b,C_free,6.6,1360.0,LIQUID,0.09287367251877271,1180.0,1360.0
mpea-02b,C_free,6.6,1360.0,B2_BCC[A2],0.9071263275228563,1180.0,1360.0
mpea-02b,C_free,6.6,1370.0,LIQUID,0.2823114190786699,1180.0,1360.0
mpea-02b,C_free,6.6,1370.0,B2_BCC[A2],0.717688580967977,1180.0,1360.0
mpea-02b,C_free,6.6,1380.0,LIQUID,0.4935527463657768,1180.0,1360.0
mpea-02b,C_free,6.6,1380.0,B2_BCC[A2],0.5064472536763525,1180.0,1360.0
mpea-02b,C_free,6.6,1390.0,LIQUID,0.7301248194511818,1180.0,1360.0
mpea-02b,C_free,6.6,1390.0,B2_BCC[A2],0.26987518049517345,1180.0,1360.0
mpea-02b,C_free,6.6,1400.0,LIQUID,0.9963675207472025,1180.0,1360.0
mpea-02b,C_free,6.6,1400.0,B2_BCC[A2],0.003632479326417086,1180.0,1360.0
mpea-02b,C_free,6.6,400.0,A1_FCC,0.7919579460892724,1180.0,1360.0
mpea-02b,C_free,6.6,400.0,B2_BCC[ordered],0.16697169068964116,1180.0,1360.0
mpea-02b,C_free,6.6,400.0,CUB_A13,0.041070363272939246,1180.0,1360.0
mpea-02b,C_free,6.6,425.0,A1_FCC,0.8346963485981298,1180.0,1360.0
mpea-02b,C_free,6.6,425.0,B2_BCC[ordered],0.16530365139764674,1180.0,1360.0
mpea-02b,C_free,6.6,450.0,A1_FCC,0.8373782992828575,1180.0,1360.0
mpea-02b,C_free,6.6,450.0,B2_BCC[ordered],0.16262170071551596,1180.0,1360.0
mpea-02b,C_free,6.6,475.0,B2_BCC[ordered],0.15945933719959648,1180.0,1360.0
mpea-02b,C_free,6.6,475.0,A1_FCC,0.8405406628061535,1180.0,1360.0
mpea-02b,C_free,6.6,500.0,B2_BCC[ordered],0.1558176216836585,1180.0,1360.0
mpea-02b,C_free,6.6,500.0,A1_FCC,0.8441823783098705,1180.0,1360.0
mpea-02b,C_free,6.6,525.0,A1_FCC,0.848295389149668,1180.0,1360.0
mpea-02b,C_free,6.6,525.0,B2_BCC[ordered],0.15170461084549566,1180.0,1360.0
mpea-02b,C_free,6.6,550.0,A1_FCC,0.8528653696482584,1180.0,1360.0
mpea-02b,C_free,6.6,550.0,B2_BCC[ordered],0.14713463033802257,1180.0,1360.0
mpea-02b,C_free,6.6,575.0,A1_FCC,0.8578727072562079,1180.0,1360.0
mpea-02b,C_free,6.6,575.0,B2_BCC[ordered],0.14212729274640448,1180.0,1360.0
mpea-02b,C_free,6.6,600.0,A1_FCC,0.8632936496993397,1180.0,1360.0
mpea-02b,C_free,6.6,600.0,B2_BCC[ordered],0.13670635031007736,1180.0,1360.0
mpea-02b,C_free,6.6,625.0,A1_FCC,0.8691015137308586,1180.0,1360.0
mpea-02b,C_free,6.6,625.0,B2_BCC[ordered],0.13089848627093167,1180.0,1360.0
mpea-02b,C_free,6.6,650.0,A1_FCC,0.8752678544966948,1180.0,1360.0
mpea-02b,C_free,6.6,650.0,B2_BCC[ordered],0.1247321455184354,1180.0,1360.0
mpea-02b,C_free,6.6,675.0,A1_FCC,0.8817635124479962,1180.0,1360.0
mpea-02b,C_free,6.6,675.0,B2_BCC[ordered],0.11823648752575207,1180.0,1360.0
mpea-02b,C_free,6.6,700.0,A1_FCC,0.888559478990534,1180.0,1360.0
mpea-02b,C_free,6.6,700.0,B2_BCC[ordered],0.11144052101250201,1180.0,1360.0
mpea-02b,C_free,6.6,725.0,A1_FCC,0.8956275471642159,1180.0,1360.0
mpea-02b,C_free,6.6,725.0,B2_BCC[ordered],0.10437245281524106,1180.0,1360.0
mpea-02b,C_free,6.6,750.0,A1_FCC,0.9029407380162654,1180.0,1360.0
mpea-02b,C_free,6.6,750.0,B2_BCC[ordered],0.09705926196645344,1180.0,1360.0
mpea-02b,C_free,6.6,775.0,A1_FCC,0.9104735035401197,1180.0,1360.0
mpea-02b,C_free,6.6,775.0,B2_BCC[ordered],0.08952649646917937,1180.0,1360.0
mpea-02b,C_free,6.6,800.0,A1_FCC,0.9182017145287761,1180.0,1360.0
mpea-02b,C_free,6.6,800.0,B2_BCC[ordered],0.08179828546643024,1180.0,1360.0
mpea-02b,C_free,6.6,825.0,A1_FCC,0.9261024331570548,1180.0,1360.0
mpea-02b,C_free,6.6,825.0,B2_BCC[ordered],0.07389756829942389,1180.0,1360.0
mpea-02b,C_free,6.6,850.0,A1_FCC,0.934153440825073,1180.0,1360.0
mpea-02b,C_free,6.6,850.0,B2_BCC[ordered],0.0658465595182775,1180.0,1360.0
mpea-02b,C_free,6.6,875.0,A1_FCC,0.9999999999984218,1180.0,1360.0
mpea-02b,C_free,6.6,900.0,A1_FCC,0.9506159160247173,1180.0,1360.0
mpea-02b,C_free,6.6,900.0,B2_BCC[ordered],0.04938408398516736,1180.0,1360.0
mpea-02b,C_free,6.6,925.0,A1_FCC,0.9589767849728248,1180.0,1360.0
mpea-02b,C_free,6.6,925.0,B2_BCC[ordered],0.04102321501815955,1180.0,1360.0
mpea-02b,C_free,6.6,950.0,B2_BCC[ordered],0.032619160132496536,1180.0,1360.0
mpea-02b,C_free,6.6,950.0,A1_FCC,0.9673808398579712,1180.0,1360.0
mpea-02b,C_free,7.0,1000.0,A1_FCC,0.9724166224074742,1180.0,1360.0
mpea-02b,C_free,7.0,1000.0,B2_BCC[ordered],0.02758337758262694,1180.0,1360.0
mpea-02b,C_free,7.0,1010.0,B2_BCC[ordered],0.02461194355777789,1180.0,1360.0
mpea-02b,C_free,7.0,1010.0,A1_FCC,0.9753880564629271,1180.0,1360.0
mpea-02b,C_free,7.0,1020.0,A1_FCC,0.9782620676508463,1180.0,1360.0
mpea-02b,C_free,7.0,1020.0,B2_BCC[ordered],0.021737932346447157,1180.0,1360.0
mpea-02b,C_free,7.0,1030.0,B2_BCC[ordered],0.018999105567176128,1180.0,1360.0
mpea-02b,C_free,7.0,1030.0,A1_FCC,0.9810008944378948,1180.0,1360.0
mpea-02b,C_free,7.0,1040.0,B2_BCC[ordered],0.016455218858128555,1180.0,1360.0
mpea-02b,C_free,7.0,1040.0,A1_FCC,0.9835447811678653,1180.0,1360.0
mpea-02b,C_free,7.0,1050.0,B2_BCC[ordered],0.014210392115895141,1180.0,1360.0
mpea-02b,C_free,7.0,1050.0,A1_FCC,0.9857896078657676,1180.0,1360.0
mpea-02b,C_free,7.0,1060.0,B2_BCC[ordered],0.012476480015456854,1180.0,1360.0
mpea-02b,C_free,7.0,1060.0,A1_FCC,0.9875235199552627,1180.0,1360.0
mpea-02b,C_free,7.0,1070.0,B2_BCC[ordered],0.011842315925040576,1180.0,1360.0
mpea-02b,C_free,7.0,1070.0,A1_FCC,0.9881576840845141,1180.0,1360.0
mpea-02b,C_free,7.0,1080.0,A1_FCC,0.8980561417666652,1180.0,1360.0
mpea-02b,C_free,7.0,1080.0,B2_BCC[A2],0.10194385821139072,1180.0,1360.0
mpea-02b,C_free,7.0,1090.0,A1_FCC,0.8266719430946874,1180.0,1360.0
mpea-02b,C_free,7.0,1090.0,B2_BCC[A2],0.17332805688852046,1180.0,1360.0
mpea-02b,C_free,7.0,1100.0,A1_FCC,0.7515418663104985,1180.0,1360.0
mpea-02b,C_free,7.0,1100.0,B2_BCC[A2],0.24845813370470085,1180.0,1360.0
mpea-02b,C_free,7.0,1110.0,A1_FCC,0.6723130112312558,1180.0,1360.0
mpea-02b,C_free,7.0,1110.0,B2_BCC[A2],0.32768698882759667,1180.0,1360.0
mpea-02b,C_free,7.0,1120.0,A1_FCC,0.5885960572426636,1180.0,1360.0
mpea-02b,C_free,7.0,1120.0,B2_BCC[A2],0.4114039428335075,1180.0,1360.0
mpea-02b,C_free,7.0,1130.0,A1_FCC,0.49996222218160324,1180.0,1360.0
mpea-02b,C_free,7.0,1130.0,B2_BCC[A2],0.5000377778084388,1180.0,1360.0
mpea-02b,C_free,7.0,1140.0,A1_FCC,0.40594057654139076,1180.0,1360.0
mpea-02b,C_free,7.0,1140.0,B2_BCC[A2],0.5940594234271301,1180.0,1360.0
mpea-02b,C_free,7.0,1150.0,A1_FCC,0.3060166840904374,1180.0,1360.0
mpea-02b,C_free,7.0,1150.0,B2_BCC[A2],0.6939833158656029,1180.0,1360.0
mpea-02b,C_free,7.0,1160.0,A1_FCC,0.19963637572606982,1180.0,1360.0
mpea-02b,C_free,7.0,1160.0,B2_BCC[A2],0.8003636243461278,1180.0,1360.0
mpea-02b,C_free,7.0,1170.0,A1_FCC,0.08623906106961844,1180.0,1360.0
mpea-02b,C_free,7.0,1170.0,B2_BCC[A2],0.9137609389802965,1180.0,1360.0
mpea-02b,C_free,7.0,1180.0,B2_BCC[A2],1.0000000000089455,1180.0,1360.0
mpea-02b,C_free,7.0,1190.0,B2_BCC[A2],0.9999999999864572,1180.0,1360.0
mpea-02b,C_free,7.0,1200.0,B2_BCC[A2],1.0000000000376374,1180.0,1360.0
mpea-02b,C_free,7.0,1210.0,B2_BCC[A2],0.9999999999514698,1180.0,1360.0
mpea-02b,C_free,7.0,1220.0,B2_BCC[A2],1.0000000000279428,1180.0,1360.0
mpea-02b,C_free,7.0,1230.0,B2_BCC[A2],0.9999999999737518,1180.0,1360.0
mpea-02b,C_free,7.0,1240.0,B2_BCC[A2],0.9999999999806779,1180.0,1360.0
mpea-02b,C_free,7.0,1250.0,B2_BCC[A2],1.0000000000096965,1180.0,1360.0
mpea-02b,C_free,7.0,1260.0,B2_BCC[A2],1.0000000000028633,1180.0,1360.0
mpea-02b,C_free,7.0,1270.0,B2_BCC[A2],1.0000000000060802,1180.0,1360.0
mpea-02b,C_free,7.0,1280.0,B2_BCC[A2],1.0000000000179554,1180.0,1360.0
mpea-02b,C_free,7.0,1290.0,B2_BCC[A2],1.0000000000277947,1180.0,1360.0
mpea-02b,C_free,7.0,1300.0,B2_BCC[A2],0.9999999999897617,1180.0,1360.0
mpea-02b,C_free,7.0,1310.0,B2_BCC[A2],1.0000000000093057,1180.0,1360.0
mpea-02b,C_free,7.0,1320.0,B2_BCC[A2],0.9999999999526322,1180.0,1360.0
mpea-02b,C_free,7.0,1330.0,B2_BCC[A2],0.999999999970122,1180.0,1360.0
mpea-02b,C_free,7.0,1340.0,B2_BCC[A2],1.0000000000447637,1180.0,1360.0
mpea-02b,C_free,7.0,1350.0,B2_BCC[A2],1.0000000000030618,1180.0,1360.0
mpea-02b,C_free,7.0,1360.0,LIQUID,0.14490806342047313,1180.0,1360.0
mpea-02b,C_free,7.0,1360.0,B2_BCC[A2],0.8550919367178808,1180.0,1360.0
mpea-02b,C_free,7.0,1370.0,LIQUID,0.3314667623801671,1180.0,1360.0
mpea-02b,C_free,7.0,1370.0,B2_BCC[A2],0.6685332376572783,1180.0,1360.0
mpea-02b,C_free,7.0,1380.0,LIQUID,0.5391451542032059,1180.0,1360.0
mpea-02b,C_free,7.0,1380.0,B2_BCC[A2],0.46085484581176256,1180.0,1360.0
mpea-02b,C_free,7.0,1390.0,LIQUID,0.7714492135695281,1180.0,1360.0
mpea-02b,C_free,7.0,1390.0,B2_BCC[A2],0.22855078646473304,1180.0,1360.0
mpea-02b,C_free,7.0,1400.0,LIQUID,0.9999999999847785,1180.0,1360.0
mpea-02b,C_free,7.0,400.0,A1_FCC,0.8140448662002691,1180.0,1360.0
mpea-02b,C_free,7.0,400.0,B2_BCC[ordered],0.17622342223223494,1180.0,1360.0
mpea-02b,C_free,7.0,400.0,CUB_A13,0.009731711644127896,1180.0,1360.0
mpea-02b,C_free,7.0,425.0,A1_FCC,0.8258510667033376,1180.0,1360.0
mpea-02b,C_free,7.0,425.0,B2_BCC[ordered],0.17414893329588635,1180.0,1360.0
mpea-02b,C_free,7.0,450.0,A1_FCC,0.8285361592083066,1180.0,1360.0
mpea-02b,C_free,7.0,450.0,B2_BCC[ordered],0.1714638407854134,1180.0,1360.0
mpea-02b,C_free,7.0,475.0,B2_BCC[ordered],0.16829382726091557,1180.0,1360.0
mpea-02b,C_free,7.0,475.0,A1_FCC,0.8317061727279572,1180.0,1360.0
mpea-02b,C_free,7.0,500.0,B2_BCC[ordered],0.16464136900437298,1180.0,1360.0
mpea-02b,C_free,7.0,500.0,A1_FCC,0.8353586309763638,1180.0,1360.0
mpea-02b,C_free,7.0,525.0,A1_FCC,0.839483785429849,1180.0,1360.0
mpea-02b,C_free,7.0,525.0,B2_BCC[ordered],0.16051621457496498,1180.0,1360.0
mpea-02b,C_free,7.0,550.0,A1_FCC,0.8440654032397568,1180.0,1360.0
mpea-02b,C_free,7.0,550.0,B2_BCC[ordered],0.15593459672654486,1180.0,1360.0
mpea-02b,C_free,7.0,575.0,A1_FCC,0.8490818208422976,1180.0,1360.0
mpea-02b,C_free,7.0,575.0,B2_BCC[ordered],0.15091817915972644,1180.0,1360.0
mpea-02b,C_free,7.0,600.0,A1_FCC,0.8545071613117292,1180.0,1360.0
mpea-02b,C_free,7.0,600.0,B2_BCC[ordered],0.145492838691374,1180.0,1360.0
mpea-02b,C_free,7.0,625.0,A1_FCC,0.860312601572918,1180.0,1360.0
mpea-02b,C_free,7.0,625.0,B2_BCC[ordered],0.13968739841844724,1180.0,1360.0
mpea-02b,C_free,7.0,650.0,A1_FCC,0.8664675798455372,1180.0,1360.0
mpea-02b,C_free,7.0,650.0,B2_BCC[ordered],0.13353242013674435,1180.0,1360.0
mpea-02b,C_free,7.0,675.0,A1_FCC,0.8729408542439279,1180.0,1360.0
mpea-02b,C_free,7.0,675.0,B2_BCC[ordered],0.1270591457361632,1180.0,1360.0
mpea-02b,C_free,7.0,700.0,A1_FCC,0.8797013509001136,1180.0,1360.0
mpea-02b,C_free,7.0,700.0,B2_BCC[ordered],0.12029864907832252,1180.0,1360.0
mpea-02b,C_free,7.0,725.0,A1_FCC,0.8867187675531447,1180.0,1360.0
mpea-02b,C_free,7.0,725.0,B2_BCC[ordered],0.11328123245679882,1180.0,1360.0
mpea-02b,C_free,7.0,750.0,A1_FCC,0.8939639207480492,1180.0,1360.0
mpea-02b,C_free,7.0,750.0,B2_BCC[ordered],0.10603607924852845,1180.0,1360.0
mpea-02b,C_free,7.0,775.0,A1_FCC,0.9014088359175854,1180.0,1360.0
mpea-02b,C_free,7.0,775.0,B2_BCC[ordered],0.09859116408578722,1180.0,1360.0
mpea-02b,C_free,7.0,800.0,A1_FCC,0.9090265793793871,1180.0,1360.0
mpea-02b,C_free,7.0,800.0,B2_BCC[ordered],0.0909734206129977,1180.0,1360.0
mpea-02b,C_free,7.0,825.0,A1_FCC,0.9167908154453305,1180.0,1360.0
mpea-02b,C_free,7.0,825.0,B2_BCC[ordered],0.08320918455406114,1180.0,1360.0
mpea-02b,C_free,7.0,850.0,B2_BCC[ordered],0.07532496681288685,1180.0,1360.0
mpea-02b,C_free,7.0,850.0,A1_FCC,0.9246750337645241,1180.0,1360.0
mpea-02b,C_free,7.0,875.0,A1_FCC,0.9326513191143389,1180.0,1360.0
mpea-02b,C_free,7.0,875.0,B2_BCC[ordered],0.0673486810139273,1180.0,1360.0
mpea-02b,C_free,7.0,900.0,A1_FCC,0.940688397733018,1180.0,1360.0
mpea-02b,C_free,7.0,900.0,B2_BCC[ordered],0.0593116022834645,1180.0,1360.0
mpea-02b,C_free,7.0,925.0,A1_FCC,0.9999999999915186,1180.0,1360.0
mpea-02b,C_free,7.0,950.0,B2_BCC[ordered],0.04321907695904617,1180.0,1360.0
mpea-02b,C_free,7.0,950.0,A1_FCC,0.9567809230565295,1180.0,1360.0
mpea-02b,C_free,7.4,1000.0,A1_FCC,0.9613843481262383,1190.0,1350.0
mpea-02b,C_free,7.4,1000.0,B2_BCC[ordered],0.038615651845774784,1190.0,1350.0
mpea-02b,C_free,7.4,1010.0,B2_BCC[ordered],0.03587104482237779,1190.0,1350.0
mpea-02b,C_free,7.4,1010.0,A1_FCC,0.9641289551720836,1190.0,1350.0
mpea-02b,C_free,7.4,1020.0,B2_BCC[ordered],0.033246897742098866,1190.0,1350.0
mpea-02b,C_free,7.4,1020.0,A1_FCC,0.9667531022501391,1190.0,1350.0
mpea-02b,C_free,7.4,1030.0,B2_BCC[ordered],0.030783143479001178,1190.0,1350.0
mpea-02b,C_free,7.4,1030.0,A1_FCC,0.9692168565105761,1190.0,1350.0
mpea-02b,C_free,7.4,1040.0,A1_FCC,0.9714602946778927,1190.0,1350.0
mpea-02b,C_free,7.4,1040.0,B2_BCC[ordered],0.02853970532033569,1190.0,1350.0
mpea-02b,C_free,7.4,1050.0,A1_FCC,0.973386917618009,1190.0,1350.0
mpea-02b,C_free,7.4,1050.0,B2_BCC[ordered],0.0266130824015798,1190.0,1350.0
mpea-02b,C_free,7.4,1060.0,A1_FCC,0.974824513836242,1190.0,1350.0
mpea-02b,C_free,7.4,1060.0,B2_BCC[ordered],0.025175486155653157,1190.0,1350.0
mpea-02b,C_free,7.4,1070.0,A1_FCC,0.9754097988971562,1190.0,1350.0
mpea-02b,C_free,7.4,1070.0,B2_BCC[ordered],0.02459020109261773,1190.0,1350.0
mpea-02b,C_free,7.4,1080.0,A1_FCC,0.9740636918019409,1190.0,1350.0
mpea-02b,C_free,7.4,1080.0,B2_BCC[ordered],0.025936308179061444,1190.0,1350.0
mpea-02b,C_free,7.4,1090.0,A1_FCC,0.8618746608980307,1190.0,1350.0
mpea-02b,C_free,7.4,1090.0,B2_BCC[A2],0.13812533911475558,1190.0,1350.0
mpea-02b,C_free,7.4,1100.0,A1_FCC,0.7879428185536435,1190.0,1350.0
mpea-02b,C_free,7.4,1100.0,B2_BCC[A2],0.2120571814238962,1190.0,1350.0
mpea-02b,C_free,7.4,1110.0,B2_BCC[A2],0.2899837071087287,1190.0,1350.0
mpea-02b,C_free,7.4,1110.0,A1_FCC,0.710016292864521,1190.0,1350.0
mpea-02b,C_free,7.4,1120.0,A1_FCC,0.627718459380619,1190.0,1350.0
mpea-02b,C_free,7.4,1120.0,B2_BCC[A2],0.3722815405803166,1190.0,1350.0
mpea-02b,C_free,7.4,1130.0,A1_FCC,0.5406345221735925,1190.0,1350.0
mpea-02b,C_free,7.4,1130.0,B2_BCC[A2],0.4593654777905504,1190.0,1350.0
mpea-02b,C_free,7.4,1140.0,A1_FCC,0.44830875303212636,1190.0,1350.0
mpea-02b,C_free,7.4,1140.0,B2_BCC[A2],0.5516912470181023,1190.0,1350.0
mpea-02b,C_free,7.4,1150.0,A1_FCC,0.3502425361861849,1190.0,1350.0
mpea-02b,C_free,7.4,1150.0,B2_BCC[A2],0.6497574637225432,1190.0,1350.0
mpea-02b,C_free,7.4,1160.0,A1_FCC,0.24589523439438435,1190.0,1350.0
mpea-02b,C_free,7.4,1160.0,B2_BCC[A2],0.7541047655032588,1190.0,1350.0
mpea-02b,C_free,7.4,1170.0,A1_FCC,0.13469797475399847,1190.0,1350.0
mpea-02b,C_free,7.4,1170.0,B2_BCC[A2],0.865302025179189,1190.0,1350.0
mpea-02b,C_free,7.4,1180.0,B2_BCC[A2],0.9838183679305775,1190.0,1350.0
mpea-02b,C_free,7.4,1180.0,A1_FCC,0.01618163211882075,1190.0,1350.0
mpea-02b,C_free,7.4,1190.0,B2_BCC[A2],0.9999999999517367,1190.0,1350.0
mpea-02b,C_free,7.4,1200.0,B2_BCC[A2],1.0000000000009566,1190.0,1350.0
mpea-02b,C_free,7.4,1210.0,B2_BCC[A2],1.0000000000077602,1190.0,1350.0
mpea-02b,C_free,7.4,1220.0,B2_BCC[A2],1.0000000000472196,1190.0,1350.0
mpea-02b,C_free,7.4,1230.0,B2_BCC[A2],0.9999999999831017,1190.0,1350.0
mpea-02b,C_free,7.4,1240.0,B2_BCC[A2],0.9999999999893199,1190.0,1350.0
mpea-02b,C_free,7.4,1250.0,B2_BCC[A2],1.0000000000166074,1190.0,1350.0
mpea-02b,C_free,7.4,1260.0,B2_BCC[A2],0.9999999999851625,1190.0,1350.0
mpea-02b,C_free,7.4,1270.0,B2_BCC[A2],1.0000000000362539,1190.0,1350.0
mpea-02b,C_free,7.4,1280.0,B2_BCC[A2],1.0000000000160223,1190.0,1350.0
mpea-02b,C_free,7.4,1290.0,B2_BCC[A2],1.0000000000224012,1190.0,1350.0
mpea-02b,C_free,7.4,1300.0,B2_BCC[A2],0.9999999999921015,1190.0,1350.0
mpea-02b,C_free,7.4,1310.0,B2_BCC[A2],1.0000000000195783,1190.0,1350.0
mpea-02b,C_free,7.4,1320.0,B2_BCC[A2],1.0000000000187392,1190.0,1350.0
mpea-02b,C_free,7.4,1330.0,B2_BCC[A2],0.9999999999684656,1190.0,1350.0
mpea-02b,C_free,7.4,1340.0,B2_BCC[A2],0.9999999999822239,1190.0,1350.0
mpea-02b,C_free,7.4,1350.0,LIQUID,0.02926403376626175,1190.0,1350.0
mpea-02b,C_free,7.4,1350.0,B2_BCC[A2],0.9707359662416736,1190.0,1350.0
mpea-02b,C_free,7.4,1360.0,LIQUID,0.19539957161303362,1190.0,1350.0
mpea-02b,C_free,7.4,1360.0,B2_BCC[A2],0.804600428389521,1190.0,1350.0
mpea-02b,C_free,7.4,1370.0,LIQUID,0.3792356915765023,1190.0,1350.0
mpea-02b,C_free,7.4,1370.0,B2_BCC[A2],0.6207643085348282,1190.0,1350.0
mpea-02b,C_free,7.4,1380.0,LIQUID,0.5835701501894641,1190.0,1350.0
mpea-02b,C_free,7.4,1380.0,B2_BCC[A2],0.4164298498105391,1190.0,1350.0
mpea-02b,C_free,7.4,1390.0,LIQUID,0.8118747583861636,1190.0,1350.0
mpea-02b,C_free,7.4,1390.0,B2_BCC[A2],0.18812524156852953,1190.0,1350.0
mpea-02b,C_free,7.4,1400.0,LIQUID,0.9999999999794954,1190.0,1350.0
mpea-02b,C_free,7.4,400.0,A1_FCC,0.8149400675817854,1190.0,1350.0
mpea-02b,C_free,7.4,400.0,B2_BCC[ordered],0.18505993239868695,1190.0,1350.0
mpea-02b,C_free,7.4,425.0,A1_FCC,0.8171470474864427,1190.0,1350.0
mpea-02b,C_free,7.4,425.0,B2_BCC[ordered],0.18285295251220698,1190.0,1350.0
mpea-02b,C_free,7.4,450.0,A1_FCC,0.8198396430349454,1190.0,1350.0
mpea-02b,C_free,7.4,450.0,B2_BCC[ordered],0.18016035696444765,1190.0,1350.0
mpea-02b,C_free,7.4,475.0,A1_FCC,0.8230219811430222,1190.0,1350.0
mpea-02b,C_free,7.4,475.0,B2_BCC[ordered],0.17697801885344203,1190.0,1350.0
mpea-02b,C_free,7.4,500.0,A1_FCC,0.8266901393710927,1190.0,1350.0
mpea-02b,C_free,7.4,500.0,B2_BCC[ordered],0.1733098606167592,1190.0,1350.0
mpea-02b,C_free,7.4,525.0,A1_FCC,0.8308326469016964,1190.0,1350.0
mpea-02b,C_free,7.4,525.0,B2_BCC[ordered],0.16916735309707295,1190.0,1350.0
mpea-02b,C_free,7.4,550.0,A1_FCC,0.8354313417509087,1190.0,1350.0
mpea-02b,C_free,7.4,550.0,B2_BCC[ordered],0.16456865823215658,1190.0,1350.0
mpea-02b,C_free,7.4,575.0,B2_BCC[ordered],0.15953749592978642,1190.0,1350.0
mpea-02b,C_free,7.4,575.0,A1_FCC,0.8404625040837621,1190.0,1350.0
mpea-02b,C_free,7.4,600.0,A1_FCC,0.8458981515983178,1190.0,1350.0
mpea-02b,C_free,7.4,600.0,B2_BCC[ordered],0.15410184841748897,1190.0,1350.0
mpea-02b,C_free,7.4,625.0,A1_FCC,0.8517073714979378,1190.0,1350.0
mpea-02b,C_free,7.4,625.0,B2_BCC[ordered],0.1482926284917307,1190.0,1350.0
mpea-02b,C_free,7.4,650.0,B2_BCC[ordered],0.14214242900940496,1190.0,1350.0
mpea-02b,C_free,7.4,650.0,A1_FCC,0.8578575709825367,1190.0,1350.0
mpea-02b,C_free,7.4,675.0,A1_FCC,0.8643155515168185,1190.0,1350.0
mpea-02b,C_free,7.4,675.0,B2_BCC[ordered],0.13568444850286154,1190.0,1350.0
mpea-02b,C_free,7.4,700.0,A1_FCC,0.8710483447082795,1190.0,1350.0
mpea-02b,C_free,7.4,700.0,B2_BCC[ordered],0.1289516552875844,1190.0,1350.0
mpea-02b,C_free,7.4,725.0,A1_FCC,0.8780237755147752,1190.0,1350.0
mpea-02b,C_free,7.4,725.0,B2_BCC[ordered],0.12197622447920758,1190.0,1350.0
mpea-02b,C_free,7.4,750.0,A1_FCC,0.8852107423652071,1190.0,1350.0
mpea-02b,C_free,7.4,750.0,B2_BCC[ordered],0.11478925763185903,1190.0,1350.0
mpea-02b,C_free,7.4,775.0,A1_FCC,0.8925792129331359,1190.0,1350.0
mpea-02b,C_free,7.4,775.0,B2_BCC[ordered],0.10742078704142087,1190.0,1350.0
mpea-02b,C_free,7.4,800.0,A1_FCC,0.9000999315862239,1190.0,1350.0
mpea-02b,C_free,7.4,800.0,B2_BCC[ordered],0.09990006840786259,1190.0,1350.0
mpea-02b,C_free,7.4,825.0,A1_FCC,0.9077438115455001,1190.0,1350.0
mpea-02b,C_free,7.4,825.0,B2_BCC[ordered],0.09225618844151023,1190.0,1350.0
mpea-02b,C_free,7.4,850.0,A1_FCC,0.9154809415011957,1190.0,1350.0
mpea-02b,C_free,7.4,850.0,B2_BCC[ordered],0.08451905942158186,1190.0,1350.0
mpea-02b,C_free,7.4,875.0,A1_FCC,0.9232790450501355,1190.0,1350.0
mpea-02b,C_free,7.4,875.0,B2_BCC[ordered],0.0767209551837234,1190.0,1350.0
mpea-02b,C_free,7.4,900.0,A1_FCC,0.9311010788022328,1190.0,1350.0
mpea-02b,C_free,7.4,900.0,B2_BCC[ordered],0.06889892123594502,1190.0,1350.0
mpea-02b,C_free,7.4,925.0,A1_FCC,0.9999999999186757,1190.0,1350.0
mpea-02b,C_free,7.4,950.0,A1_FCC,0.9466183025558625,1190.0,1350.0
mpea-02b,C_free,7.4,950.0,B2_BCC[ordered],0.05338169744096014,1190.0,1350.0
mpea-02b,C_free,7.8,1000.0,A1_FCC,0.9508781725477841,1190.0,1350.0
mpea-02b,C_free,7.8,1000.0,B2_BCC[ordered],0.04912182744313474,1190.0,1350.0
mpea-02b,C_free,7.8,1010.0,A1_FCC,0.9534425205591128,1190.0,1350.0
mpea-02b,C_free,7.8,1010.0,B2_BCC[ordered],0.04655747943795192,1190.0,1350.0
mpea-02b,C_free,7.8,1020.0,A1_FCC,0.9558731499415748,1190.0,1350.0
mpea-02b,C_free,7.8,1020.0,B2_BCC[ordered],0.04412685004157456,1190.0,1350.0
mpea-02b,C_free,7.8,1030.0,A1_FCC,0.9581310030952443,1190.0,1350.0
mpea-02b,C_free,7.8,1030.0,B2_BCC[ordered],0.04186899692067972,1190.0,1350.0
mpea-02b,C_free,7.8,1040.0,A1_FCC,0.960159929473588,1190.0,1350.0
mpea-02b,C_free,7.8,1040.0,B2_BCC[ordered],0.03984007052806546,1190.0,1350.0
mpea-02b,C_free,7.8,1050.0,A1_FCC,0.9618747142814665,1190.0,1350.0
mpea-02b,C_free,7.8,1050.0,B2_BCC[ordered],0.03812528574362018,1190.0,1350.0
mpea-02b,C_free,7.8,1060.0,A1_FCC,0.9631361093894079,1190.0,1350.0
mpea-02b,C_free,7.8,1060.0,B2_BCC[ordered],0.03686389061402588,1190.0,1350.0
mpea-02b,C_free,7.8,1070.0,B2_BCC[ordered],0.03630951257711407,1190.0,1350.0
mpea-02b,C_free,7.8,1070.0,A1_FCC,0.9636904874219424,1190.0,1350.0
mpea-02b,C_free,7.8,1080.0,B2_BCC[ordered],0.037014537717825126,1190.0,1350.0
mpea-02b,C_free,7.8,1080.0,A1_FCC,0.9629854622759176,1190.0,1350.0
mpea-02b,C_free,7.8,1090.0,B2_BCC[ordered],0.03139129072473668,1190.0,1350.0
mpea-02b,C_free,7.8,1090.0,A1_FCC,0.9339345250391361,1190.0,1350.0
mpea-02b,C_free,7.8,1090.0,B2_BCC[A2],0.03467418426476656,1190.0,1350.0
mpea-02b,C_free,7.8,1100.0,A1_FCC,0.8232108652690946,1190.0,1350.0
mpea-02b,C_free,7.8,1100.0,B2_BCC[A2],0.17678913471938196,1190.0,1350.0
mpea-02b,C_free,7.8,1110.0,A1_FCC,0.7465565901274904,1190.0,1350.0
mpea-02b,C_free,7.8,1110.0,B2_BCC[A2],0.25344340980672103,1190.0,1350.0
mpea-02b,C_free,7.8,1120.0,A1_FCC,0.6656413081809611,1190.0,1350.0
mpea-02b,C_free,7.8,1120.0,B2_BCC[A2],0.3343586917538359,1190.0,1350.0
mpea-02b,C_free,7.8,1130.0,B2_BCC[A2],0.4199364310538285,1190.0,1350.0
mpea-02b,C_free,7.8,1130.0,A1_FCC,0.5800635688767894,1190.0,1350.0
mpea-02b,C_free,7.8,1140.0,A1_FCC,0.4893822284931345,1190.0,1350.0
mpea-02b,C_free,7.8,1140.0,B2_BCC[A2],0.5106177715334834,1190.0,1350.0
mpea-02b,C_free,7.8,1150.0,A1_FCC,0.3931142107992272,1190.0,1350.0
mpea-02b,C_free,7.8,1150.0,B2_BCC[A2],0.606885789257741,1190.0,1350.0
mpea-02b,C_free,7.8,1160.0,A1_FCC,0.29073393768981454,1190.0,1350.0
mpea-02b,C_free,7.8,1160.0,B2_BCC[A2],0.7092660624662349,1190.0,1350.0
mpea-02b,C_free,7.8,1170.0,A1_FCC,0.18167921784239452,1190.0,1350.0
mpea-02b,C_free,7.8,1170.0,B2_BCC[A2],0.8183207820586581,1190.0,1350.0
mpea-02b,C_free,7.8,1180.0,A1_FCC,0.06539701234006355,1190.0,1350.0
mpea-02b,C_free,7.8,1180.0,B2_BCC[A2],0.9346029876897982,1190.0,1350.0
mpea-02b,C_free,7.8,1190.0,B2_BCC[A2],0.9999999999784572,1190.0,1350.0
mpea-02b,C_free,7.8,1200.0,B2_BCC[A2],1.0000000000109102,1190.0,1350.0
mpea-02b,C_free,7.8,1210.0,B2_BCC[A2],0.9999999999944692,1190.0,1350.0
mpea-02b,C_free,7.8,1220.0,B2_BCC[A2],0.9999999999962542,1190.0,1350.0
mpea-02b,C_free,7.8,1230.0,B2_BCC[A2],0.999999999977621,1190.0,1350.0
mpea-02b,C_free,7.8,1240.0,B2_BCC[A2],0.9999999999982748,1190.0,1350.0
mpea-02b,C_free,7.8,1250.0,B2_BCC[A2],0.9999999999861601,1190.0,1350.0
mpea-02b,C_free,7.8,1260.0,B2_BCC[A2],0.9999999999940853,1190.0,1350.0
mpea-02b,C_free,7.8,1270.0,B2_BCC[A2],0.9999999999869038,1190.0,1350.0
mpea-02b,C_free,7.8,1280.0,B2_BCC[A2],1.0000000000294338,1190.0,1350.0
mpea-02b,C_free,7.8,1290.0,B2_BCC[A2],0.9999999999711053,1190.0,1350.0
mpea-02b,C_free,7.8,1300.0,B2_BCC[A2],1.0000000000401872,1190.0,1350.0
mpea-02b,C_free,7.8,1310.0,B2_BCC[A2],1.000000000010044,1190.0,1350.0
mpea-02b,C_free,7.8,1320.0,B2_BCC[A2],1.00000000003007,1190.0,1350.0
mpea-02b,C_free,7.8,1330.0,B2_BCC[A2],1.000000000002651,1190.0,1350.0
mpea-02b,C_free,7.8,1340.0,B2_BCC[A2],1.0000000000452538,1190.0,1350.0
mpea-02b,C_free,7.8,1350.0,LIQUID,0.08034310590626176,1190.0,1350.0
mpea-02b,C_free,7.8,1350.0,B2_BCC[A2],0.9196568940666346,1190.0,1350.0
mpea-02b,C_free,7.8,1360.0,LIQUID,0.24447840496111692,1190.0,1350.0
mpea-02b,C_free,7.8,1360.0,B2_BCC[A2],0.755521594897132,1190.0,1350.0
mpea-02b,C_free,7.8,1370.0,LIQUID,0.42574001106020914,1190.0,1350.0
mpea-02b,C_free,7.8,1370.0,B2_BCC[A2],0.5742599890242102,1190.0,1350.0
mpea-02b,C_free,7.8,1380.0,LIQUID,0.6269298500340027,1190.0,1350.0
mpea-02b,C_free,7.8,1380.0,B2_BCC[A2],0.37307014999280064,1190.0,1350.0
mpea-02b,C_free,7.8,1390.0,LIQUID,0.8514799611374501,1190.0,1350.0
mpea-02b,C_free,7.8,1390.0,B2_BCC[A2],0.14852003881475814,1190.0,1350.0
mpea-02b,C_free,7.8,1400.0,LIQUID,1.0000000000590283,1190.0,1350.0
mpea-02b,C_free,7.8,400.0,A1_FCC,0.8063640881024043,1190.0,1350.0
mpea-02b,C_free,7.8,400.0,B2_BCC[ordered],0.19363591188837675,1190.0,1350.0
mpea-02b,C_free,7.8,425.0,A1_FCC,0.8085765535929682,1190.0,1350.0
mpea-02b,C_free,7.8,425.0,B2_BCC[ordered],0.19142344642077616,1190.0,1350.0
mpea-02b,C_free,7.8,450.0,A1_FCC,0.8112808770950894,1190.0,1350.0
mpea-02b,C_free,7.8,450.0,B2_BCC[ordered],0.18871912290825135,1190.0,1350.0
mpea-02b,C_free,7.8,475.0,A1_FCC,0.8144800317192985,1190.0,1350.0
mpea-02b,C_free,7.8,475.0,B2_BCC[ordered],0.18551996828369527,1190.0,1350.0
mpea-02b,C_free,7.8,500.0,A1_FCC,0.8181686090726709,1190.0,1350.0
mpea-02b,C_free,7.8,500.0,B2_BCC[ordered],0.18183139092246017,1190.0,1350.0
mpea-02b,C_free,7.8,525.0,A1_FCC,0.8223333763702714,1190.0,1350.0
mpea-02b,C_free,7.8,525.0,B2_BCC[ordered],0.17766662363122038,1190.0,1350.0
mpea-02b,C_free,7.8,550.0,A1_FCC,0.8269542115054243,1190.0,1350.0
mpea-02b,C_free,7.8,550.0,B2_BCC[ordered],0.17304578847865928,1190.0,1350.0
mpea-02b,C_free,7.8,575.0,A1_FCC,0.8320053244599126,1190.0,1350.0
mpea-02b,C_free,7.8,575.0,B2_BCC[ordered],0.16799467552832129,1190.0,1350.0
mpea-02b,C_free,7.8,600.0,A1_FCC,0.8374566379471635,1190.0,1350.0
mpea-02b,C_free,7.8,600.0,B2_BCC[ordered],0.16254336207030856,1190.0,1350.0
mpea-02b,C_free,7.8,625.0,B2_BCC[ordered],0.15672481053488663,1190.0,1350.0
mpea-02b,C_free,7.8,625.0,A1_FCC,0.8432751894752948,1190.0,1350.0
mpea-02b,C_free,7.8,650.0,A1_FCC,0.8494264284264296,1190.0,1350.0
mpea-02b,C_free,7.8,650.0,B2_BCC[ordered],0.15057357155783677,1190.0,1350.0
mpea-02b,C_free,7.8,675.0,A1_FCC,0.855875308945157,1190.0,1350.0
mpea-02b,C_free,7.8,675.0,B2_BCC[ordered],0.14412469104055345,1190.0,1350.0
mpea-02b,C_free,7.8,700.0,A1_FCC,0.8625871158339874,1190.0,1350.0
mpea-02b,C_free,7.8,700.0,B2_BCC[ordered],0.13741288414376077,1190.0,1350.0
mpea-02b,C_free,7.8,725.0,B2_BCC[ordered],0.13047200816501714,1190.0,1350.0
mpea-02b,C_free,7.8,725.0,A1_FCC,0.8695279918235908,1190.0,1350.0
mpea-02b,C_free,7.8,750.0,A1_FCC,0.8766651578899914,1190.0,1350.0
mpea-02b,C_free,7.8,750.0,B2_BCC[ordered],0.12333484211476978,1190.0,1350.0
mpea-02b,C_free,7.8,775.0,B2_BCC[ordered],0.11603317187481052,1190.0,1350.0
mpea-02b,C_free,7.8,775.0,A1_FCC,0.8839668281100163,1190.0,1350.0
mpea-02b,C_free,7.8,800.0,A1_FCC,0.8914018138741289,1190.0,1350.0
mpea-02b,C_free,7.8,800.0,B2_BCC[ordered],0.10859818614389588,1190.0,1350.0
mpea-02b,C_free,7.8,825.0,A1_FCC,0.8989387869630303,1190.0,1350.0
mpea-02b,C_free,7.8,825.0,B2_BCC[ordered],0.10106121300806253,1190.0,1350.0
mpea-02b,C_free,7.8,850.0,A1_FCC,0.9065451218546854,1190.0,1350.0
mpea-02b,C_free,7.8,850.0,B2_BCC[ordered],0.09345487957813325,1190.0,1350.0
mpea-02b,C_free,7.8,875.0,A1_FCC,0.9141851393484334,1190.0,1350.0
mpea-02b,C_free,7.8,875.0,B2_BCC[ordered],0.08581486098434701,1190.0,1350.0
mpea-02b,C_free,7.8,900.0,B2_BCC[ordered],0.07818258289883434,1190.0,1350.0
mpea-02b,C_free,7.8,900.0,A1_FCC,0.9218174171670622,1190.0,1350.0
mpea-02b,C_free,7.8,925.0,B2_BCC[ordered],0.07060955092918644,1190.0,1350.0
mpea-02b,C_free,7.8,925.0,A1_FCC,0.9293904490771447,1190.0,1350.0
mpea-02b,C_free,7.8,950.0,A1_FCC,0.9368352074691733,1190.0,1350.0
mpea-02b,C_free,7.8,950.0,B2_BCC[ordered],0.0631647925298429,1190.0,1350.0
mc_fe,C_measured,4.2,1000.0,FCC_A1,0.572216072629791,,1240.0
mc_fe,C_measured,4.2,1000.0,BCC_A2,0.42778392734236753,,1240.0
mc_fe,C_measured,4.2,1010.0,FCC_A1,0.566233786383871,,1240.0
mc_fe,C_measured,4.2,1010.0,BCC_A2,0.4337662136133174,,1240.0
mc_fe,C_measured,4.2,1020.0,FCC_A1,0.5598807996257359,,1240.0
mc_fe,C_measured,4.2,1020.0,BCC_A2,0.44011920035862806,,1240.0
mc_fe,C_measured,4.2,1030.0,BCC_A2,0.44684792175146154,,1240.0
mc_fe,C_measured,4.2,1030.0,FCC_A1,0.5531520782265645,,1240.0
mc_fe,C_measured,4.2,1040.0,BCC_A2,0.4539567118655618,,1240.0
mc_fe,C_measured,4.2,1040.0,FCC_A1,0.5460432881198175,,1240.0
mc_fe,C_measured,4.2,1050.0,FCC_A1,0.5385508643399057,,1240.0
mc_fe,C_measured,4.2,1050.0,BCC_A2,0.4614491356545073,,1240.0
mc_fe,C_measured,4.2,1060.0,FCC_A1,0.5306720757330547,,1240.0
mc_fe,C_measured,4.2,1060.0,BCC_A2,0.469327924259727,,1240.0
mc_fe,C_measured,4.2,1070.0,BCC_A2,0.4775949126437069,,1240.0
mc_fe,C_measured,4.2,1070.0,FCC_A1,0.5224050873584795,,1240.0
mc_fe,C_measured,4.2,1080.0,BCC_A2,0.48625098807071454,,1240.0
mc_fe,C_measured,4.2,1080.0,FCC_A1,0.513749011907828,,1240.0
mc_fe,C_measured,4.2,1090.0,FCC_A1,0.5047039538322262,,1240.0
mc_fe,C_measured,4.2,1090.0,BCC_A2,0.49529604618027717,,1240.0
mc_fe,C_measured,4.2,1100.0,FCC_A1,0.4952710417694912,,1240.0
mc_fe,C_measured,4.2,1100.0,BCC_A2,0.5047289582392281,,1240.0
mc_fe,C_measured,4.2,1110.0,FCC_A1,0.48545244457883535,,1240.0
mc_fe,C_measured,4.2,1110.0,BCC_A2,0.5145475554498757,,1240.0
mc_fe,C_measured,4.2,1120.0,FCC_A1,0.47525137201350376,,1240.0
mc_fe,C_measured,4.2,1120.0,BCC_A2,0.5247486280020809,,1240.0
mc_fe,C_measured,4.2,1130.0,FCC_A1,0.4646720559381593,,1240.0
mc_fe,C_measured,4.2,1130.0,BCC_A2,0.5353279440503775,,1240.0
mc_fe,C_measured,4.2,1140.0,FCC_A1,0.45371970880627505,,1240.0
mc_fe,C_measured,4.2,1140.0,BCC_A2,0.5462802911815331,,1240.0
mc_fe,C_measured,4.2,1150.0,FCC_A1,0.4424004618407497,,1240.0
mc_fe,C_measured,4.2,1150.0,BCC_A2,0.557599538171617,,1240.0
mc_fe,C_measured,4.2,1160.0,FCC_A1,0.4307212781138967,,1240.0
mc_fe,C_measured,4.2,1160.0,BCC_A2,0.5692787219245597,,1240.0
mc_fe,C_measured,4.2,1170.0,FCC_A1,0.41868983837431345,,1240.0
mc_fe,C_measured,4.2,1170.0,BCC_A2,0.5813101616712678,,1240.0
mc_fe,C_measured,4.2,1180.0,FCC_A1,0.40631440837272653,,1240.0
mc_fe,C_measured,4.2,1180.0,BCC_A2,0.5936855916138328,,1240.0
mc_fe,C_measured,4.2,1190.0,FCC_A1,0.39360367830373055,,1240.0
mc_fe,C_measured,4.2,1190.0,BCC_A2,0.606396321707403,,1240.0
mc_fe,C_measured,4.2,1200.0,FCC_A1,0.38056658297031304,,1240.0
mc_fe,C_measured,4.2,1200.0,BCC_A2,0.619433417033605,,1240.0
mc_fe,C_measured,4.2,1210.0,FCC_A1,0.36721210394901316,,1240.0
mc_fe,C_measured,4.2,1210.0,BCC_A2,0.6327878960443717,,1240.0
mc_fe,C_measured,4.2,1220.0,FCC_A1,0.35354905500351663,,1240.0
mc_fe,C_measured,4.2,1220.0,BCC_A2,0.6464509450035617,,1240.0
mc_fe,C_measured,4.2,1230.0,FCC_A1,0.3395858573694573,,1240.0
mc_fe,C_measured,4.2,1230.0,BCC_A2,0.6604141426376715,,1240.0
mc_fe,C_measured,4.2,1240.0,LIQUID,0.09612465923758397,,1240.0
mc_fe,C_measured,4.2,1240.0,FCC_A1,0.127231506420687,,1240.0
mc_fe,C_measured,4.2,1240.0,BCC_A2,0.7766438343764925,,1240.0
mc_fe,C_measured,4.2,1250.0,LIQUID,0.168408954825808,,1240.0
mc_fe,C_measured,4.2,1250.0,BCC_A2,0.8315910451633073,,1240.0
mc_fe,C_measured,4.2,1260.0,LIQUID,0.19746941305447283,,1240.0
mc_fe,C_measured,4.2,1260.0,BCC_A2,0.8025305869422191,,1240.0
mc_fe,C_measured,4.2,1270.0,LIQUID,0.22877302131658564,,1240.0
mc_fe,C_measured,4.2,1270.0,BCC_A2,0.7712269787184075,,1240.0
mc_fe,C_measured,4.2,1280.0,LIQUID,0.26216585167603773,,1240.0
mc_fe,C_measured,4.2,1280.0,BCC_A2,0.7378341483407788,,1240.0
mc_fe,C_measured,4.2,1290.0,LIQUID,0.2975832664696493,,1240.0
mc_fe,C_measured,4.2,1290.0,BCC_A2,0.7024167336182153,,1240.0
mc_fe,C_measured,4.2,1300.0,LIQUID,0.33506190392234114,,1240.0
mc_fe,C_measured,4.2,1300.0,BCC_A2,0.6649380961358925,,1240.0
mc_fe,C_measured,4.2,1310.0,LIQUID,0.3747375470389375,,1240.0
mc_fe,C_measured,4.2,1310.0,BCC_A2,0.6252624530046514,,1240.0
mc_fe,C_measured,4.2,1320.0,LIQUID,0.41683443580485113,,1240.0
mc_fe,C_measured,4.2,1320.0,BCC_A2,0.5831655642429988,,1240.0
mc_fe,C_measured,4.2,1330.0,LIQUID,0.4616487469535818,,1240.0
mc_fe,C_measured,4.2,1330.0,BCC_A2,0.5383512531057417,,1240.0
mc_fe,C_measured,4.2,1340.0,LIQUID,0.5095263383674065,,1240.0
mc_fe,C_measured,4.2,1340.0,BCC_A2,0.49047366164487805,,1240.0
mc_fe,C_measured,4.2,1350.0,LIQUID,0.560833363679972,,1240.0
mc_fe,C_measured,4.2,1350.0,BCC_A2,0.4391666363009003,,1240.0
mc_fe,C_measured,4.2,1360.0,LIQUID,0.6159184910459649,,1240.0
mc_fe,C_measured,4.2,1360.0,BCC_A2,0.38408150900251453,,1240.0
mc_fe,C_measured,4.2,1370.0,LIQUID,0.6750675518099428,,1240.0
mc_fe,C_measured,4.2,1370.0,BCC_A2,0.32493244813057287,,1240.0
mc_fe,C_measured,4.2,1380.0,LIQUID,0.7384555969810792,,1240.0
mc_fe,C_measured,4.2,1380.0,BCC_A2,0.26154440304843013,,1240.0
mc_fe,C_measured,4.2,1390.0,LIQUID,0.8061063801622561,,1240.0
mc_fe,C_measured,4.2,1390.0,BCC_A2,0.19389361983421585,,1240.0
mc_fe,C_measured,4.2,1400.0,LIQUID,0.8778724669870221,,1240.0
mc_fe,C_measured,4.2,1400.0,BCC_A2,0.12212753301949211,,1240.0
mc_fe,C_measured,4.2,425.0,BCC_A2,0.6319869598770775,,1240.0
mc_fe,C_measured,4.2,425.0,BETA_MN,0.14476822711666246,,1240.0
mc_fe,C_measured,4.2,425.0,FCC_A1,0.19518528298361557,,1240.0
mc_fe,C_measured,4.2,425.0,G_PHASE,0.0077896496866590986,,1240.0
mc_fe,C_measured,4.2,425.0,M23C6,0.020269879877666982,,1240.0
mc_fe,C_measured,4.2,450.0,BETA_MN,0.09392063820466076,,1240.0
mc_fe,C_measured,4.2,450.0,BCC_A2,0.5857530701653163,,1240.0
mc_fe,C_measured,4.2,450.0,FCC_A1,0.30176389607325393,,1240.0
mc_fe,C_measured,4.2,450.0,M23C6,0.01856239587967393,,1240.0
mc_fe,C_measured,4.2,475.0,BCC_A2,0.546484679773049,,1240.0
mc_fe,C_measured,4.2,475.0,BETA_MN,0.044444792151568026,,1240.0
mc_fe,C_measured,4.2,475.0,FCC_A1,0.3934709159433446,,1240.0
mc_fe,C_measured,4.2,475.0,M23C6,0.01559961226363811,,1240.0
mc_fe,C_measured,4.2,500.0,BCC_A2,0.4993808929239836,,1240.0
mc_fe,C_measured,4.2,500.0,FCC_A1,0.4900110630794625,,1240.0
mc_fe,C_measured,4.2,500.0,M23C6,0.010608044112840245,,1240.0
mc_fe,C_measured,4.2,525.0,BCC_A2,0.44099910196698194,,1240.0
mc_fe,C_measured,4.2,525.0,FCC_A1,0.5542864357379464,,1240.0
mc_fe,C_measured,4.2,525.0,K_CARB,0.004714462340482875,,1240.0
mc_fe,C_measured,4.2,550.0,BCC_A2,0.4219989451934809,,1240.0
mc_fe,C_measured,4.2,550.0,FCC_A1,0.578001054804065,,1240.0
mc_fe,C_measured,4.2,575.0,BCC_A2,0.4139534369179018,,1240.0
mc_fe,C_measured,4.2,575.0,FCC_A1,0.5860465630641893,,1240.0
mc_fe,C_measured,4.2,600.0,BCC_A2,0.4064920172693609,,1240.0
mc_fe,C_measured,4.2,600.0,FCC_A1,0.5935079827160429,,1240.0
mc_fe,C_measured,4.2,625.0,BCC_A2,0.3996543882232617,,1240.0
mc_fe,C_measured,4.2,625.0,FCC_A1,0.6003456117575356,,1240.0
mc_fe,C_measured,4.2,650.0,BCC_A2,0.39349151590142445,,1240.0
mc_fe,C_measured,4.2,650.0,FCC_A1,0.6065084840805184,,1240.0
mc_fe,C_measured,4.2,675.0,BCC_A2,0.3880646390786135,,1240.0
mc_fe,C_measured,4.2,675.0,FCC_A1,0.6119353609172068,,1240.0
mc_fe,C_measured,4.2,700.0,BCC_A2,0.3834445939743729,,1240.0
mc_fe,C_measured,4.2,700.0,FCC_A1,0.6165554060305466,,1240.0
mc_fe,C_measured,4.2,725.0,BCC_A2,0.37971135174787185,,1240.0
mc_fe,C_measured,4.2,725.0,FCC_A1,0.620288648281248,,1240.0
mc_fe,C_measured,4.2,750.0,BCC_A2,0.3769536791035695,,1240.0
mc_fe,C_measured,4.2,750.0,FCC_A1,0.6230463208839186,,1240.0
mc_fe,C_measured,4.2,775.0,FCC_A1,0.6247311580918867,,1240.0
mc_fe,C_measured,4.2,775.0,BCC_A2,0.37526884191856225,,1240.0
mc_fe,C_measured,4.2,800.0,FCC_A1,0.6252377324348998,,1240.0
mc_fe,C_measured,4.2,800.0,BCC_A2,0.3747622675535325,,1240.0
mc_fe,C_measured,4.2,825.0,BCC_A2,0.375547076862976,,1240.0
mc_fe,C_measured,4.2,825.0,FCC_A1,0.6244529231066656,,1240.0
mc_fe,C_measured,4.2,850.0,FCC_A1,0.6222566176670866,,1240.0
mc_fe,C_measured,4.2,850.0,BCC_A2,0.37774338233004545,,1240.0
mc_fe,C_measured,4.2,875.0,BCC_A2,0.38147723431752717,,1240.0
mc_fe,C_measured,4.2,875.0,FCC_A1,0.6185227656577279,,1240.0
mc_fe,C_measured,4.2,900.0,BCC_A2,0.38687907727500526,,1240.0
mc_fe,C_measured,4.2,900.0,FCC_A1,0.6131209227168444,,1240.0
mc_fe,C_measured,4.2,925.0,FCC_A1,0.6059184278702469,,1240.0
mc_fe,C_measured,4.2,925.0,BCC_A2,0.39408157214351763,,1240.0
mc_fe,C_measured,4.2,950.0,FCC_A1,0.5967833756086597,,1240.0
mc_fe,C_measured,4.2,950.0,BCC_A2,0.40321662437304057,,1240.0
mc_fe,C_measured,7.8,1000.0,BCC_A2,0.4966322269550016,,1230.0
mc_fe,C_measured,7.8,1000.0,FCC_A1,0.5033677730645408,,1230.0
mc_fe,C_measured,7.8,1010.0,BCC_A2,0.5069881184785404,,1230.0
mc_fe,C_measured,7.8,1010.0,FCC_A1,0.4930118815562136,,1230.0
mc_fe,C_measured,7.8,1020.0,FCC_A1,0.48228956344512147,,1230.0
mc_fe,C_measured,7.8,1020.0,BCC_A2,0.5177104365456093,,1230.0
mc_fe,C_measured,7.8,1030.0,FCC_A1,0.4712085065120668,,1230.0
mc_fe,C_measured,7.8,1030.0,BCC_A2,0.5287914934867559,,1230.0
mc_fe,C_measured,7.8,1040.0,FCC_A1,0.459778267981716,,1230.0
mc_fe,C_measured,7.8,1040.0,BCC_A2,0.5402217320451937,,1230.0
mc_fe,C_measured,7.8,1050.0,FCC_A1,0.4480102575023417,,1230.0
mc_fe,C_measured,7.8,1050.0,BCC_A2,0.5519897424857988,,1230.0
mc_fe,C_measured,7.8,1060.0,FCC_A1,0.435917678280648,,1230.0
mc_fe,C_measured,7.8,1060.0,BCC_A2,0.5640823217391362,,1230.0
mc_fe,C_measured,7.8,1070.0,FCC_A1,0.42351541644907026,,1230.0
mc_fe,C_measured,7.8,1070.0,BCC_A2,0.576484583532684,,1230.0
mc_fe,C_measured,7.8,1080.0,FCC_A1,0.41081987647536794,,1230.0
mc_fe,C_measured,7.8,1080.0,BCC_A2,0.5891801235299637,,1230.0
mc_fe,C_measured,7.8,1090.0,FCC_A1,0.39784876634260075,,1230.0
mc_fe,C_measured,7.8,1090.0,BCC_A2,0.6021512336856009,,1230.0
mc_fe,C_measured,7.8,1100.0,FCC_A1,0.38462082711089096,,1230.0
mc_fe,C_measured,7.8,1100.0,BCC_A2,0.6153791729174012,,1230.0
mc_fe,C_measured,7.8,1110.0,FCC_A1,0.37115551659419344,,1230.0
mc_fe,C_measured,7.8,1110.0,BCC_A2,0.6288444833944129,,1230.0
mc_fe,C_measured,7.8,1120.0,FCC_A1,0.35747265060376465,,1230.0
mc_fe,C_measured,7.8,1120.0,BCC_A2,0.6425273494013224,,1230.0
mc_fe,C_measured,7.8,1130.0,FCC_A1,0.34359201374852405,,1230.0
mc_fe,C_measured,7.8,1130.0,BCC_A2,0.6564079862584726,,1230.0
mc_fe,C_measured,7.8,1140.0,FCC_A1,0.32953295155990286,,1230.0
mc_fe,C_measured,7.8,1140.0,BCC_A2,0.670467048459843,,1230.0
mc_fe,C_measured,7.8,1150.0,FCC_A1,0.31531395436786974,,1230.0
mc_fe,C_measured,7.8,1150.0,BCC_A2,0.6846860456276208,,1230.0
mc_fe,C_measured,7.8,1160.0,FCC_A1,0.300952252213039,,1230.0
mc_fe,C_measured,7.8,1160.0,BCC_A2,0.6990477477984816,,1230.0
mc_fe,C_measured,7.8,1170.0,FCC_A1,0.28646343139606334,,1230.0
mc_fe,C_measured,7.8,1170.0,BCC_A2,0.7135365685918988,,1230.0
mc_fe,C_measured,7.8,1180.0,FCC_A1,0.2718610831096735,,1230.0
mc_fe,C_measured,7.8,1180.0,BCC_A2,0.7281389168893595,,1230.0
mc_fe,C_measured,7.8,1190.0,FCC_A1,0.25715649942517943,,1230.0
mc_fe,C_measured,7.8,1190.0,BCC_A2,0.7428435005666739,,1230.0
mc_fe,C_measured,7.8,1200.0,FCC_A1,0.24235842033718377,,1230.0
mc_fe,C_measured,7.8,1200.0,BCC_A2,0.7576415796440767,,1230.0
mc_fe,C_measured,7.8,1210.0,FCC_A1,0.2274728371546372,,1230.0
mc_fe,C_measured,7.8,1210.0,BCC_A2,0.7725271628517759,,1230.0
mc_fe,C_measured,7.8,1220.0,FCC_A1,0.21250285250219625,,1230.0
mc_fe,C_measured,7.8,1220.0,BCC_A2,0.7874971475046899,,1230.0
mc_fe,C_measured,7.8,1230.0,FCC_A1,0.09524799782102972,,1230.0
mc_fe,C_measured,7.8,1230.0,LIQUID,0.046898677938338004,,1230.0
mc_fe,C_measured,7.8,1230.0,BCC_A2,0.8578533242379884,,1230.0
mc_fe,C_measured,7.8,1240.0,LIQUID,0.10129752081226079,,1230.0
mc_fe,C_measured,7.8,1240.0,BCC_A2,0.8987024792166687,,1230.0
mc_fe,C_measured,7.8,1250.0,LIQUID,0.12135672723871138,,1230.0
mc_fe,C_measured,7.8,1250.0,BCC_A2,0.8786432726989518,,1230.0
mc_fe,C_measured,7.8,1260.0,LIQUID,0.14386048070977597,,1230.0
mc_fe,C_measured,7.8,1260.0,BCC_A2,0.8561395192756706,,1230.0
mc_fe,C_measured,7.8,1270.0,LIQUID,0.1687008521539055,,1230.0
mc_fe,C_measured,7.8,1270.0,BCC_A2,0.8312991478302441,,1230.0
mc_fe,C_measured,7.8,1280.0,LIQUID,0.19572832528593972,,1230.0
mc_fe,C_measured,7.8,1280.0,BCC_A2,0.8042716747722087,,1230.0
mc_fe,C_measured,7.8,1290.0,LIQUID,0.22479591650306158,,1230.0
mc_fe,C_measured,7.8,1290.0,BCC_A2,0.7752040834725786,,1230.0
mc_fe,C_measured,7.8,1300.0,LIQUID,0.2557950285273834,,1230.0
mc_fe,C_measured,7.8,1300.0,BCC_A2,0.7442049714772757,,1230.0
mc_fe,C_measured,7.8,1310.0,LIQUID,0.2886780858941477,,1230.0
mc_fe,C_measured,7.8,1310.0,BCC_A2,0.7113219141431589,,1230.0
mc_fe,C_measured,7.8,1320.0,LIQUID,0.3234683324774751,,1230.0
mc_fe,C_measured,7.8,1320.0,BCC_A2,0.6765316675443933,,1230.0
mc_fe,C_measured,7.8,1330.0,LIQUID,0.360260120028503,,1230.0
mc_fe,C_measured,7.8,1330.0,BCC_A2,0.6397398800053058,,1230.0
mc_fe,C_measured,7.8,1340.0,LIQUID,0.39921307186955096,,1230.0
mc_fe,C_measured,7.8,1340.0,BCC_A2,0.6007869281256095,,1230.0
mc_fe,C_measured,7.8,1350.0,LIQUID,0.440542286553826,,1230.0
mc_fe,C_measured,7.8,1350.0,BCC_A2,0.5594577134830839,,1230.0
mc_fe,C_measured,7.8,1360.0,LIQUID,0.48450546109577775,,1230.0
mc_fe,C_measured,7.8,1360.0,BCC_A2,0.515494538938526,,1230.0
mc_fe,C_measured,7.8,1370.0,LIQUID,0.5313870325304725,,1230.0
mc_fe,C_measured,7.8,1370.0,BCC_A2,0.4686129674755496,,1230.0
mc_fe,C_measured,7.8,1380.0,LIQUID,0.5814793232515852,,1230.0
mc_fe,C_measured,7.8,1380.0,BCC_A2,0.41852067676292853,,1230.0
mc_fe,C_measured,7.8,1390.0,LIQUID,0.6350612815051335,,1230.0
mc_fe,C_measured,7.8,1390.0,BCC_A2,0.3649387185330914,,1230.0
mc_fe,C_measured,7.8,1400.0,LIQUID,0.6923765241622927,,1230.0
mc_fe,C_measured,7.8,1400.0,BCC_A2,0.307623475850777,,1230.0
mc_fe,C_measured,7.8,400.0,BCC_A2,0.5333623075346089,,1230.0
mc_fe,C_measured,7.8,400.0,FCC_A1,0.39122228644409524,,1230.0
mc_fe,C_measured,7.8,400.0,G_PHASE,0.056082299490214656,,1230.0
mc_fe,C_measured,7.8,400.0,M23C6,0.01933310632648752,,1230.0
mc_fe,C_measured,7.8,425.0,BCC_A2,0.5035598712852862,,1230.0
mc_fe,C_measured,7.8,425.0,FCC_A1,0.43473764977868995,,1230.0
mc_fe,C_measured,7.8,425.0,G_PHASE,0.043423234028863465,,1230.0
mc_fe,C_measured,7.8,425.0,M23C6,0.018279244286165446,,1230.0
mc_fe,C_measured,7.8,450.0,BCC_A2,0.4692914810967535,,1230.0
mc_fe,C_measured,7.8,450.0,FCC_A1,0.4849655675065637,,1230.0
mc_fe,C_measured,7.8,450.0,G_PHASE,0.02894388203738497,,1230.0
mc_fe,C_measured,7.8,450.0,M23C6,0.016799068963543145,,1230.0
mc_fe,C_measured,7.8,475.0,BCC_A2,0.43130686462115103,,1230.0
mc_fe,C_measured,7.8,475.0,FCC_A1,0.5411351227223035,,1230.0
mc_fe,C_measured,7.8,475.0,G_PHASE,0.012836578630143826,,1230.0
mc_fe,C_measured,7.8,475.0,M23C6,0.01472143439917298,,1230.0
mc_fe,C_measured,7.8,500.0,BCC_A2,0.39594473923703916,,1230.0
mc_fe,C_measured,7.8,500.0,FCC_A1,0.5924568000095743,,1230.0
mc_fe,C_measured,7.8,500.0,M23C6,0.011598460769457867,,1230.0
mc_fe,C_measured,7.8,525.0,BCC_A2,0.37135185421679356,,1230.0
mc_fe,C_measured,7.8,525.0,FCC_A1,0.6223102936585548,,1230.0
mc_fe,C_measured,7.8,525.0,M23C6,0.006337851819984798,,1230.0
mc_fe,C_measured,7.8,550.0,FCC_A1,0.6570829818853372,,1230.0
mc_fe,C_measured,7.8,550.0,BCC_A2,0.3429170181241769,,1230.0
mc_fe,C_measured,7.8,575.0,FCC_A1,0.6589972744079382,,1230.0
mc_fe,C_measured,7.8,575.0,BCC_A2,0.34100272560066947,,1230.0
mc_fe,C_measured,7.8,600.0,BCC_A2,0.3397847196167141,,1230.0
mc_fe,C_measured,7.8,600.0,FCC_A1,0.6602152803620017,,1230.0
mc_fe,C_measured,7.8,625.0,FCC_A1,0.6606689422306778,,1230.0
mc_fe,C_measured,7.8,625.0,BCC_A2,0.33933105776691785,,1230.0
mc_fe,C_measured,7.8,650.0,FCC_A1,0.6602802154195442,,1230.0
mc_fe,C_measured,7.8,650.0,BCC_A2,0.33971978458789737,,1230.0
mc_fe,C_measured,7.8,675.0,FCC_A1,0.6589612408636545,,1230.0
mc_fe,C_measured,7.8,675.0,BCC_A2,0.3410387591578646,,1230.0
mc_fe,C_measured,7.8,700.0,FCC_A1,0.6566144430464353,,1230.0
mc_fe,C_measured,7.8,700.0,BCC_A2,0.34338555696962375,,1230.0
mc_fe,C_measured,7.8,725.0,FCC_A1,0.6531326568855209,,1230.0
mc_fe,C_measured,7.8,725.0,BCC_A2,0.34686734311646206,,1230.0
mc_fe,C_measured,7.8,750.0,FCC_A1,0.6483994018911478,,1230.0
mc_fe,C_measured,7.8,750.0,BCC_A2,0.35160059812230926,,1230.0
mc_fe,C_measured,7.8,775.0,BCC_A2,0.3577105551689022,,1230.0
mc_fe,C_measured,7.8,775.0,FCC_A1,0.6422894448466296,,1230.0
mc_fe,C_measured,7.8,800.0,FCC_A1,0.6346698314423757,,1230.0
mc_fe,C_measured,7.8,800.0,BCC_A2,0.3653301685573133,,1230.0
mc_fe,C_measured,7.8,825.0,BCC_A2,0.37459839046161963,,1230.0
mc_fe,C_measured,7.8,825.0,FCC_A1,0.6254016095224592,,1230.0
mc_fe,C_measured,7.8,850.0,FCC_A1,0.6143425189622737,,1230.0
mc_fe,C_measured,7.8,850.0,BCC_A2,0.3856574810388635,,1230.0
mc_fe,C_measured,7.8,875.0,FCC_A1,0.6013509674896212,,1230.0
mc_fe,C_measured,7.8,875.0,BCC_A2,0.3986490325089081,,1230.0
mc_fe,C_measured,7.8,900.0,FCC_A1,0.5862916343735037,,1230.0
mc_fe,C_measured,7.8,900.0,BCC_A2,0.4137083656050817,,1230.0
mc_fe,C_measured,7.8,925.0,FCC_A1,0.5690430035029895,,1230.0
mc_fe,C_measured,7.8,925.0,BCC_A2,0.4309569964680305,,1230.0
mc_fe,C_measured,7.8,950.0,BCC_A2,0.4504930190485889,,1230.0
mc_fe,C_measured,7.8,950.0,FCC_A1,0.5495069809536312,,1230.0
mc_fe,C_free,4.2,1000.0,BCC_A2,0.7356295701010499,1130.0,1250.0
mc_fe,C_free,4.2,1000.0,FCC_A1,0.2643704298079871,1130.0,1250.0
mc_fe,C_free,4.2,1010.0,BCC_A2,0.7512438823313178,1130.0,1250.0
mc_fe,C_free,4.2,1010.0,FCC_A1,0.24875611768040107,1130.0,1250.0
mc_fe,C_free,4.2,1020.0,BCC_A2,0.7676805754222162,1130.0,1250.0
mc_fe,C_free,4.2,1020.0,FCC_A1,0.23231942457011315,1130.0,1250.0
mc_fe,C_free,4.2,1030.0,FCC_A1,0.21503434974710353,1130.0,1250.0
mc_fe,C_free,4.2,1030.0,BCC_A2,0.7849656502263844,1130.0,1250.0
mc_fe,C_free,4.2,1040.0,FCC_A1,0.1968753736476784,1130.0,1250.0
mc_fe,C_free,4.2,1040.0,BCC_A2,0.8031246263001365,1130.0,1250.0
mc_fe,C_free,4.2,1050.0,BCC_A2,0.8221823037537676,1130.0,1250.0
mc_fe,C_free,4.2,1050.0,FCC_A1,0.1778176962627493,1130.0,1250.0
mc_fe,C_free,4.2,1060.0,BCC_A2,0.8421624754189773,1130.0,1250.0
mc_fe,C_free,4.2,1060.0,FCC_A1,0.15783752456677846,1130.0,1250.0
mc_fe,C_free,4.2,1070.0,BCC_A2,0.8630875737356251,1130.0,1250.0
mc_fe,C_free,4.2,1070.0,FCC_A1,0.13691242630275618,1130.0,1250.0
mc_fe,C_free,4.2,1080.0,FCC_A1,0.11502179740193148,1130.0,1250.0
mc_fe,C_free,4.2,1080.0,BCC_A2,0.884978202557939,1130.0,1250.0
mc_fe,C_free,4.2,1090.0,BCC_A2,0.9078524641511241,1130.0,1250.0
mc_fe,C_free,4.2,1090.0,FCC_A1,0.09214753576399727,1130.0,1250.0
mc_fe,C_free,4.2,1100.0,FCC_A1,0.0682751407363495,1130.0,1250.0
mc_fe,C_free,4.2,1100.0,BCC_A2,0.9317248592645785,1130.0,1250.0
mc_fe,C_free,4.2,1110.0,BCC_A2,0.9566041890123151,1130.0,1250.0
mc_fe,C_free,4.2,1110.0,FCC_A1,0.0433958109814124,1130.0,1250.0
mc_fe,C_free,4.2,1120.0,BCC_A2,0.9824887705167207,1130.0,1250.0
mc_fe,C_free,4.2,1120.0,FCC_A1,0.01751122947140313,1130.0,1250.0
mc_fe,C_free,4.2,1130.0,BCC_A2,0.9999999999937993,1130.0,1250.0
mc_fe,C_free,4.2,1140.0,BCC_A2,1.0000000000252165,1130.0,1250.0
mc_fe,C_free,4.2,1150.0,BCC_A2,0.9999999999622186,1130.0,1250.0
mc_fe,C_free,4.2,1160.0,BCC_A2,1.0000000000182565,1130.0,1250.0
mc_fe,C_free,4.2,1170.0,BCC_A2,1.0000000000353126,1130.0,1250.0
mc_fe,C_free,4.2,1180.0,BCC_A2,0.9999999999837563,1130.0,1250.0
mc_fe,C_free,4.2,1190.0,BCC_A2,0.9999999999968457,1130.0,1250.0
mc_fe,C_free,4.2,1200.0,BCC_A2,0.9999999999772913,1130.0,1250.0
mc_fe,C_free,4.2,1210.0,BCC_A2,0.9999999999715993,1130.0,1250.0
mc_fe,C_free,4.2,1220.0,BCC_A2,0.9999999999810217,1130.0,1250.0
mc_fe,C_free,4.2,1230.0,BCC_A2,1.000000000001193,1130.0,1250.0
mc_fe,C_free,4.2,1240.0,BCC_A2,0.9999999999482801,1130.0,1250.0
mc_fe,C_free,4.2,1250.0,LIQUID,0.012187603895696938,1130.0,1250.0
mc_fe,C_free,4.2,1250.0,BCC_A2,0.9878123961958793,1130.0,1250.0
mc_fe,C_free,4.2,1260.0,BCC_A2,0.9420637560925462,1130.0,1250.0
mc_fe,C_free,4.2,1260.0,LIQUID,0.057936243878947004,1130.0,1250.0
mc_fe,C_free,4.2,1270.0,LIQUID,0.10280479925580104,1130.0,1250.0
mc_fe,C_free,4.2,1270.0,BCC_A2,0.8971952008062916,1130.0,1250.0
mc_fe,C_free,4.2,1280.0,LIQUID,0.1471702639518186,1130.0,1250.0
mc_fe,C_free,4.2,1280.0,BCC_A2,0.8528297360580145,1130.0,1250.0
mc_fe,C_free,4.2,1290.0,LIQUID,0.19144570108562453,1130.0,1250.0
mc_fe,C_free,4.2,1290.0,BCC_A2,0.808554298899658,1130.0,1250.0
mc_fe,C_free,4.2,1300.0,BCC_A2,0.7639205327355063,1130.0,1250.0
mc_fe,C_free,4.2,1300.0,LIQUID,0.23607946721986042,1130.0,1250.0
mc_fe,C_free,4.2,1310.0,BCC_A2,0.7184419682902434,1130.0,1250.0
mc_fe,C_free,4.2,1310.0,LIQUID,0.2815580317267595,1130.0,1250.0
mc_fe,C_free,4.2,1320.0,BCC_A2,0.6715922225961841,1130.0,1250.0
mc_fe,C_free,4.2,1320.0,LIQUID,0.3284077774711656,1130.0,1250.0
mc_fe,C_free,4.2,1330.0,LIQUID,0.3771929164904685,1130.0,1250.0
mc_fe,C_free,4.2,1330.0,BCC_A2,0.6228070834797936,1130.0,1250.0
mc_fe,C_free,4.2,1340.0,LIQUID,0.4285060728137427,1130.0,1250.0
mc_fe,C_free,4.2,1340.0,BCC_A2,0.5714939270461338,1130.0,1250.0
mc_fe,C_free,4.2,1350.0,LIQUID,0.48294734807055395,1130.0,1250.0
mc_fe,C_free,4.2,1350.0,BCC_A2,0.5170526519082809,1130.0,1250.0
mc_fe,C_free,4.2,1360.0,BCC_A2,0.4589120915159631,1130.0,1250.0
mc_fe,C_free,4.2,1360.0,LIQUID,0.5410879084642138,1130.0,1250.0
mc_fe,C_free,4.2,1370.0,LIQUID,0.603416664194107,1130.0,1250.0
mc_fe,C_free,4.2,1370.0,BCC_A2,0.3965833359322606,1130.0,1250.0
mc_fe,C_free,4.2,1380.0,LIQUID,0.6702747950165507,1130.0,1250.0
mc_fe,C_free,4.2,1380.0,BCC_A2,0.3297252050527816,1130.0,1250.0
mc_fe,C_free,4.2,1390.0,LIQUID,0.7417921935002975,1130.0,1250.0
mc_fe,C_free,4.2,1390.0,BCC_A2,0.2582078065653558,1130.0,1250.0
mc_fe,C_free,4.2,1400.0,BCC_A2,0.18215194125015416,1130.0,1250.0
mc_fe,C_free,4.2,1400.0,LIQUID,0.817848058766233,1130.0,1250.0
mc_fe,C_free,4.2,400.0,BETA_MN,0.24372782297171605,1130.0,1250.0
mc_fe,C_free,4.2,400.0,BCC_A2,0.6658244514001231,1130.0,1250.0
mc_fe,C_free,4.2,400.0,G_PHASE,0.021743485917726738,1130.0,1250.0
mc_fe,C_free,4.2,400.0,FCC_A1,0.06870423971951113,1130.0,1250.0
mc_fe,C_free,4.2,425.0,BETA_MN,0.186248114352972,1130.0,1250.0
mc_fe,C_free,4.2,425.0,BCC_A2,0.6192658565874912,1130.0,1250.0
mc_fe,C_free,4.2,425.0,G_PHASE,0.00611867170318367,1130.0,1250.0
mc_fe,C_free,4.2,425.0,FCC_A1,0.18836735320483175,1130.0,1250.0
mc_fe,C_free,4.2,450.0,BCC_A2,0.5893652439972454,1130.0,1250.0
mc_fe,C_free,4.2,450.0,BETA_MN,0.13928730227458375,1130.0,1250.0
mc_fe,C_free,4.2,450.0,FCC_A1,0.27134745372280233,1130.0,1250.0
mc_fe,C_free,4.2,475.0,BCC_A2,0.5711924365740547,1130.0,1250.0
mc_fe,C_free,4.2,475.0,BETA_MN,0.0952965460572184,1130.0,1250.0
mc_fe,C_free,4.2,475.0,FCC_A1,0.33351101735992716,1130.0,1250.0
mc_fe,C_free,4.2,500.0,BCC_A2,0.5543701715641967,1130.0,1250.0
mc_fe,C_free,4.2,500.0,BETA_MN,0.049564177494183126,1130.0,1250.0
mc_fe,C_free,4.2,500.0,FCC_A1,0.396065650952668,1130.0,1250.0
mc_fe,C_free,4.2,525.0,BETA_MN,0.0015393102238491778,1130.0,1250.0
mc_fe,C_free,4.2,525.0,BCC_A2,0.5387570449487418,1130.0,1250.0
mc_fe,C_free,4.2,525.0,FCC_A1,0.4597036447581727,1130.0,1250.0
mc_fe,C_free,4.2,550.0,BCC_A2,0.5348604412681339,1130.0,1250.0
mc_fe,C_free,4.2,550.0,FCC_A1,0.46513955875421575,1130.0,1250.0
mc_fe,C_free,4.2,575.0,BCC_A2,0.5320394732941811,1130.0,1250.0
mc_fe,C_free,4.2,575.0,FCC_A1,0.4679605267252735,1130.0,1250.0
mc_fe,C_free,4.2,600.0,BCC_A2,0.5300288850720766,1130.0,1250.0
mc_fe,C_free,4.2,600.0,FCC_A1,0.4699711149503098,1130.0,1250.0
mc_fe,C_free,4.2,625.0,BCC_A2,0.5289233368341795,1130.0,1250.0
mc_fe,C_free,4.2,625.0,FCC_A1,0.4710766632025754,1130.0,1250.0
mc_fe,C_free,4.2,650.0,BCC_A2,0.5288307853932721,1130.0,1250.0
mc_fe,C_free,4.2,650.0,FCC_A1,0.4711692145998375,1130.0,1250.0
mc_fe,C_free,4.2,675.0,BCC_A2,0.5298732430359343,1130.0,1250.0
mc_fe,C_free,4.2,675.0,FCC_A1,0.47012675695603773,1130.0,1250.0
mc_fe,C_free,4.2,700.0,BCC_A2,0.5321877500119409,1130.0,1250.0
mc_fe,C_free,4.2,700.0,FCC_A1,0.4678122500117847,1130.0,1250.0
mc_fe,C_free,4.2,725.0,BCC_A2,0.535927562716276,1130.0,1250.0
mc_fe,C_free,4.2,725.0,FCC_A1,0.4640724372640882,1130.0,1250.0
mc_fe,C_free,4.2,750.0,BCC_A2,0.5412635318831344,1130.0,1250.0
mc_fe,C_free,4.2,750.0,FCC_A1,0.4587364681130572,1130.0,1250.0
mc_fe,C_free,4.2,775.0,BCC_A2,0.5483856455246902,1130.0,1250.0
mc_fe,C_free,4.2,775.0,FCC_A1,0.4516143545395083,1130.0,1250.0
mc_fe,C_free,4.2,800.0,FCC_A1,0.44249531050073293,1130.0,1250.0
mc_fe,C_free,4.2,800.0,BCC_A2,0.5575046895668456,1130.0,1250.0
mc_fe,C_free,4.2,825.0,BCC_A2,0.568853958105291,1130.0,1250.0
mc_fe,C_free,4.2,825.0,FCC_A1,0.4311460419021213,1130.0,1250.0
mc_fe,C_free,4.2,850.0,BCC_A2,0.5826908982701757,1130.0,1250.0
mc_fe,C_free,4.2,850.0,FCC_A1,0.41730910173586727,1130.0,1250.0
mc_fe,C_free,4.2,875.0,BCC_A2,0.5992985276276935,1130.0,1250.0
mc_fe,C_free,4.2,875.0,FCC_A1,0.40070147239569703,1130.0,1250.0
mc_fe,C_free,4.2,900.0,FCC_A1,0.3810136083689165,1130.0,1250.0
mc_fe,C_free,4.2,900.0,BCC_A2,0.6189863916883557,1130.0,1250.0
mc_fe,C_free,4.2,925.0,BCC_A2,0.6420907301381092,1130.0,1250.0
mc_fe,C_free,4.2,925.0,FCC_A1,0.3579092698219107,1130.0,1250.0
mc_fe,C_free,4.2,950.0,BCC_A2,0.66897340947103,1130.0,1250.0
mc_fe,C_free,4.2,950.0,FCC_A1,0.3310265904210813,1130.0,1250.0
mc_fe,C_free,7.8,1000.0,BCC_A2,0.8075574364613122,1070.0,1270.0
mc_fe,C_free,7.8,1000.0,FCC_A1,0.19244256353505393,1070.0,1270.0
mc_fe,C_free,7.8,1010.0,BCC_A2,0.8318953553902557,1070.0,1270.0
mc_fe,C_free,7.8,1010.0,FCC_A1,0.16810464466413774,1070.0,1270.0
mc_fe,C_free,7.8,1020.0,FCC_A1,0.14254998090911586,1070.0,1270.0
mc_fe,C_free,7.8,1020.0,BCC_A2,0.8574500191984235,1070.0,1270.0
mc_fe,C_free,7.8,1030.0,BCC_A2,0.8842608395737268,1070.0,1270.0
mc_fe,C_free,7.8,1030.0,FCC_A1,0.11573916039806585,1070.0,1270.0
mc_fe,C_free,7.8,1040.0,FCC_A1,0.08763614412482655,1070.0,1270.0
mc_fe,C_free,7.8,1040.0,BCC_A2,0.9123638558693878,1070.0,1270.0
mc_fe,C_free,7.8,1050.0,FCC_A1,0.05821161620658778,1070.0,1270.0
mc_fe,C_free,7.8,1050.0,BCC_A2,0.9417883837901768,1070.0,1270.0
mc_fe,C_free,7.8,1060.0,BCC_A2,0.9725480481179345,1070.0,1270.0
mc_fe,C_free,7.8,1060.0,FCC_A1,0.0274519518981204,1070.0,1270.0
mc_fe,C_free,7.8,1070.0,BCC_A2,0.999999999993479,1070.0,1270.0
mc_fe,C_free,7.8,1080.0,BCC_A2,1.000000000017524,1070.0,1270.0
mc_fe,C_free,7.8,1090.0,BCC_A2,1.0000000000169595,1070.0,1270.0
mc_fe,C_free,7.8,1100.0,BCC_A2,0.9999999999670015,1070.0,1270.0
mc_fe,C_free,7.8,1110.0,BCC_A2,0.9999999999700272,1070.0,1270.0
mc_fe,C_free,7.8,1120.0,BCC_A2,0.9999999999859784,1070.0,1270.0
mc_fe,C_free,7.8,1130.0,BCC_A2,1.0000000000042402,1070.0,1270.0
mc_fe,C_free,7.8,1140.0,BCC_A2,1.0000000000196936,1070.0,1270.0
mc_fe,C_free,7.8,1150.0,BCC_A2,0.9999999999741828,1070.0,1270.0
mc_fe,C_free,7.8,1160.0,BCC_A2,1.0000000000217082,1070.0,1270.0
mc_fe,C_free,7.8,1170.0,BCC_A2,1.0000000000126987,1070.0,1270.0
mc_fe,C_free,7.8,1180.0,BCC_A2,1.000000000006207,1070.0,1270.0
mc_fe,C_free,7.8,1190.0,BCC_A2,1.000000000017904,1070.0,1270.0
mc_fe,C_free,7.8,1200.0,BCC_A2,1.0000000000029292,1070.0,1270.0
mc_fe,C_free,7.8,1210.0,BCC_A2,0.9999999999873157,1070.0,1270.0
mc_fe,C_free,7.8,1220.0,BCC_A2,1.0000000000090208,1070.0,1270.0
mc_fe,C_free,7.8,1230.0,BCC_A2,0.9999999999653347,1070.0,1270.0
mc_fe,C_free,7.8,1240.0,BCC_A2,1.0000000000130234,1070.0,1270.0
mc_fe,C_free,7.8,1250.0,BCC_A2,1.0000000000154128,1070.0,1270.0
mc_fe,C_free,7.8,1260.0,BCC_A2,0.9999999999903451,1070.0,1270.0
mc_fe,C_free,7.8,1270.0,LIQUID,0.01848711613655606,1070.0,1270.0
mc_fe,C_free,7.8,1270.0,BCC_A2,0.9815128838637663,1070.0,1270.0
mc_fe,C_free,7.8,1280.0,BCC_A2,0.9395760296154051,1070.0,1270.0
mc_fe,C_free,7.8,1280.0,LIQUID,0.06042397024655623,1070.0,1270.0
mc_fe,C_free,7.8,1290.0,BCC_A2,0.8981467125538862,1070.0,1270.0
mc_fe,C_free,7.8,1290.0,LIQUID,0.10185328752106558,1070.0,1270.0
mc_fe,C_free,7.8,1300.0,LIQUID,0.1430673674988771,1070.0,1270.0
mc_fe,C_free,7.8,1300.0,BCC_A2,0.8569326326016268,1070.0,1270.0
mc_fe,C_free,7.8,1310.0,LIQUID,0.1843872900825761,1070.0,1270.0
mc_fe,C_free,7.8,1310.0,BCC_A2,0.815612710057569,1070.0,1270.0
mc_fe,C_free,7.8,1320.0,BCC_A2,0.7738384375019215,1070.0,1270.0
mc_fe,C_free,7.8,1320.0,LIQUID,0.22616156263156306,1070.0,1270.0
mc_fe,C_free,7.8,1330.0,BCC_A2,0.7312332199027844,1070.0,1270.0
mc_fe,C_free,7.8,1330.0,LIQUID,0.26876678020026695,1070.0,1270.0
mc_fe,C_free,7.8,1340.0,LIQUID,0.3126075607296591,1070.0,1270.0
mc_fe,C_free,7.8,1340.0,BCC_A2,0.6873924393983205,1070.0,1270.0
mc_fe,C_free,7.8,1350.0,LIQUID,0.35811420195228544,1070.0,1270.0
mc_fe,C_free,7.8,1350.0,BCC_A2,0.6418857980408732,1070.0,1270.0
mc_fe,C_free,7.8,1360.0,LIQUID,0.40573651597980476,1070.0,1270.0
mc_fe,C_free,7.8,1360.0,BCC_A2,0.5942634840076053,1070.0,1270.0
mc_fe,C_free,7.8,1370.0,BCC_A2,0.5440676776249003,1070.0,1270.0
mc_fe,C_free,7.8,1370.0,LIQUID,0.4559323224094768,1070.0,1270.0
mc_fe,C_free,7.8,1380.0,BCC_A2,0.4908504587552206,1070.0,1270.0
mc_fe,C_free,7.8,1380.0,LIQUID,0.5091495412641388,1070.0,1270.0
mc_fe,C_free,7.8,1390.0,BCC_A2,0.43419793727602723,1070.0,1270.0
mc_fe,C_free,7.8,1390.0,LIQUID,0.5658020627185715,1070.0,1270.0
mc_fe,C_free,7.8,1400.0,LIQUID,0.6262417196166428,1070.0,1270.0
mc_fe,C_free,7.8,1400.0,BCC_A2,0.3737582803817495,1070.0,1270.0
mc_fe,C_free,7.8,400.0,FCC_A1,0.35138784156549074,1070.0,1270.0
mc_fe,C_free,7.8,400.0,BCC_A2,0.5245709693866242,1070.0,1270.0
mc_fe,C_free,7.8,400.0,G_PHASE,0.05476953199539442,1070.0,1270.0
mc_fe,C_free,7.8,400.0,BETA_MN,0.06927165488032538,1070.0,1270.0
mc_fe,C_free,7.8,425.0,BCC_A2,0.49602388791430313,1070.0,1270.0
mc_fe,C_free,7.8,425.0,FCC_A1,0.43380375461223764,1070.0,1270.0
mc_fe,C_free,7.8,425.0,G_PHASE,0.04133044638523017,1070.0,1270.0
mc_fe,C_free,7.8,425.0,BETA_MN,0.028841908737977498,1070.0,1270.0
mc_fe,C_free,7.8,450.0,FCC_A1,0.5080249789703312,1070.0,1270.0
mc_fe,C_free,7.8,450.0,BCC_A2,0.46574059324648526,1070.0,1270.0
mc_fe,C_free,7.8,450.0,G_PHASE,0.026234427081177583,1070.0,1270.0
mc_fe,C_free,7.8,475.0,BCC_A2,0.43822451675730445,1070.0,1270.0
mc_fe,C_free,7.8,475.0,FCC_A1,0.5523265558311883,1070.0,1270.0
mc_fe,C_free,7.8,475.0,G_PHASE,0.009448927442220936,1070.0,1270.0
mc_fe,C_free,7.8,500.0,FCC_A1,0.5770967738766781,1070.0,1270.0
mc_fe,C_free,7.8,500.0,BCC_A2,0.42290322607767467,1070.0,1270.0
mc_fe,C_free,7.8,525.0,FCC_A1,0.5767453834209352,1070.0,1270.0
mc_fe,C_free,7.8,525.0,BCC_A2,0.4232546165789968,1070.0,1270.0
mc_fe,C_free,7.8,550.0,FCC_A1,0.5754951532863407,1070.0,1270.0
mc_fe,C_free,7.8,550.0,BCC_A2,0.4245048466601695,1070.0,1270.0
mc_fe,C_free,7.8,575.0,BCC_A2,0.4267409338530574,1070.0,1270.0
mc_fe,C_free,7.8,575.0,FCC_A1,0.5732590661062462,1070.0,1270.0
mc_fe,C_free,7.8,600.0,BCC_A2,0.4300663298803474,1070.0,1270.0
mc_fe,C_free,7.8,600.0,FCC_A1,0.5699336701246084,1070.0,1270.0
mc_fe,C_free,7.8,625.0,BCC_A2,0.4346017097367569,1070.0,1270.0
mc_fe,C_free,7.8,625.0,FCC_A1,0.5653982902569152,1070.0,1270.0
mc_fe,C_free,7.8,650.0,FCC_A1,0.5595137808129355,1070.0,1270.0
mc_fe,C_free,7.8,650.0,BCC_A2,0.4404862191317284,1070.0,1270.0
mc_fe,C_free,7.8,675.0,BCC_A2,0.4478791560962094,1070.0,1270.0
mc_fe,C_free,7.8,675.0,FCC_A1,0.5521208438753014,1070.0,1270.0
mc_fe,C_free,7.8,700.0,BCC_A2,0.45696207869087246,1070.0,1270.0
mc_fe,C_free,7.8,700.0,FCC_A1,0.5430379212852277,1070.0,1270.0
mc_fe,C_free,7.8,725.0,BCC_A2,0.4679413307616142,1070.0,1270.0
mc_fe,C_free,7.8,725.0,FCC_A1,0.5320586692060983,1070.0,1270.0
mc_fe,C_free,7.8,750.0,BCC_A2,0.48105097747291614,1070.0,1270.0
mc_fe,C_free,7.8,750.0,FCC_A1,0.518949022482807,1070.0,1270.0
mc_fe,C_free,7.8,775.0,BCC_A2,0.496556124741591,1070.0,1270.0
mc_fe,C_free,7.8,775.0,FCC_A1,0.5034438752648902,1070.0,1270.0
mc_fe,C_free,7.8,800.0,BCC_A2,0.5147565693310507,1070.0,1270.0
mc_fe,C_free,7.8,800.0,FCC_A1,0.4852434306370123,1070.0,1270.0
mc_fe,C_free,7.8,825.0,BCC_A2,0.5359906717247352,1070.0,1270.0
mc_fe,C_free,7.8,825.0,FCC_A1,0.46400932827794067,1070.0,1270.0
mc_fe,C_free,7.8,850.0,BCC_A2,0.5606392619088142,1070.0,1270.0
mc_fe,C_free,7.8,850.0,FCC_A1,0.4393607381855148,1070.0,1270.0
mc_fe,C_free,7.8,875.0,BCC_A2,0.5891292673190396,1070.0,1270.0
mc_fe,C_free,7.8,875.0,FCC_A1,0.41087073275180036,1070.0,1270.0
mc_fe,C_free,7.8,900.0,BCC_A2,0.6219365691627794,1070.0,1270.0
mc_fe,C_free,7.8,900.0,FCC_A1,0.37806343083074534,1070.0,1270.0
mc_fe,C_free,7.8,925.0,FCC_A1,0.34041266407005966,1070.0,1270.0
mc_fe,C_free,7.8,925.0,BCC_A2,0.659587335945597,1070.0,1270.0
mc_fe,C_free,7.8,950.0,BCC_A2,0.7026567389463889,1070.0,1270.0
mc_fe,C_free,7.8,950.0,FCC_A1,0.2973432610808476,1070.0,1270.0
