Time,Displacement,Force
(s),(in),(lbf)
"0.0000","0.0000","-0.0510"
"0.1000","0.0001","-0.0512"
"0.2000","0.0005","-0.0470"
"0.3000","0.0010","-0.0522"
"0.4000","0.0014","-0.0497"
"0.5000","0.0018","-0.0502"
"0.6000","0.0022","-0.0479"
"0.7000","0.0026","-0.0494"
"0.8000","0.0031","-0.0442"
"0.9000","0.0035","-0.0444"
"1.0000","0.0039","-0.0426"
"1.1000","0.0043","-0.0410"
"1.2000","0.0047","-0.0372"
"1.3000","0.0051","-0.0315"
"1.4000","0.0056","-0.0180"
"1.5000","0.0060","0.0246"
"1.6000","0.0064","0.2109"
"1.7000","0.0068","0.4987"
"1.8000","0.0072","0.7964"
"1.9000","0.0076","1.0988"
"2.0000","0.0081","1.4077"
"2.1000","0.0085","1.7151"
"2.2000","0.0089","2.0099"
"2.3000","0.0093","2.3070"
"2.4000","0.0097","2.5988"
"2.5000","0.0101","2.8315"
"2.6000","0.0106","2.9573"
"2.7000","0.0110","3.1294"
"2.8000","0.0114","3.3635"
"2.9000","0.0118","3.6583"
"3.0000","0.0122","3.9517"
"3.1000","0.0126","4.2492"
"3.2000","0.0131","4.5432"
"3.3000","0.0135","4.8341"
"3.4000","0.0139","5.1170"
"3.5000","0.0143","5.4029"
"3.6000","0.0147","5.6841"
"3.7000","0.0151","5.9523"
"3.8000","0.0156","6.2185"
"3.9000","0.0160","6.5037"
"4.0000","0.0164","6.7959"
"4.1000","0.0168","7.0861"
"4.2000","0.0172","7.3802"
"4.3000","0.0176","7.6672"
"4.4000","0.0181","7.9471"
"4.5000","0.0185","8.2234"
"4.6000","0.0189","8.5026"
"4.7000","0.0193","8.7787"
"4.8000","0.0197","9.0396"
"4.9000","0.0202","9.3101"
"5.0000","0.0206","9.5623"
"5.1000","0.0210","9.8047"
"5.2000","0.0214","10.0386"
"5.3000","0.0218","10.2569"
"5.4000","0.0222","10.4544"
"5.5000","0.0226","10.6359"
"5.6000","0.0231","10.7915"
"5.7000","0.0235","10.9231"
"5.8000","0.0239","11.0357"
"5.9000","0.0243","11.1274"
"6.0000","0.0247","11.1983"
"6.1000","0.0251","11.2555"
"6.2000","0.0256","11.2963"
"6.3000","0.0260","11.3371"
"6.4000","0.0264","11.3646"
"6.5000","0.0268","11.3926"
"6.6000","0.0272","11.4184"
"6.7000","0.0276","11.4465"
"6.8000","0.0281","11.4660"
"6.9000","0.0285","11.4986"
"7.0000","0.0289","11.5248"
"7.1000","0.0293","11.5524"
"7.2000","0.0297","11.5833"
"7.3000","0.0301","11.6181"
"7.4000","0.0306","11.6471"
"7.5000","0.0310","11.6850"
"7.6000","0.0314","11.7237"
"7.7000","0.0318","11.7571"
"7.8000","0.0322","11.7937"
"7.9000","0.0326","11.8350"
"8.0000","0.0331","11.8715"
"8.1000","0.0335","11.9128"
"8.2000","0.0339","11.9516"
"8.3000","0.0343","11.9940"
"8.4000","0.0347","12.0360"
"8.5000","0.0351","12.0771"
"8.6000","0.0356","12.1208"
"8.7000","0.0360","12.1630"
"8.8000","0.0364","12.2036"
"8.9000","0.0368","12.2471"
"9.0000","0.0372","12.2883"
"9.1000","0.0376","12.3293"
"9.2000","0.0381","12.3761"
"9.3000","0.0385","12.4168"
"9.4000","0.0389","12.4548"
"9.5000","0.0393","12.4999"
"9.6000","0.0397","12.5388"
"9.7000","0.0401","12.5759"
"9.8000","0.0406","12.6181"
"9.9000","0.0410","12.6557"
"10.0000","0.0414","12.6937"
"10.1000","0.0418","12.7339"
"10.2000","0.0422","12.7689"
"10.3000","0.0426","12.8026"
"10.4000","0.0431","12.8412"
"10.5000","0.0435","12.8749"
"10.6000","0.0439","12.9115"
"10.7000","0.0443","12.9473"
"10.8000","0.0447","12.9746"
"10.9000","0.0451","13.0104"
"11.0000","0.0456","13.0448"
"11.1000","0.0460","13.0707"
"11.2000","0.0464","13.1044"
"11.3000","0.0468","13.1367"
"11.4000","0.0472","13.1630"
"11.5000","0.0476","13.1918"
"11.6000","0.0481","13.2246"
"11.7000","0.0485","13.2515"
"11.8000","0.0489","13.2819"
"11.9000","0.0493","13.3081"
"12.0000","0.0497","13.3349"
"12.1000","0.0501","13.3587"
"12.2000","0.0506","13.3857"
"12.3000","0.0510","13.4120"
"12.4000","0.0514","13.4362"
"12.5000","0.0518","13.4612"
"12.6000","0.0522","13.4884"
"12.7000","0.0526","13.5115"
"12.8000","0.0531","13.5350"
"12.9000","0.0535","13.5569"
"13.0000","0.0539","13.5817"
"13.1000","0.0543","13.5984"
"13.2000","0.0547","13.6264"
"13.3000","0.0551","13.6469"
"13.4000","0.0556","13.6665"
"13.5000","0.0560","13.6882"
"13.6000","0.0564","13.7134"
"13.7000","0.0568","13.7300"
"13.8000","0.0572","13.7521"
"13.9000","0.0576","13.7722"
"14.0000","0.0581","13.7904"
"14.1000","0.0585","13.8123"
"14.2000","0.0589","13.8302"
"14.3000","0.0593","13.8483"
"14.4000","0.0597","13.8697"
"14.5000","0.0601","13.8814"
"14.6000","0.0606","13.9034"
"14.7000","0.0610","13.9219"
"14.8000","0.0614","13.9381"
"14.9000","0.0618","13.9585"
"15.0000","0.0622","13.9767"
"15.1000","0.0626","13.9868"
"15.2000","0.0631","14.0090"
"15.3000","0.0635","14.0256"
"15.4000","0.0639","14.0386"
"15.5000","0.0643","14.0584"
"15.6000","0.0647","14.0735"
"15.7000","0.0651","14.0867"
"15.8000","0.0656","14.1053"
"15.9000","0.0660","14.1229"
"16.0000","0.0664","14.1357"
"16.1000","0.0668","14.1514"
"16.2000","0.0672","14.1675"
"16.3000","0.0676","14.1804"
"16.4000","0.0681","14.1974"
"16.5000","0.0685","14.2097"
"16.6000","0.0689","14.2286"
"16.7000","0.0693","14.2415"
"16.8000","0.0697","14.2541"
"16.9000","0.0701","14.2697"
"17.0000","0.0706","14.2847"
"17.1000","0.0710","14.2975"
"17.2000","0.0714","14.3152"
"17.3000","0.0718","14.3285"
"17.4000","0.0722","14.3374"
"17.5000","0.0727","14.3552"
"17.6000","0.0731","14.3717"
"17.7000","0.0735","14.3768"
"17.8000","0.0739","14.3974"
"17.9000","0.0743","14.4088"
"18.0000","0.0747","14.4193"
"18.1000","0.0751","14.4327"
"18.2000","0.0756","14.4493"
"18.3000","0.0760","14.4596"
"18.4000","0.0764","14.4738"
"18.5000","0.0768","14.4850"
"18.6000","0.0772","14.4965"
"18.7000","0.0776","14.5097"
"18.8000","0.0781","14.5218"
"18.9000","0.0785","14.5359"
"19.0000","0.0789","14.5475"
"19.1000","0.0793","14.5566"
"19.2000","0.0797","14.5718"
"19.3000","0.0802","14.5832"
"19.4000","0.0806","14.5924"
"19.5000","0.0810","14.6049"
"19.6000","0.0814","14.6197"
"19.7000","0.0818","14.6263"
"19.8000","0.0822","14.6416"
"19.9000","0.0826","14.6527"
"20.0000","0.0831","14.6592"
"20.1000","0.0835","14.6764"
"20.2000","0.0839","14.6880"
"20.3000","0.0843","14.6952"
"20.4000","0.0847","14.7088"
"20.5000","0.0851","14.7196"
"20.6000","0.0856","14.7309"
"20.7000","0.0860","14.7411"
"20.8000","0.0864","14.7529"
"20.9000","0.0868","14.7630"
"21.0000","0.0872","14.7733"
"21.1000","0.0876","14.7832"
"21.2000","0.0881","14.7948"
"21.3000","0.0885","14.8075"
"21.4000","0.0889","14.8160"
"21.5000","0.0893","14.8288"
"21.6000","0.0897","14.8395"
"21.7000","0.0901","14.8466"
"21.8000","0.0906","14.8591"
"21.9000","0.0910","14.8705"
"22.0000","0.0914","14.8779"
"22.1000","0.0918","14.8905"
"22.2000","0.0922","14.9018"
"22.3000","0.0926","14.9083"
"22.4000","0.0931","14.9224"
"22.5000","0.0935","14.9312"
"22.6000","0.0939","14.9390"
"22.7000","0.0943","14.9502"
"22.8000","0.0947","14.9587"
"22.9000","0.0951","14.9687"
"23.0000","0.0956","14.9810"
"23.1000","0.0960","14.9876"
"23.2000","0.0964","14.9977"
"23.3000","0.0968","15.0084"
"23.4000","0.0972","15.0130"
"23.5000","0.0976","15.0282"
"23.6000","0.0981","15.0394"
"23.7000","0.0985","15.0444"
"23.8000","0.0989","15.0586"
"23.9000","0.0993","15.0679"
"24.0000","0.0997","15.0701"
"24.1000","0.1001","15.0836"
"24.2000","0.1006","15.0932"
"24.3000","0.1010","15.1000"
"24.4000","0.1014","15.1107"
"24.5000","0.1018","15.1200"
"24.6000","0.1022","15.1287"
"24.7000","0.1026","15.1408"
"24.8000","0.1031","15.1468"
"24.9000","0.1035","15.1580"
"25.0000","0.1039","15.1668"
"25.1000","0.1043","15.1748"
"25.2000","0.1047","15.1841"
"25.3000","0.1051","15.1933"
"25.4000","0.1056","15.1995"
"25.5000","0.1060","15.2127"
"25.6000","0.1064","15.2224"
"25.7000","0.1068","15.2280"
"25.8000","0.1072","15.2385"
"25.9000","0.1076","15.2487"
"26.0000","0.1081","15.2537"
"26.1000","0.1085","15.2662"
"26.2000","0.1089","15.2757"
"26.3000","0.1093","15.2801"
"26.4000","0.1097","15.2902"
"26.5000","0.1101","15.2993"
"26.6000","0.1106","15.3067"
"26.7000","0.1110","15.3179"
"26.8000","0.1114","15.3257"
"26.9000","0.1118","15.3348"
"27.0000","0.1122","15.3458"
"27.1000","0.1126","15.3507"
"27.2000","0.1131","15.3606"
"27.3000","0.1135","15.3707"
"27.4000","0.1139","15.3708"
"27.5000","0.1143","15.3858"
"27.6000","0.1147","15.3940"
"27.7000","0.1151","15.3992"
"27.8000","0.1156","15.4110"
"27.9000","0.1160","15.4217"
"28.0000","0.1164","15.4220"
"28.1000","0.1168","15.4361"
"28.2000","0.1172","15.4432"
"28.3000","0.1176","15.4500"
"28.4000","0.1181","15.4596"
"28.5000","0.1185","15.4682"
"28.6000","0.1189","15.4745"
"28.7000","0.1193","15.4826"
"28.8000","0.1197","15.4923"
"28.9000","0.1201","15.4991"
"29.0000","0.1206","15.5089"
"29.1000","0.1210","15.5191"
"29.2000","0.1214","15.5238"
"29.3000","0.1218","15.5344"
"29.4000","0.1222","15.5406"
"29.5000","0.1227","15.5510"
"29.6000","0.1231","15.5562"
"29.7000","0.1235","15.5636"
"29.8000","0.1239","15.5739"
"29.9000","0.1243","15.5838"
"30.0000","0.1247","15.5877"
"30.1000","0.1251","15.5978"
"30.2000","0.1256","15.6078"
"30.3000","0.1260","15.6126"
"30.4000","0.1264","15.6216"
"30.5000","0.1268","15.6306"
"30.6000","0.1272","15.6350"
"30.7000","0.1277","15.6451"
"30.8000","0.1281","15.6503"
"30.9000","0.1285","15.6594"
"31.0000","0.1289","15.6674"
"31.1000","0.1293","15.6769"
"31.2000","0.1297","15.6832"
"31.3000","0.1301","15.6926"
"31.4000","0.1306","15.6971"
"31.5000","0.1310","15.7058"
"31.6000","0.1314","15.7117"
"31.7000","0.1318","15.7201"
"31.8000","0.1322","15.7292"
"31.9000","0.1326","15.7355"
"32.0000","0.1331","15.7406"
"32.1000","0.1335","15.7519"
"32.2000","0.1339","15.7576"
"32.3000","0.1343","15.7629"
"32.4000","0.1347","15.7707"
"32.5000","0.1351","15.7820"
"32.6000","0.1356","15.7836"
"32.7000","0.1360","15.7943"
"32.8000","0.1364","15.8010"
"32.9000","0.1368","15.8070"
"33.0000","0.1372","15.8146"
"33.1000","0.1376","15.8238"
"33.2000","0.1381","15.8307"
"33.3000","0.1385","15.8390"
"33.4000","0.1389","15.8453"
"33.5000","0.1393","15.8542"
"33.6000","0.1397","15.8610"
"33.7000","0.1401","15.8668"
"33.8000","0.1406","15.8753"
"33.9000","0.1410","15.8814"
"34.0000","0.1414","15.8866"
"34.1000","0.1418","15.8979"
"34.2000","0.1422","15.9035"
"34.3000","0.1426","15.9094"
"34.4000","0.1431","15.9206"
"34.5000","0.1435","15.9258"
"34.6000","0.1439","15.9310"
"34.7000","0.1443","15.9418"
"34.8000","0.1447","15.9489"
"34.9000","0.1451","15.9536"
"35.0000","0.1456","15.9627"
"35.1000","0.1460","15.9697"
"35.2000","0.1464","15.9750"
"35.3000","0.1468","15.9833"
"35.4000","0.1472","15.9901"
"35.5000","0.1476","15.9970"
"35.6000","0.1481","16.0058"
"35.7000","0.1485","16.0069"
"35.8000","0.1489","16.0193"
"35.9000","0.1493","16.0284"
"36.0000","0.1497","16.0281"
"36.0660","0.1500","16.0326"
"36.0670","0.1500","16.0324"
"36.0680","0.1500","16.0322"
"36.1680","0.1500","15.8327"
"36.2680","0.1496","15.5111"
"36.3680","0.1491","15.1794"
"36.4680","0.1487","14.8774"
"36.5680","0.1483","14.5791"
"36.6680","0.1479","14.2852"
"36.7680","0.1474","13.9861"
"36.8680","0.1470","13.6913"
"36.9680","0.1466","13.3995"
"37.0680","0.1462","13.1092"
"37.1680","0.1458","12.8151"
"37.2680","0.1454","12.5265"
"37.3680","0.1449","12.2374"
"37.4680","0.1445","11.9524"
"37.5680","0.1441","11.6641"
"37.6680","0.1437","11.3812"
"37.7680","0.1433","11.0949"
"37.8680","0.1429","10.8101"
"37.9680","0.1424","10.5255"
"38.0680","0.1420","10.2505"
"38.1680","0.1416","9.9718"
"38.2680","0.1412","9.6937"
"38.3680","0.1408","9.4191"
"38.4680","0.1404","9.1481"
"38.5680","0.1399","8.8713"
"38.6680","0.1395","8.6073"
"38.7680","0.1391","8.3439"
"38.8680","0.1387","8.0733"
"38.9680","0.1383","7.8149"
"39.0680","0.1379","7.5568"
"39.1680","0.1374","7.2965"
"39.2680","0.1370","7.0472"
"39.3680","0.1366","6.7962"
"39.4680","0.1362","6.5456"
"39.5680","0.1358","6.2962"
"39.6680","0.1354","6.0532"
"39.7680","0.1349","5.8094"
"39.8680","0.1345","5.5705"
"39.9680","0.1341","5.3335"
"40.0680","0.1337","5.1002"
"40.1680","0.1333","4.8655"
"40.2680","0.1328","4.6495"
"40.3680","0.1324","4.4828"
"40.4680","0.1320","4.2606"
"40.5680","0.1316","4.0293"
"40.6680","0.1312","3.8131"
"40.7680","0.1308","3.5991"
"40.8680","0.1303","3.3885"
"40.9680","0.1299","3.1948"
"41.0680","0.1295","3.0003"
"41.1680","0.1291","2.8072"
"41.2680","0.1287","2.6085"
"41.3680","0.1283","2.4053"
"41.4680","0.1278","2.2033"
"41.5680","0.1274","2.0495"
"41.6680","0.1270","1.8969"
"41.7680","0.1266","1.7180"
"41.8680","0.1262","1.5372"
"41.9680","0.1258","1.3723"
"42.0680","0.1254","1.2282"
"42.1680","0.1249","1.0682"
"42.2680","0.1245","0.9164"
"42.3680","0.1241","0.7444"
"42.4680","0.1237","0.5596"
"42.5680","0.1233","0.3714"
"42.6680","0.1229","0.1943"
"42.7680","0.1224","0.0272"
"42.8680","0.1220","-0.0307"
"42.9680","0.1216","-0.0353"
"43.0680","0.1212","-0.0366"
"43.1680","0.1208","-0.0367"
"43.2680","0.1204","-0.0380"
"43.3680","0.1199","-0.0388"
"43.4680","0.1195","-0.0391"
"43.5680","0.1191","-0.0400"
"43.6680","0.1187","-0.0396"
"43.7680","0.1183","-0.0391"
"43.8680","0.1178","-0.0393"
"43.9680","0.1174","-0.0389"
"44.0680","0.1170","-0.0383"
"44.1680","0.1166","-0.0385"
"44.2680","0.1162","-0.0389"
"44.3680","0.1158","-0.0404"
"44.4680","0.1153","-0.0402"
"44.5680","0.1149","-0.0401"
"44.6680","0.1145","-0.0402"
"44.7680","0.1141","-0.0389"
"44.8680","0.1137","-0.0384"
"44.9680","0.1133","-0.0396"
"45.0680","0.1128","-0.0392"
"45.1680","0.1124","-0.0386"
"45.2680","0.1120","-0.0389"
"45.3680","0.1116","-0.0406"
"45.4680","0.1112","-0.0398"
"45.5680","0.1108","-0.0405"
"45.6680","0.1104","-0.0404"
"45.7680","0.1099","-0.0406"
"45.8680","0.1095","-0.0394"
"45.9680","0.1091","-0.0388"
"46.0680","0.1087","-0.0400"
"46.1680","0.1083","-0.0394"
"46.2680","0.1079","-0.0411"
"46.3680","0.1074","-0.0409"
"46.4680","0.1070","-0.0413"
"46.5680","0.1066","-0.0405"
"46.6680","0.1062","-0.0425"
"46.7680","0.1058","-0.0418"
"46.8680","0.1053","-0.0407"
"46.9680","0.1049","-0.0409"
"47.0680","0.1045","-0.0407"
"47.1680","0.1041","-0.0391"
"47.2680","0.1037","-0.0406"
"47.3680","0.1033","-0.0402"
"47.4680","0.1028","-0.0421"
"47.5680","0.1024","-0.0409"
"47.6680","0.1020","-0.0419"
"47.7680","0.1016","-0.0416"
"47.8680","0.1012","-0.0411"
"47.9680","0.1008","-0.0408"
"48.0680","0.1003","-0.0393"
"48.1680","0.0999","-0.0392"
"48.2680","0.0995","-0.0396"
"48.3680","0.0991","-0.0397"
"48.4680","0.0987","-0.0399"
"48.5680","0.0983","-0.0406"
"48.6680","0.0979","-0.0414"
"48.7680","0.0974","-0.0419"
"48.8680","0.0970","-0.0410"
"48.9680","0.0966","-0.0403"
"49.0680","0.0962","-0.0406"
"49.1680","0.0958","-0.0392"
"49.2680","0.0954","-0.0401"
"49.3680","0.0949","-0.0412"
"49.4680","0.0945","-0.0400"
"49.5680","0.0941","-0.0388"
"49.6680","0.0937","-0.0403"
"49.7680","0.0933","-0.0404"
"49.8680","0.0928","-0.0403"
"49.9680","0.0924","-0.0404"
"50.0680","0.0920","-0.0395"
"50.1680","0.0916","-0.0402"
"50.2680","0.0912","-0.0402"
"50.3680","0.0908","-0.0391"
"50.4680","0.0904","-0.0391"
"50.5680","0.0899","-0.0397"
"50.6680","0.0895","-0.0407"
"50.7680","0.0891","-0.0400"
"50.8680","0.0887","-0.0406"
"50.9680","0.0883","-0.0413"
"51.0680","0.0879","-0.0415"
"51.1680","0.0874","-0.0394"
"51.2680","0.0870","-0.0410"
"51.3680","0.0866","-0.0410"
"51.4680","0.0862","-0.0408"
"51.5680","0.0858","-0.0402"
"51.6680","0.0854","-0.0404"
"51.7680","0.0849","-0.0395"
"51.8680","0.0845","-0.0397"
"51.9680","0.0841","-0.0418"
"52.0680","0.0837","-0.0426"
"52.1680","0.0833","-0.0423"
"52.2680","0.0829","-0.0422"
"52.3680","0.0824","-0.0413"
"52.4680","0.0820","-0.0397"
"52.5680","0.0816","-0.0405"
"52.6680","0.0812","-0.0399"
"52.7680","0.0808","-0.0390"
"52.8680","0.0803","-0.0379"
"52.9680","0.0799","-0.0387"
"53.0680","0.0795","-0.0366"
"53.1680","0.0791","-0.0367"
"53.2680","0.0787","-0.0366"
"53.3680","0.0783","-0.0364"
"53.4680","0.0778","-0.0356"
"53.5680","0.0774","-0.0360"
"53.6680","0.0770","-0.0366"
"53.7680","0.0766","-0.0344"
"53.8680","0.0762","-0.0355"
"53.9680","0.0758","-0.0354"
"54.0680","0.0753","-0.0348"
"54.1680","0.0749","-0.0334"
"54.2680","0.0745","-0.0350"
"54.3680","0.0741","-0.0340"
"54.4680","0.0737","-0.0342"
"54.5680","0.0733","-0.0340"
"54.6680","0.0729","-0.0339"
"54.7680","0.0724","-0.0316"
"54.8680","0.0720","-0.0339"
"54.9680","0.0716","-0.0335"
"55.0680","0.0712","-0.0329"
"55.1680","0.0708","-0.0329"
"55.2680","0.0704","-0.0337"
"55.3680","0.0699","-0.0338"
"55.4680","0.0695","-0.0324"
"55.5680","0.0691","-0.0345"
"55.6680","0.0687","-0.0327"
"55.7680","0.0683","-0.0331"
"55.8680","0.0679","-0.0334"
"55.9680","0.0674","-0.0350"
"56.0680","0.0670","-0.0338"
"56.1680","0.0666","-0.0360"
"56.2680","0.0662","-0.0361"
"56.3680","0.0658","-0.0364"
"56.4680","0.0653","-0.0355"
"56.5680","0.0649","-0.0367"
"56.6680","0.0645","-0.0376"
"56.7680","0.0641","-0.0362"
"56.8680","0.0637","-0.0354"
"56.9680","0.0633","-0.0367"
"57.0680","0.0629","-0.0362"
"57.1680","0.0624","-0.0350"
"57.2680","0.0620","-0.0378"
"57.3680","0.0616","-0.0365"
"57.4680","0.0612","-0.0354"
"57.5680","0.0608","-0.0369"
"57.6680","0.0604","-0.0370"
"57.7680","0.0599","-0.0371"
"57.8680","0.0595","-0.0367"
"57.9680","0.0591","-0.0366"
"58.0680","0.0587","-0.0350"
"58.1680","0.0583","-0.0352"
"58.2680","0.0579","-0.0351"
"58.3680","0.0574","-0.0351"
"58.4680","0.0570","-0.0361"
"58.5680","0.0566","-0.0366"
"58.6680","0.0562","-0.0366"
"58.7680","0.0558","-0.0373"
"58.8680","0.0554","-0.0365"
"58.9680","0.0549","-0.0375"
"59.0680","0.0545","-0.0355"
"59.1680","0.0541","-0.0357"
"59.2680","0.0537","-0.0363"
"59.3680","0.0533","-0.0362"
"59.4680","0.0528","-0.0363"
"59.5680","0.0524","-0.0373"
"59.6680","0.0520","-0.0382"
"59.7680","0.0516","-0.0364"
"59.8680","0.0512","-0.0387"
"59.9680","0.0508","-0.0372"
"60.0680","0.0503","-0.0373"
"60.1680","0.0499","-0.0348"
"60.2680","0.0495","-0.0382"
"60.3680","0.0491","-0.0381"
"60.4680","0.0487","-0.0364"
"60.5680","0.0483","-0.0379"
"60.6680","0.0479","-0.0377"
"60.7680","0.0474","-0.0378"
"60.8680","0.0470","-0.0369"
"60.9680","0.0466","-0.0376"
"61.0680","0.0462","-0.0381"
"61.1680","0.0458","-0.0365"
"61.2680","0.0453","-0.0377"
"61.3680","0.0449","-0.0378"
"61.4680","0.0445","-0.0386"
"61.5680","0.0441","-0.0390"
"61.6680","0.0437","-0.0389"
"61.7680","0.0433","-0.0382"
"61.8680","0.0429","-0.0403"
"61.9680","0.0424","-0.0408"
"62.0680","0.0420","-0.0404"
"62.1680","0.0416","-0.0407"
"62.2680","0.0412","-0.0406"
"62.3680","0.0408","-0.0402"
"62.4680","0.0404","-0.0392"
"62.5680","0.0399","-0.0418"
"62.6680","0.0395","-0.0401"
"62.7680","0.0391","-0.0399"
"62.8680","0.0387","-0.0415"
"62.9680","0.0383","-0.0409"
"63.0680","0.0379","-0.0395"
"63.1680","0.0374","-0.0393"
"63.2680","0.0370","-0.0394"
"63.3680","0.0366","-0.0403"
"63.4680","0.0362","-0.0390"
"63.5680","0.0358","-0.0403"
"63.6680","0.0354","-0.0413"
"63.7680","0.0349","-0.0399"
"63.8680","0.0345","-0.0414"
"63.9680","0.0341","-0.0415"
"64.0680","0.0337","-0.0402"
"64.1680","0.0333","-0.0401"
"64.2680","0.0329","-0.0410"
"64.3680","0.0324","-0.0412"
"64.4680","0.0320","-0.0404"
"64.5680","0.0316","-0.0416"
"64.6680","0.0312","-0.0412"
"64.7680","0.0308","-0.0415"
"64.8680","0.0304","-0.0414"
"64.9680","0.0299","-0.0420"
"65.0680","0.0295","-0.0406"
"65.1680","0.0291","-0.0423"
"65.2680","0.0287","-0.0421"
"65.3680","0.0283","-0.0418"
"65.4680","0.0278","-0.0425"
"65.5680","0.0274","-0.0428"
"65.6680","0.0270","-0.0422"
"65.7680","0.0266","-0.0417"
"65.8680","0.0262","-0.0426"
"65.9680","0.0258","-0.0429"
"66.0680","0.0253","-0.0433"
"66.1680","0.0249","-0.0437"
"66.2680","0.0245","-0.0444"
"66.3680","0.0241","-0.0438"
"66.4680","0.0237","-0.0446"
"66.5680","0.0233","-0.0456"
"66.6680","0.0229","-0.0440"
"66.7680","0.0224","-0.0431"
"66.8680","0.0220","-0.0429"
"66.9680","0.0216","-0.0432"
"67.0680","0.0212","-0.0437"
"67.1680","0.0208","-0.0443"
"67.2680","0.0204","-0.0443"
"67.3680","0.0199","-0.0443"
"67.4680","0.0195","-0.0444"
"67.5680","0.0191","-0.0465"
"67.6680","0.0187","-0.0460"
"67.7680","0.0183","-0.0457"
"67.8680","0.0179","-0.0462"
"67.9680","0.0174","-0.0459"
"68.0680","0.0170","-0.0424"
"68.1680","0.0166","-0.0434"
"68.2680","0.0162","-0.0434"
"68.3680","0.0158","-0.0433"
"68.4680","0.0154","-0.0443"
"68.5680","0.0149","-0.0451"
"68.6680","0.0145","-0.0450"
"68.7680","0.0141","-0.0457"
"68.8680","0.0137","-0.0458"
"68.9680","0.0133","-0.0462"
"69.0680","0.0128","-0.0436"
"69.1680","0.0124","-0.0436"
"69.2680","0.0120","-0.0435"
"69.3680","0.0116","-0.0431"
"69.4680","0.0112","-0.0441"
"69.5680","0.0108","-0.0453"
"69.6680","0.0103","-0.0438"
"69.7680","0.0099","-0.0440"
"69.8680","0.0095","-0.0452"
"69.9680","0.0091","-0.0440"
"70.0680","0.0087","-0.0425"
"70.1680","0.0083","-0.0450"
"70.2680","0.0079","-0.0449"
"70.3680","0.0074","-0.0440"
"70.4680","0.0070","-0.0440"
"70.5680","0.0066","-0.0455"
"70.6680","0.0062","-0.0450"
"70.7680","0.0058","-0.0452"
"70.8680","0.0053","-0.0450"
"70.9680","0.0049","-0.0446"
"71.0680","0.0045","-0.0443"
"71.1680","0.0041","-0.0447"
"71.2680","0.0037","-0.0447"
"71.3680","0.0033","-0.0437"
"71.4680","0.0029","-0.0449"
"71.5680","0.0024","-0.0445"
"71.6680","0.0020","-0.0450"
"71.7680","0.0016","-0.0448"
"71.8680","0.0012","-0.0446"
"71.9680","0.0008","-0.0446"
"72.0680","0.0003","-0.0449"
"72.1530","0.0000","-0.0446"
"72.1540","0.0000","-0.0445"
"72.1550","0.0000","-0.0444"
"72.2550","0.0000","-0.0460"
"72.3550","0.0004","-0.0460"
"72.4550","0.0009","-0.0468"
"72.5550","0.0013","-0.0471"
"72.6550","0.0017","-0.0450"
"72.7550","0.0021","-0.0455"
"72.8550","0.0026","-0.0452"
"72.9550","0.0030","-0.0455"
"73.0550","0.0034","-0.0439"
"73.1550","0.0038","-0.0433"
"73.2550","0.0042","-0.0452"
"73.3550","0.0046","-0.0440"
"73.4550","0.0051","-0.0433"
"73.5550","0.0055","-0.0456"
"73.6550","0.0059","-0.0441"
"73.7550","0.0063","-0.0433"
"73.8550","0.0067","-0.0448"
"73.9550","0.0071","-0.0438"
"74.0550","0.0076","-0.0416"
"74.1550","0.0080","-0.0425"
"74.2550","0.0084","-0.0441"
"74.3550","0.0088","-0.0419"
"74.4550","0.0092","-0.0424"
"74.5550","0.0096","-0.0432"
"74.6550","0.0101","-0.0435"
"74.7550","0.0105","-0.0425"
"74.8550","0.0109","-0.0422"
"74.9550","0.0113","-0.0413"
"75.0550","0.0117","-0.0407"
"75.1550","0.0121","-0.0408"
"75.2550","0.0126","-0.0408"
"75.3550","0.0130","-0.0413"
"75.4550","0.0134","-0.0426"
"75.5550","0.0138","-0.0424"
"75.6550","0.0142","-0.0420"
"75.7550","0.0146","-0.0422"
"75.8550","0.0151","-0.0412"
"75.9550","0.0155","-0.0419"
"76.0550","0.0159","-0.0422"
"76.1550","0.0163","-0.0414"
"76.2550","0.0167","-0.0427"
"76.3550","0.0171","-0.0412"
"76.4550","0.0176","-0.0414"
"76.5550","0.0180","-0.0434"
"76.6550","0.0184","-0.0427"
"76.7550","0.0188","-0.0420"
"76.8550","0.0192","-0.0440"
"76.9550","0.0196","-0.0424"
"77.0550","0.0201","-0.0424"
"77.1550","0.0205","-0.0426"
"77.2550","0.0209","-0.0417"
"77.3550","0.0213","-0.0415"
"77.4550","0.0217","-0.0415"
"77.5550","0.0221","-0.0421"
"77.6550","0.0226","-0.0413"
"77.7550","0.0230","-0.0405"
"77.8550","0.0234","-0.0493"
"77.9550","0.0238","-0.0420"
"78.0550","0.0242","-0.0405"
"78.1550","0.0246","-0.0398"
"78.2550","0.0251","-0.0403"
"78.3550","0.0255","-0.0383"
"78.4550","0.0259","-0.0386"
"78.5550","0.0263","-0.0405"
"78.6550","0.0267","-0.0395"
"78.7550","0.0271","-0.0401"
"78.8550","0.0276","-0.0410"
"78.9550","0.0280","-0.0398"
"79.0550","0.0284","-0.0380"
"79.1550","0.0288","-0.0380"
"79.2550","0.0292","-0.0388"
"79.3550","0.0296","-0.0382"
"79.4550","0.0301","-0.0377"
"79.5550","0.0305","-0.0384"
"79.6550","0.0309","-0.0373"
"79.7550","0.0313","-0.0365"
"79.8550","0.0317","-0.0370"
"79.9550","0.0321","-0.0375"
"80.0550","0.0326","-0.0366"
"80.1550","0.0330","-0.0376"
"80.2550","0.0334","-0.0381"
"80.3550","0.0338","-0.0368"
"80.4550","0.0342","-0.0370"
"80.5550","0.0346","-0.0379"
"80.6550","0.0351","-0.0362"
"80.7550","0.0355","-0.0366"
"80.8550","0.0359","-0.0367"
"80.9550","0.0363","-0.0376"
"81.0550","0.0367","-0.0374"
"81.1550","0.0371","-0.0391"
"81.2550","0.0376","-0.0394"
"81.3550","0.0380","-0.0383"
"81.4550","0.0384","-0.0389"
"81.5550","0.0388","-0.0392"
"81.6550","0.0392","-0.0382"
"81.7550","0.0396","-0.0389"
"81.8550","0.0401","-0.0392"
"81.9550","0.0405","-0.0394"
"82.0550","0.0409","-0.0390"
"82.1550","0.0413","-0.0404"
"82.2550","0.0417","-0.0411"
"82.3550","0.0421","-0.0404"
"82.4550","0.0426","-0.0402"
"82.5550","0.0430","-0.0417"
"82.6550","0.0434","-0.0409"
"82.7550","0.0438","-0.0404"
"82.8550","0.0442","-0.0406"
"82.9550","0.0446","-0.0403"
"83.0550","0.0451","-0.0390"
"83.1550","0.0455","-0.0394"
"83.2550","0.0459","-0.0393"
"83.3550","0.0463","-0.0392"
"83.4550","0.0467","-0.0395"
"83.5550","0.0471","-0.0421"
"83.6550","0.0476","-0.0411"
"83.7550","0.0480","-0.0415"
"83.8550","0.0484","-0.0414"
"83.9550","0.0488","-0.0408"
"84.0550","0.0492","-0.0387"
"84.1550","0.0496","-0.0396"
"84.2550","0.0501","-0.0389"
"84.3550","0.0505","-0.0393"
"84.4550","0.0509","-0.0400"
"84.5550","0.0513","-0.0404"
"84.6550","0.0517","-0.0399"
"84.7550","0.0521","-0.0402"
"84.8550","0.0526","-0.0402"
"84.9550","0.0530","-0.0393"
"85.0550","0.0534","-0.0392"
"85.1550","0.0538","-0.0389"
"85.2550","0.0542","-0.0391"
"85.3550","0.0546","-0.0381"
"85.4550","0.0551","-0.0395"
"85.5550","0.0555","-0.0392"
"85.6550","0.0559","-0.0387"
"85.7550","0.0563","-0.0379"
"85.8550","0.0567","-0.0387"
"85.9550","0.0571","-0.0387"
"86.0550","0.0576","-0.0387"
"86.1550","0.0580","-0.0400"
"86.2550","0.0584","-0.0393"
"86.3550","0.0588","-0.0372"
"86.4550","0.0592","-0.0390"
"86.5550","0.0596","-0.0389"
"86.6550","0.0601","-0.0378"
"86.7550","0.0605","-0.0392"
"86.8550","0.0609","-0.0393"
"86.9550","0.0613","-0.0380"
"87.0550","0.0617","-0.0349"
"87.1550","0.0621","-0.0370"
"87.2550","0.0626","-0.0380"
"87.3550","0.0630","-0.0379"
"87.4550","0.0634","-0.0380"
"87.5550","0.0638","-0.0382"
"87.6550","0.0642","-0.0367"
"87.7550","0.0646","-0.0360"
"87.8550","0.0651","-0.0375"
"87.9550","0.0655","-0.0361"
"88.0550","0.0659","-0.0358"
"88.1550","0.0663","-0.0363"
"88.2550","0.0667","-0.0364"
"88.3550","0.0671","-0.0354"
"88.4550","0.0676","-0.0350"
"88.5550","0.0680","-0.0364"
"88.6550","0.0684","-0.0345"
"88.7550","0.0688","-0.0352"
"88.8550","0.0692","-0.0342"
"88.9550","0.0696","-0.0340"
"89.0550","0.0701","-0.0334"
"89.1550","0.0705","-0.0344"
"89.2550","0.0709","-0.0331"
"89.3550","0.0713","-0.0344"
"89.4550","0.0717","-0.0335"
"89.5550","0.0721","-0.0342"
"89.6550","0.0726","-0.0325"
"89.7550","0.0730","-0.0333"
"89.8550","0.0734","-0.0329"
"89.9550","0.0738","-0.0312"
"90.0550","0.0742","-0.0316"
"90.1550","0.0746","-0.0321"
"90.2550","0.0751","-0.0325"
"90.3550","0.0755","-0.0320"
"90.4550","0.0759","-0.0320"
"90.5550","0.0763","-0.0317"
"90.6550","0.0767","-0.0314"
"90.7550","0.0771","-0.0310"
"90.8550","0.0776","-0.0307"
"90.9550","0.0780","-0.0306"
"91.0550","0.0784","-0.0304"
"91.1550","0.0788","-0.0303"
"91.2550","0.0792","-0.0297"
"91.3550","0.0796","-0.0300"
"91.4550","0.0801","-0.0302"
"91.5550","0.0805","-0.0295"
"91.6550","0.0809","-0.0296"
"91.7550","0.0813","-0.0305"
"91.8550","0.0817","-0.0283"
"91.9550","0.0821","-0.0285"
"92.0550","0.0826","-0.0280"
"92.1550","0.0830","-0.0288"
"92.2550","0.0834","-0.0287"
"92.3550","0.0838","-0.0288"
"92.4550","0.0842","-0.0282"
"92.5550","0.0846","-0.0287"
"92.6550","0.0851","-0.0285"
"92.7550","0.0855","-0.0296"
"92.8550","0.0859","-0.0282"
"92.9550","0.0863","-0.0273"
"93.0550","0.0867","-0.0247"
"93.1550","0.0871","-0.0252"
"93.2550","0.0876","-0.0243"
"93.3550","0.0880","-0.0243"
"93.4550","0.0884","-0.0258"
"93.5550","0.0888","-0.0257"
"93.6550","0.0892","-0.0250"
"93.7550","0.0896","-0.0257"
"93.8550","0.0901","-0.0244"
"93.9550","0.0905","-0.0242"
"94.0550","0.0909","-0.0232"
"94.1550","0.0913","-0.0230"
"94.2550","0.0917","-0.0222"
"94.3550","0.0921","-0.0215"
"94.4550","0.0926","-0.0232"
"94.5550","0.0930","-0.0219"
"94.6550","0.0934","-0.0219"
"94.7550","0.0938","-0.0220"
"94.8550","0.0942","-0.0214"
"94.9550","0.0946","-0.0197"
"95.0550","0.0951","-0.0208"
"95.1550","0.0955","-0.0197"
"95.2550","0.0959","-0.0180"
"95.3550","0.0963","-0.0191"
"95.4550","0.0967","-0.0185"
"95.5550","0.0971","-0.0182"
"95.6550","0.0976","-0.0162"
"95.7550","0.0980","-0.0175"
"95.8550","0.0984","-0.0165"
"95.9550","0.0988","-0.0161"
"96.0550","0.0992","-0.0175"
"96.1550","0.0996","-0.0161"
"96.2550","0.1001","-0.0154"
"96.3550","0.1005","-0.0153"
"96.4550","0.1009","-0.0148"
"96.5550","0.1013","-0.0131"
"96.6550","0.1017","-0.0129"
"96.7550","0.1021","-0.0128"
"96.8550","0.1026","-0.0125"
"96.9550","0.1030","-0.0114"
"97.0550","0.1034","-0.0116"
"97.1550","0.1038","-0.0111"
"97.2550","0.1042","-0.0105"
"97.3550","0.1046","-0.0092"
"97.4550","0.1051","-0.0092"
"97.5550","0.1055","-0.0081"
"97.6550","0.1059","-0.0072"
"97.7550","0.1063","-0.0065"
"97.8550","0.1067","-0.0042"
"97.9550","0.1071","-0.0041"
"98.0550","0.1076","-0.0024"
"98.1550","0.1080","-0.0015"
"98.2550","0.1084","0.0001"
"98.3550","0.1088","-0.0003"
"98.4550","0.1092","0.0006"
"98.5550","0.1096","0.0020"
"98.6550","0.1101","0.0033"
"98.7550","0.1105","0.0046"
"98.8550","0.1109","0.0067"
"98.9550","0.1113","0.0082"
"99.0550","0.1117","0.0102"
"99.1550","0.1121","0.0124"
"99.2550","0.1126","0.0134"
"99.3550","0.1130","0.0142"
"99.4550","0.1134","0.0176"
"99.5550","0.1138","0.0195"
"99.6550","0.1142","0.0222"
"99.7550","0.1146","0.0240"
"99.8550","0.1151","0.0280"
"99.9550","0.1155","0.0326"
"100.0550","0.1159","0.0355"
"100.1550","0.1163","0.0406"
"100.2550","0.1167","0.0455"
"100.3550","0.1171","0.0490"
"100.4550","0.1176","0.0562"
"100.5550","0.1180","0.0639"
"100.6550","0.1184","0.0748"
"100.7550","0.1188","0.0874"
"100.8550","0.1192","0.1058"
"100.9550","0.1196","0.1302"
"101.0550","0.1201","0.1693"
"101.1550","0.1205","0.2379"
"101.2550","0.1209","0.3685"
"101.3550","0.1213","0.5824"
"101.4550","0.1217","0.8453"
"101.5550","0.1221","1.1246"
"101.6550","0.1226","1.4163"
"101.7550","0.1230","1.7002"
"101.8550","0.1234","1.9754"
"101.9550","0.1238","2.2397"
"102.0550","0.1242","2.4651"
"102.1550","0.1246","2.6455"
"102.2550","0.1251","2.8991"
"102.3550","0.1255","3.0873"
"102.4550","0.1259","3.3373"
"102.5550","0.1263","3.6185"
"102.6550","0.1267","3.8888"
"102.7550","0.1271","4.1495"
"102.8550","0.1276","4.4105"
"102.9550","0.1280","4.6421"
"103.0550","0.1284","4.9059"
"103.1550","0.1288","5.1674"
"103.2550","0.1292","5.4362"
"103.3550","0.1296","5.7140"
"103.4550","0.1301","5.9832"
"103.5550","0.1305","6.2469"
"103.6550","0.1309","6.5099"
"103.7550","0.1313","6.7670"
"103.8550","0.1317","7.0275"
"103.9550","0.1321","7.2905"
"104.0550","0.1326","7.5521"
"104.1550","0.1330","7.8100"
"104.2550","0.1334","8.0710"
"104.3550","0.1338","8.3279"
"104.4550","0.1342","8.5810"
"104.5550","0.1346","8.8324"
"104.6550","0.1351","9.0802"
"104.7550","0.1355","9.3324"
"104.8550","0.1359","9.5767"
"104.9550","0.1363","9.8184"
"105.0550","0.1367","10.0594"
"105.1550","0.1371","10.2982"
"105.2550","0.1376","10.5303"
"105.3550","0.1380","10.7682"
"105.4550","0.1384","11.0018"
"105.5550","0.1388","11.2250"
"105.6550","0.1392","11.4567"
"105.7550","0.1396","11.6780"
"105.8550","0.1401","11.8953"
"105.9550","0.1405","12.1203"
"106.0550","0.1409","12.3317"
"106.1550","0.1413","12.5420"
"106.2550","0.1417","12.7531"
"106.3550","0.1421","12.9560"
"106.4550","0.1426","13.1595"
"106.5550","0.1430","13.3628"
"106.6550","0.1434","13.5556"
"106.7550","0.1438","13.7504"
"106.8550","0.1442","13.9413"
"106.9550","0.1446","14.1227"
"107.0550","0.1451","14.3076"
"107.1550","0.1455","14.4880"
"107.2550","0.1459","14.6600"
"107.3550","0.1463","14.8289"
"107.4550","0.1467","14.9955"
"107.5550","0.1471","15.1542"
"107.6550","0.1476","15.3072"
"107.7550","0.1480","15.4583"
"107.8550","0.1484","15.5916"
"107.9550","0.1488","15.7280"
"108.0550","0.1492","15.8534"
"108.1550","0.1496","15.9649"
"108.2550","0.1501","16.0699"
"108.3550","0.1505","16.1629"
"108.4550","0.1509","16.2395"
"108.5550","0.1513","16.3075"
"108.6550","0.1517","16.3587"
"108.7550","0.1521","16.3975"
"108.8550","0.1526","16.4254"
"108.9550","0.1530","16.4387"
"109.0550","0.1534","16.4471"
"109.1550","0.1538","16.4502"
"109.2550","0.1542","16.4473"
"109.3550","0.1546","16.4552"
"109.4550","0.1551","16.4525"
"109.5550","0.1555","16.4515"
"109.6550","0.1559","16.4534"
"109.7550","0.1563","16.4550"
"109.8550","0.1567","16.4480"
"109.9550","0.1571","16.4515"
"110.0550","0.1576","16.4527"
"110.1550","0.1580","16.4493"
"110.2550","0.1584","16.4485"
"110.3550","0.1588","16.4500"
"110.4550","0.1592","16.4484"
"110.5550","0.1596","16.4474"
"110.6550","0.1601","16.4454"
"110.7550","0.1605","16.4460"
"110.8550","0.1609","16.4421"
"110.9550","0.1613","16.4429"
"111.0550","0.1617","16.4421"
"111.1550","0.1621","16.4441"
"111.2550","0.1626","16.4403"
"111.3550","0.1630","16.4452"
"111.4550","0.1634","16.4443"
"111.5550","0.1638","16.4414"
"111.6550","0.1642","16.4438"
"111.7550","0.1646","16.4468"
"111.8550","0.1651","16.4437"
"111.9550","0.1655","16.4473"
"112.0550","0.1659","16.4480"
"112.1550","0.1663","16.4473"
"112.2550","0.1667","16.4507"
"112.3550","0.1671","16.4563"
"112.4550","0.1676","16.4501"
"112.5550","0.1680","16.4559"
"112.6550","0.1684","16.4564"
"112.7550","0.1688","16.4612"
"112.8550","0.1692","16.4625"
"112.9550","0.1696","16.4645"
"113.0550","0.1701","16.4672"
"113.1550","0.1705","16.4707"
"113.2550","0.1709","16.4694"
"113.3550","0.1713","16.4776"
"113.4550","0.1717","16.4801"
"113.5550","0.1721","16.4807"
"113.6550","0.1726","16.4872"
"113.7550","0.1730","16.4892"
"113.8550","0.1734","16.4903"
"113.9550","0.1738","16.4977"
"114.0550","0.1742","16.5003"
"114.1550","0.1746","16.5010"
"114.2550","0.1751","16.5066"
"114.3550","0.1755","16.5122"
"114.4550","0.1759","16.5141"
"114.5550","0.1763","16.5216"
"114.6550","0.1767","16.5245"
"114.7550","0.1771","16.5265"
"114.8550","0.1776","16.5332"
"114.9550","0.1780","16.5373"
"115.0550","0.1784","16.5412"
"115.1550","0.1788","16.5470"
"115.2550","0.1792","16.5484"
"115.3550","0.1796","16.5540"
"115.4550","0.1801","16.5598"
"115.5550","0.1805","16.5612"
"115.6550","0.1809","16.5674"
"115.7550","0.1813","16.5730"
"115.8550","0.1817","16.5742"
"115.9550","0.1821","16.5816"
"116.0550","0.1826","16.5871"
"116.1550","0.1830","16.5902"
"116.2550","0.1834","16.5963"
"116.3550","0.1838","16.6002"
"116.4550","0.1842","16.6035"
"116.5550","0.1846","16.6099"
"116.6550","0.1851","16.6146"
"116.7550","0.1855","16.6182"
"116.8550","0.1859","16.6248"
"116.9550","0.1863","16.6296"
"117.0550","0.1867","16.6329"
"117.1550","0.1871","16.6392"
"117.2550","0.1876","16.6459"
"117.3550","0.1880","16.6479"
"117.4550","0.1884","16.6540"
"117.5550","0.1888","16.6576"
"117.6550","0.1892","16.6650"
"117.7550","0.1896","16.6707"
"117.8550","0.1901","16.6725"
"117.9550","0.1905","16.6781"
"118.0550","0.1909","16.6870"
"118.1550","0.1913","16.6885"
"118.2550","0.1917","16.6975"
"118.3550","0.1921","16.7034"
"118.4550","0.1926","16.7036"
"118.5550","0.1930","16.7115"
"118.6550","0.1934","16.7174"
"118.7550","0.1938","16.7204"
"118.8550","0.1942","16.7293"
"118.9550","0.1946","16.7305"
"119.0550","0.1951","16.7354"
"119.1550","0.1955","16.7407"
"119.2550","0.1959","16.7467"
"119.3550","0.1963","16.7528"
"119.4550","0.1967","16.7599"
"119.5550","0.1971","16.7605"
"119.6550","0.1976","16.7683"
"119.7550","0.1980","16.7747"
"119.8550","0.1984","16.7771"
"119.9550","0.1988","16.7836"
"120.0550","0.1992","16.7909"
"120.1550","0.1996","16.7920"
"120.2550","0.2001","16.7979"
"120.3550","0.2005","16.8051"
"120.4550","0.2009","16.8088"
"120.5550","0.2013","16.8133"
"120.6550","0.2017","16.8219"
"120.7550","0.2021","16.8217"
"120.8550","0.2026","16.8298"
"120.9550","0.2030","16.8371"
"121.0550","0.2034","16.8398"
"121.1550","0.2038","16.8445"
"121.2550","0.2042","16.8505"
"121.3550","0.2046","16.8559"
"121.4550","0.2051","16.8602"
"121.5550","0.2055","16.8662"
"121.6550","0.2059","16.8724"
"121.7550","0.2063","16.8801"
"121.8550","0.2067","16.8812"
"121.9550","0.2071","16.8885"
"122.0550","0.2076","16.8952"
"122.1550","0.2080","16.8951"
"122.2550","0.2084","16.9067"
"122.3550","0.2088","16.9092"
"122.4550","0.2092","16.9141"
"122.5550","0.2096","16.9186"
"122.6550","0.2101","16.9275"
"122.7550","0.2105","16.9283"
"122.8550","0.2109","16.9358"
"122.9550","0.2113","16.9424"
"123.0550","0.2117","16.9480"
"123.1550","0.2121","16.9518"
"123.2550","0.2126","16.9577"
"123.3550","0.2130","16.9617"
"123.4550","0.2134","16.9659"
"123.5550","0.2138","16.9718"
"123.6550","0.2142","16.9799"
"123.7550","0.2146","16.9829"
"123.8550","0.2151","16.9852"
"123.9550","0.2155","16.9949"
"124.0550","0.2159","17.0005"
"124.1550","0.2163","17.0019"
"124.2550","0.2167","17.0105"
"124.3550","0.2171","17.0144"
"124.4550","0.2175","17.0136"
"124.5550","0.2180","17.0240"
"124.6550","0.2184","17.0291"
"124.7550","0.2188","17.0300"
"124.8550","0.2192","17.0397"
"124.9550","0.2196","17.0444"
"125.0550","0.2201","17.0478"
"125.1550","0.2205","17.0554"
"125.2550","0.2209","17.0612"
"125.3550","0.2213","17.0635"
"125.4550","0.2217","17.0709"
"125.5550","0.2221","17.0725"
"125.6550","0.2226","17.0789"
"125.7550","0.2230","17.0861"
"125.8550","0.2234","17.0891"
"125.9550","0.2238","17.0964"
"126.0550","0.2242","17.1027"
"126.1550","0.2246","17.1018"
"126.2550","0.2251","17.1099"
"126.3550","0.2255","17.1166"
"126.4550","0.2259","17.1224"
"126.5550","0.2263","17.1293"
"126.6550","0.2267","17.1335"
"126.7550","0.2271","17.1341"
"126.8550","0.2276","17.1439"
"126.9550","0.2280","17.1478"
"127.0550","0.2284","17.1506"
"127.1550","0.2288","17.1578"
"127.2550","0.2292","17.1623"
"127.3550","0.2296","17.1656"
"127.4550","0.2301","17.1760"
"127.5550","0.2305","17.1787"
"127.6550","0.2309","17.1838"
"127.7550","0.2313","17.1892"
"127.8550","0.2317","17.1927"
"127.9550","0.2321","17.1950"
"128.0550","0.2326","17.2043"
"128.1550","0.2330","17.2057"
"128.2550","0.2334","17.2154"
"128.3550","0.2338","17.2196"
"128.4550","0.2342","17.2221"
"128.5550","0.2346","17.2275"
"128.6550","0.2351","17.2355"
"128.7550","0.2355","17.2363"
"128.8550","0.2359","17.2426"
"128.9550","0.2363","17.2504"
"129.0550","0.2367","17.2521"
"129.1550","0.2371","17.2571"
"129.2550","0.2376","17.2634"
"129.3550","0.2380","17.2657"
"129.4550","0.2384","17.2738"
"129.5550","0.2388","17.2771"
"129.6550","0.2392","17.2827"
"129.7550","0.2396","17.2882"
"129.8550","0.2401","17.2943"
"129.9550","0.2405","17.2961"
"130.0550","0.2409","17.3048"
"130.1550","0.2413","17.3074"
"130.2550","0.2417","17.3133"
"130.3550","0.2421","17.3176"
"130.4550","0.2426","17.3200"
"130.5550","0.2430","17.3299"
"130.6550","0.2434","17.3334"
"130.7550","0.2438","17.3376"
"130.8550","0.2442","17.3449"
"130.9550","0.2446","17.3496"
"131.0550","0.2451","17.3515"
"131.1550","0.2455","17.3583"
"131.2550","0.2459","17.3639"
"131.3550","0.2463","17.3670"
"131.4550","0.2467","17.3734"
"131.5550","0.2471","17.3787"
"131.6550","0.2476","17.3825"
"131.7550","0.2480","17.3896"
"131.8550","0.2484","17.3928"
"131.9550","0.2488","17.3984"
"132.0550","0.2492","17.4036"
"132.1550","0.2496","17.4053"
"132.2550","0.2501","17.4117"
"132.3550","0.2505","17.4192"
"132.4550","0.2509","17.4205"
"132.5550","0.2513","17.4302"
"132.6550","0.2517","17.4307"
"132.7550","0.2521","17.4341"
"132.8550","0.2526","17.4412"
"132.9550","0.2530","17.4479"
"133.0550","0.2534","17.4512"
"133.1550","0.2538","17.4565"
"133.2550","0.2542","17.4621"
"133.3550","0.2546","17.4652"
"133.4550","0.2551","17.4698"
"133.5550","0.2555","17.4750"
"133.6550","0.2559","17.4782"
"133.7550","0.2563","17.4851"
"133.8550","0.2567","17.4865"
"133.9550","0.2571","17.4945"
"134.0550","0.2576","17.4966"
"134.1550","0.2580","17.5033"
"134.2550","0.2584","17.5090"
"134.3550","0.2588","17.5124"
"134.4550","0.2592","17.5191"
"134.5550","0.2596","17.5216"
"134.6550","0.2601","17.5296"
"134.7550","0.2605","17.5296"
"134.8550","0.2609","17.5389"
"134.9550","0.2613","17.5464"
"135.0550","0.2617","17.5420"
"135.1550","0.2621","17.5547"
"135.2550","0.2626","17.5572"
"135.3550","0.2630","17.5623"
"135.4550","0.2634","17.5671"
"135.5550","0.2638","17.5743"
"135.6550","0.2642","17.5761"
"135.7550","0.2646","17.5833"
"135.8550","0.2651","17.5865"
"135.9550","0.2655","17.5908"
"136.0550","0.2659","17.5944"
"136.1550","0.2663","17.6017"
"136.2550","0.2667","17.6055"
"136.3550","0.2671","17.6087"
"136.4550","0.2676","17.6125"
"136.5550","0.2680","17.6203"
"136.6550","0.2684","17.6254"
"136.7550","0.2688","17.6258"
"136.8550","0.2692","17.6317"
"136.9550","0.2696","17.6393"
"137.0550","0.2701","17.6377"
"137.1550","0.2705","17.6485"
"137.2550","0.2709","17.6529"
"137.3550","0.2713","17.6540"
"137.4550","0.2717","17.6605"
"137.5550","0.2721","17.6666"
"137.6550","0.2725","17.6670"
"137.7550","0.2730","17.6775"
"137.8550","0.2734","17.6804"
"137.9550","0.2738","17.6825"
"138.0550","0.2742","17.6877"
"138.1550","0.2746","17.6939"
"138.2550","0.2751","17.6966"
"138.3550","0.2755","17.7010"
"138.4550","0.2759","17.7059"
"138.5550","0.2763","17.7128"
"138.6550","0.2767","17.7168"
"138.7550","0.2771","17.7225"
"138.8550","0.2776","17.7308"
"138.9550","0.2780","17.7331"
"139.0550","0.2784","17.7335"
"139.1550","0.2788","17.7411"
"139.2550","0.2792","17.7465"
"139.3550","0.2796","17.7495"
"139.4550","0.2801","17.7559"
"139.5550","0.2805","17.7625"
"139.6550","0.2809","17.7638"
"139.7550","0.2813","17.7710"
"139.8550","0.2817","17.7764"
"139.9550","0.2821","17.7792"
"140.0550","0.2826","17.7841"
"140.1550","0.2830","17.7883"
"140.2550","0.2834","17.7924"
"140.3550","0.2838","17.8002"
"140.4550","0.2842","17.8004"
"140.5550","0.2846","17.8061"
"140.6550","0.2851","17.8124"
"140.7550","0.2855","17.8167"
"140.8550","0.2859","17.8215"
"140.9550","0.2863","17.8268"
"141.0550","0.2867","17.8290"
"141.1550","0.2871","17.8344"
"141.2550","0.2876","17.8407"
"141.3550","0.2880","17.8413"
"141.4550","0.2884","17.8474"
"141.5550","0.2888","17.8510"
"141.6550","0.2892","17.8555"
"141.7550","0.2896","17.8594"
"141.8550","0.2901","17.8653"
"141.9550","0.2905","17.8716"
"142.0550","0.2909","17.8776"
"142.1550","0.2913","17.8803"
"142.2550","0.2917","17.8852"
"142.3550","0.2921","17.8855"
"142.4550","0.2926","17.8925"
"142.5550","0.2930","17.8952"
"142.6550","0.2934","17.9015"
"142.7550","0.2938","17.9064"
"142.8550","0.2942","17.9122"
"142.9550","0.2946","17.9166"
"143.0550","0.2951","17.9204"
"143.1550","0.2955","17.9258"
"143.2550","0.2959","17.9310"
"143.3550","0.2963","17.9318"
"143.4550","0.2967","17.9416"
"143.5550","0.2971","17.9448"
"143.6550","0.2976","17.9465"
"143.7550","0.2980","17.9517"
"143.8550","0.2984","17.9580"
"143.9550","0.2988","17.9592"
"144.0550","0.2992","17.9662"
"144.1550","0.2996","17.9728"
"144.2550","0.3001","17.9754"
"144.3550","0.3005","17.9812"
"144.4550","0.3009","17.9840"
"144.5550","0.3013","17.9888"
"144.6550","0.3017","17.9943"
"144.7550","0.3021","17.9946"
"144.8550","0.3026","18.0025"
"144.9550","0.3030","18.0051"
"145.0550","0.3034","18.0067"
"145.1550","0.3038","18.0142"
"145.2550","0.3042","18.0213"
"145.3550","0.3046","18.0213"
"145.4550","0.3051","18.0285"
"145.5550","0.3055","18.0346"
"145.6550","0.3059","18.0339"
"145.7550","0.3063","18.0407"
"145.8550","0.3067","18.0453"
"145.9550","0.3071","18.0488"
"146.0550","0.3076","18.0531"
"146.1550","0.3080","18.0574"
"146.2550","0.3084","18.0613"
"146.3550","0.3088","18.0650"
"146.4550","0.3092","18.0704"
"146.5550","0.3096","18.0734"
"146.6550","0.3101","18.0782"
"146.7550","0.3105","18.0820"
"146.8550","0.3109","18.0897"
"146.9550","0.3113","18.0917"
"147.0550","0.3117","18.0953"
"147.1550","0.3121","18.0998"
"147.2550","0.3126","18.1067"
"147.3550","0.3130","18.1084"
"147.4550","0.3134","18.1148"
"147.5550","0.3138","18.1201"
"147.6550","0.3142","18.1200"
"147.7550","0.3146","18.1279"
"147.8550","0.3151","18.1331"
"147.9550","0.3155","18.1338"
"148.0550","0.3159","18.1398"
"148.1550","0.3163","18.1448"
"148.2550","0.3167","18.1470"
"148.3550","0.3171","18.1515"
"148.4550","0.3176","18.1591"
"148.5550","0.3180","18.1598"
"148.6550","0.3184","18.1643"
"148.7550","0.3188","18.1691"
"148.8550","0.3192","18.1754"
"148.9550","0.3196","18.1796"
"149.0550","0.3201","18.1821"
"149.1550","0.3205","18.1879"
"149.2550","0.3209","18.1907"
"149.3550","0.3213","18.1914"
"149.4550","0.3217","18.2005"
"149.5550","0.3221","18.2035"
"149.6550","0.3226","18.2036"
"149.7550","0.3230","18.2100"
"149.8550","0.3234","18.2162"
"149.9550","0.3238","18.2166"
"150.0550","0.3242","18.2231"
"150.1550","0.3246","18.2292"
"150.2550","0.3251","18.2293"
"150.3550","0.3255","18.2365"
"150.4550","0.3259","18.2393"
"150.5550","0.3263","18.2412"
"150.6550","0.3267","18.2488"
"150.7550","0.3271","18.2522"
"150.8550","0.3276","18.2584"
"150.9550","0.3280","18.2597"
"151.0550","0.3284","18.2637"
"151.1550","0.3288","18.2705"
"151.2550","0.3292","18.2744"
"151.3550","0.3296","18.2765"
"151.4550","0.3301","18.2837"
"151.5550","0.3305","18.2871"
"151.6550","0.3309","18.2886"
"151.7550","0.3313","18.2944"
"151.8550","0.3317","18.2991"
"151.9550","0.3321","18.3022"
"152.0550","0.3326","18.3097"
"152.1550","0.3330","18.3122"
"152.2550","0.3334","18.3144"
"152.3550","0.3338","18.3223"
"152.4550","0.3342","18.3267"
"152.5550","0.3346","18.3286"
"152.6550","0.3351","18.3352"
"152.7550","0.3355","18.3373"
"152.8550","0.3359","18.3407"
"152.9550","0.3363","18.3478"
"153.0550","0.3367","18.3488"
"153.1550","0.3371","18.3547"
"153.2550","0.3376","18.3611"
"153.3550","0.3380","18.3618"
"153.4550","0.3384","18.3654"
"153.5550","0.3388","18.3730"
"153.6550","0.3392","18.3745"
"153.7550","0.3396","18.3811"
"153.8550","0.3401","18.3844"
"153.9550","0.3405","18.3855"
"154.0550","0.3409","18.3914"
"154.1550","0.3413","18.3966"
"154.2550","0.3417","18.3984"
"154.3550","0.3421","18.4071"
"154.4550","0.3426","18.4096"
"154.5550","0.3430","18.4123"
"154.6550","0.3434","18.4137"
"154.7550","0.3438","18.4211"
"154.8550","0.3442","18.4248"
"154.9550","0.3446","18.4309"
"155.0550","0.3451","18.4318"
"155.1550","0.3455","18.4374"
"155.2550","0.3459","18.4409"
"155.3550","0.3463","18.4424"
"155.4550","0.3467","18.4518"
"155.5550","0.3471","18.4561"
"155.6550","0.3476","18.4581"
"155.7550","0.3480","18.4641"
"155.8550","0.3484","18.4681"
"155.9550","0.3488","18.4691"
"156.0550","0.3492","18.4733"
"156.1550","0.3496","18.4814"
"156.2550","0.3501","18.4811"
"156.3550","0.3505","18.4865"
"156.4550","0.3509","18.4918"
"156.5550","0.3513","18.4920"
"156.6550","0.3517","18.4981"
"156.7550","0.3521","18.5037"
"156.8550","0.3526","18.5076"
"156.9550","0.3530","18.5112"
"157.0550","0.3534","18.5145"
"157.1550","0.3538","18.5201"
"157.2550","0.3542","18.5255"
"157.3550","0.3546","18.5258"
"157.4550","0.3551","18.5317"
"157.5550","0.3555","18.5368"
"157.6550","0.3559","18.5358"
"157.7550","0.3563","18.5451"
"157.8550","0.3567","18.5472"
"157.9550","0.3571","18.5498"
"158.0550","0.3576","18.5534"
"158.1550","0.3580","18.5607"
"158.2550","0.3584","18.5611"
"158.3550","0.3588","18.5677"
"158.4550","0.3592","18.5708"
"158.5550","0.3596","18.5732"
"158.6550","0.3601","18.5774"
"158.7550","0.3605","18.5829"
"158.8550","0.3609","18.5878"
"158.9550","0.3613","18.5919"
"159.0550","0.3617","18.5952"
"159.1550","0.3621","18.6003"
"159.2550","0.3626","18.6012"
"159.3550","0.3630","18.6058"
"159.4550","0.3634","18.6088"
"159.5550","0.3638","18.6133"
"159.6550","0.3642","18.6162"
"159.7550","0.3646","18.6225"
"159.8550","0.3651","18.6251"
"159.9550","0.3655","18.6271"
"160.0550","0.3659","18.6328"
"160.1550","0.3663","18.6385"
"160.2550","0.3667","18.6401"
"160.3550","0.3671","18.6462"
"160.4550","0.3676","18.6493"
"160.5550","0.3680","18.6511"
"160.6550","0.3684","18.6581"
"160.7550","0.3688","18.6611"
"160.8550","0.3692","18.6636"
"160.9550","0.3696","18.6687"
"161.0550","0.3701","18.6718"
"161.1550","0.3705","18.6752"
"161.2550","0.3709","18.6803"
"161.3550","0.3713","18.6844"
"161.4550","0.3717","18.6874"
"161.5550","0.3721","18.6902"
"161.6550","0.3726","18.6911"
"161.7550","0.3730","18.6986"
"161.8550","0.3734","18.7008"
"161.9550","0.3738","18.7036"
"162.0550","0.3742","18.7092"
"162.1550","0.3746","18.7130"
"162.2550","0.3751","18.7127"
"162.3550","0.3755","18.7204"
"162.4550","0.3759","18.7258"
"162.5550","0.3763","18.7266"
"162.6550","0.3767","18.7306"
"162.7550","0.3771","18.7365"
"162.8550","0.3776","18.7351"
"162.9550","0.3780","18.7436"
"163.0550","0.3784","18.7473"
"163.1550","0.3788","18.7491"
"163.2550","0.3792","18.7536"
"163.3550","0.3796","18.7568"
"163.4550","0.3801","18.7609"
"163.5550","0.3805","18.7672"
"163.6550","0.3809","18.7681"
"163.7550","0.3813","18.7734"
"163.8550","0.3817","18.7752"
"163.9550","0.3821","18.7781"
"164.0550","0.3826","18.7848"
"164.1550","0.3830","18.7883"
"164.2550","0.3834","18.7880"
"164.3550","0.3838","18.7952"
"164.4550","0.3842","18.7995"
"164.5550","0.3846","18.8001"
"164.6550","0.3851","18.8085"
"164.7550","0.3855","18.8127"
"164.8550","0.3859","18.8141"
"164.9550","0.3863","18.8194"
"165.0550","0.3867","18.8221"
"165.1550","0.3871","18.8248"
"165.2550","0.3876","18.8304"
"165.3550","0.3880","18.8333"
"165.4550","0.3884","18.8372"
"165.5550","0.3888","18.8440"
"165.6550","0.3892","18.8473"
"165.7550","0.3896","18.8501"
"165.8550","0.3901","18.8538"
"165.9550","0.3905","18.8538"
"166.0550","0.3909","18.8608"
"166.1550","0.3913","18.8665"
"166.2550","0.3917","18.8660"
"166.3550","0.3921","18.8711"
"166.4550","0.3926","18.8764"
"166.5550","0.3930","18.8758"
"166.6550","0.3934","18.8829"
"166.7550","0.3938","18.8877"
"166.8550","0.3942","18.8885"
"166.9550","0.3946","18.8951"
"167.0550","0.3951","18.8992"
"167.1550","0.3955","18.9027"
"167.2550","0.3959","18.9058"
"167.3550","0.3963","18.9082"
"167.4550","0.3967","18.9117"
"167.5550","0.3971","18.9136"
"167.6550","0.3976","18.9189"
"167.7550","0.3980","18.9234"
"167.8550","0.3984","18.9312"
"167.9550","0.3988","18.9304"
"168.0550","0.3992","18.9378"
"168.1550","0.3996","18.9402"
"168.2550","0.4001","18.9410"
"168.3550","0.4005","18.9466"
"168.4550","0.4009","18.9521"
"168.5550","0.4013","18.9541"
"168.6550","0.4017","18.9585"
"168.7550","0.4021","18.9638"
"168.8550","0.4026","18.9648"
"168.9550","0.4030","18.9682"
"169.0550","0.4034","18.9761"
"169.1550","0.4038","18.9762"
"169.2550","0.4042","18.9810"
"169.3550","0.4046","18.9838"
"169.4550","0.4051","18.9884"
"169.5550","0.4055","18.9904"
"169.6550","0.4059","18.9935"
"169.7550","0.4063","19.0009"
"169.8550","0.4067","19.0039"
"169.9550","0.4071","19.0055"
"170.0550","0.4076","19.0100"
"170.1550","0.4080","19.0163"
"170.2550","0.4084","19.0164"
"170.3550","0.4088","19.0211"
"170.4550","0.4092","19.0274"
"170.5550","0.4096","19.0244"
"170.6550","0.4101","19.0326"
"170.7550","0.4105","19.0350"
"170.8550","0.4109","19.0364"
"170.9550","0.4113","19.0419"
"171.0550","0.4117","19.0486"
"171.1550","0.4121","19.0462"
"171.2550","0.4126","19.0519"
"171.3550","0.4130","19.0571"
"171.4550","0.4134","19.0628"
"171.5550","0.4138","19.0662"
"171.6550","0.4142","19.0664"
"171.7550","0.4146","19.0717"
"171.8550","0.4151","19.0745"
"171.9550","0.4155","19.0766"
"172.0550","0.4159","19.0847"
"172.1550","0.4163","19.0873"
"172.2550","0.4167","19.0885"
"172.3550","0.4171","19.0914"
"172.4550","0.4176","19.0980"
"172.5550","0.4180","19.0985"
"172.6550","0.4184","19.1078"
"172.7550","0.4188","19.1083"
"172.8550","0.4192","19.1069"
"172.9550","0.4196","19.1143"
"173.0550","0.4201","19.1187"
"173.1550","0.4205","19.1195"
"173.2550","0.4209","19.1266"
"173.3550","0.4213","19.1288"
"173.4550","0.4217","19.1313"
"173.5550","0.4221","19.1359"
"173.6550","0.4226","19.1407"
"173.7550","0.4230","19.1436"
"173.8550","0.4234","19.1491"
"173.9550","0.4238","19.1491"
"174.0550","0.4242","19.1541"
"174.1550","0.4246","19.1571"
"174.2550","0.4251","19.1589"
"174.3550","0.4255","19.1641"
"174.4550","0.4259","19.1679"
"174.5550","0.4263","19.1698"
"174.6550","0.4267","19.1743"
"174.7550","0.4271","19.1772"
"174.8550","0.4276","19.1800"
"174.9550","0.4280","19.1862"
"175.0550","0.4284","19.1906"
"175.1550","0.4288","19.1920"
"175.2550","0.4292","19.1958"
"175.3550","0.4296","19.1986"
"175.4550","0.4301","19.2003"
"175.5550","0.4305","19.2064"
"175.6550","0.4309","19.2104"
"175.7550","0.4313","19.2112"
"175.8550","0.4317","19.2162"
"175.9550","0.4321","19.2194"
"176.0550","0.4326","19.2213"
"176.1550","0.4330","19.2265"
"176.2550","0.4334","19.2309"
"176.3550","0.4338","19.2346"
"176.4550","0.4342","19.2388"
"176.5550","0.4346","19.2385"
"176.6550","0.4351","19.2445"
"176.7550","0.4355","19.2470"
"176.8550","0.4359","19.2491"
"176.9550","0.4363","19.2560"
"177.0550","0.4367","19.2592"
"177.1550","0.4371","19.2605"
"177.2550","0.4376","19.2649"
"177.3550","0.4380","19.2684"
"177.4550","0.4384","19.2708"
"177.5550","0.4388","19.2770"
"177.6550","0.4392","19.2777"
"177.7550","0.4396","19.2814"
"177.8550","0.4401","19.2856"
"177.9550","0.4405","19.2889"
"178.0550","0.4409","19.2943"
"178.1550","0.4413","19.2966"
"178.2550","0.4417","19.2985"
"178.3550","0.4421","19.3035"
"178.4550","0.4426","19.3084"
"178.5550","0.4430","19.3072"
"178.6550","0.4434","19.3123"
"178.7550","0.4438","19.3174"
"178.8550","0.4442","19.3154"
"178.9550","0.4446","19.3227"
"179.0550","0.4451","19.3287"
"179.1550","0.4455","19.3289"
"179.2550","0.4459","19.3319"
"179.3550","0.4463","19.3380"
"179.4550","0.4467","19.3383"
"179.5550","0.4471","19.3443"
"179.6550","0.4476","19.3472"
"179.7550","0.4480","19.3496"
"179.8550","0.4484","19.3533"
"179.9550","0.4488","19.3548"
"180.0550","0.4492","19.3607"
"180.1550","0.4496","19.3640"
"180.2550","0.4501","19.3644"
"180.3550","0.4505","19.3693"
"180.4550","0.4509","19.3723"
"180.5550","0.4513","19.3744"
"180.6550","0.4517","19.3806"
"180.7550","0.4521","19.3837"
"180.8550","0.4526","19.3847"
"180.9550","0.4530","19.3903"
"181.0550","0.4534","19.3942"
"181.1550","0.4538","19.3953"
"181.2550","0.4542","19.4009"
"181.3550","0.4546","19.4061"
"181.4550","0.4551","19.4069"
"181.5550","0.4555","19.4104"
"181.6550","0.4559","19.4160"
"181.7550","0.4563","19.4179"
"181.8550","0.4567","19.4194"
"181.9550","0.4571","19.4251"
"182.0550","0.4576","19.4256"
"182.1550","0.4580","19.4309"
"182.2550","0.4584","19.4318"
"182.3550","0.4588","19.4366"
"182.4550","0.4592","19.4400"
"182.5550","0.4596","19.4420"
"182.6550","0.4601","19.4461"
"182.7550","0.4605","19.4527"
"182.8550","0.4609","19.4518"
"182.9550","0.4613","19.4575"
"183.0550","0.4617","19.4600"
"183.1550","0.4621","19.4624"
"183.2550","0.4626","19.4679"
"183.3550","0.4630","19.4722"
"183.4550","0.4634","19.4678"
"183.5550","0.4638","19.4771"
"183.6550","0.4642","19.4784"
"183.7550","0.4646","19.4801"
"183.8550","0.4651","19.4864"
"183.9550","0.4655","19.4909"
"184.0550","0.4659","19.4892"
"184.1550","0.4663","19.4948"
"184.2550","0.4667","19.4970"
"184.3550","0.4671","19.5014"
"184.4550","0.4676","19.5053"
"184.5550","0.4680","19.5071"
"184.6550","0.4684","19.5129"
"184.7550","0.4688","19.5159"
"184.8550","0.4692","19.5151"
"184.9550","0.4696","19.5235"
"185.0550","0.4701","19.5249"
"185.1550","0.4705","19.5245"
"185.2550","0.4709","19.5300"
"185.3550","0.4713","19.5354"
"185.4550","0.4717","19.5351"
"185.5550","0.4721","19.5429"
"185.6550","0.4726","19.5446"
"185.7550","0.4730","19.5449"
"185.8550","0.4734","19.5490"
"185.9550","0.4738","19.5533"
"186.0550","0.4742","19.5554"
"186.1550","0.4746","19.5605"
"186.2550","0.4751","19.5624"
"186.3550","0.4755","19.5661"
"186.4550","0.4759","19.5685"
"186.5550","0.4763","19.5723"
"186.6550","0.4767","19.5743"
"186.7550","0.4771","19.5789"
"186.8550","0.4776","19.5794"
"186.9550","0.4780","19.5861"
"187.0550","0.4784","19.5873"
"187.1550","0.4788","19.5890"
"187.2550","0.4792","19.5937"
"187.3550","0.4796","19.5985"
"187.4550","0.4801","19.5995"
"187.5550","0.4805","19.6051"
"187.6550","0.4809","19.6067"
"187.7550","0.4813","19.6076"
"187.8550","0.4817","19.6121"
"187.9550","0.4821","19.6178"
"188.0550","0.4826","19.6188"
"188.1550","0.4830","19.6227"
"188.2550","0.4834","19.6262"
"188.3550","0.4838","19.6276"
"188.4550","0.4842","19.6312"
"188.5550","0.4846","19.6346"
"188.6550","0.4851","19.6385"
"188.7550","0.4855","19.6421"
"188.8550","0.4859","19.6446"
"188.9550","0.4863","19.6485"
"189.0550","0.4867","19.6514"
"189.1550","0.4871","19.6524"
"189.2550","0.4876","19.6595"
"189.3550","0.4880","19.6624"
"189.4550","0.4884","19.6633"
"189.5550","0.4888","19.6697"
"189.6550","0.4892","19.6723"
"189.7550","0.4896","19.6729"
"189.8550","0.4901","19.6797"
"189.9550","0.4905","19.6805"
"190.0550","0.4909","19.6837"
"190.1550","0.4913","19.6873"
"190.2550","0.4917","19.6898"
"190.3550","0.4921","19.6950"
"190.4550","0.4926","19.6989"
"190.5550","0.4930","19.6988"
"190.6550","0.4934","19.7034"
"190.7550","0.4938","19.7081"
"190.8550","0.4942","19.7079"
"190.9550","0.4946","19.7141"
"191.0550","0.4951","19.7183"
"191.1550","0.4955","19.7174"
"191.2550","0.4959","19.7218"
"191.3550","0.4963","19.7246"
"191.4550","0.4967","19.7246"
"191.5550","0.4971","19.7295"
"191.6550","0.4976","19.7354"
"191.7550","0.4980","19.7330"
"191.8550","0.4984","19.7393"
"191.9550","0.4988","19.7440"
"192.0550","0.4992","19.7448"
"192.1550","0.4996","19.7489"
"192.2550","0.5001","19.7526"
"192.3550","0.5005","19.7527"
"192.4550","0.5009","19.7568"
"192.5550","0.5013","19.7599"
"192.6550","0.5017","19.7633"
"192.7550","0.5021","19.7673"
"192.8550","0.5026","19.7689"
"192.9550","0.5030","19.7734"
"193.0550","0.5034","19.7784"
"193.1550","0.5038","19.7767"
"193.2550","0.5042","19.7823"
"193.3550","0.5046","19.7839"
"193.4550","0.5051","19.7865"
"193.5550","0.5055","19.7910"
"193.6550","0.5059","19.7972"
"193.7550","0.5063","19.7952"
"193.8550","0.5067","19.8020"
"193.9550","0.5071","19.8051"
"194.0550","0.5076","19.8054"
"194.1550","0.5080","19.8096"
"194.2550","0.5084","19.8161"
"194.3550","0.5088","19.8161"
"194.4550","0.5092","19.8197"
"194.5550","0.5096","19.8221"
"194.6550","0.5101","19.8260"
"194.7550","0.5105","19.8285"
"194.8550","0.5109","19.8320"
"194.9550","0.5113","19.8337"
"195.0550","0.5117","19.8400"
"195.1550","0.5121","19.8398"
"195.2550","0.5126","19.8455"
"195.3550","0.5130","19.8497"
"195.4550","0.5134","19.8475"
"195.5550","0.5138","19.8527"
"195.6550","0.5142","19.8571"
"195.7550","0.5146","19.8570"
"195.8550","0.5151","19.8618"
"195.9550","0.5155","19.8658"
"196.0550","0.5159","19.8671"
"196.1550","0.5163","19.8719"
"196.2550","0.5167","19.8773"
"196.3550","0.5171","19.8766"
"196.4550","0.5176","19.8817"
"196.5550","0.5180","19.8817"
"196.6550","0.5184","19.8848"
"196.7550","0.5188","19.8889"
"196.8550","0.5192","19.8925"
"196.9550","0.5196","19.8948"
"197.0550","0.5201","19.8976"
"197.1550","0.5205","19.8994"
"197.2550","0.5209","19.9058"
"197.3550","0.5213","19.9081"
"197.4550","0.5217","19.9078"
"197.5550","0.5221","19.9160"
"197.6550","0.5226","19.9185"
"197.7550","0.5230","19.9177"
"197.8550","0.5234","19.9245"
"197.9550","0.5238","19.9259"
"198.0550","0.5242","19.9270"
"198.1550","0.5246","19.9318"
"198.2550","0.5251","19.9347"
"198.3550","0.5255","19.9349"
"198.4550","0.5259","19.9415"
"198.5550","0.5263","19.9438"
"198.6550","0.5267","19.9460"
"198.7550","0.5271","19.9499"
"198.8550","0.5276","19.9512"
"198.9550","0.5280","19.9540"
"199.0550","0.5284","19.9583"
"199.1550","0.5288","19.9600"
"199.2550","0.5292","19.9639"
"199.3550","0.5296","19.9680"
"199.4550","0.5301","19.9680"
"199.5550","0.5305","19.9737"
"199.6550","0.5309","19.9757"
"199.7550","0.5313","19.9762"
"199.8550","0.5317","19.9810"
"199.9550","0.5321","19.9833"
"200.0550","0.5326","19.9839"
"200.1550","0.5330","19.9906"
"200.2550","0.5334","19.9920"
"200.3550","0.5338","19.9931"
"200.4550","0.5342","19.9973"
"200.5550","0.5346","20.0010"
"200.6550","0.5351","20.0035"
"200.7550","0.5355","20.0076"
"200.8550","0.5359","20.0106"
"200.9550","0.5363","20.0125"
"201.0550","0.5367","20.0151"
"201.1550","0.5371","20.0199"
"201.2550","0.5376","20.0203"
"201.3550","0.5380","20.0252"
"201.4550","0.5384","20.0242"
"201.5550","0.5388","20.0291"
"201.6550","0.5392","20.0342"
"201.7550","0.5396","20.0355"
"201.8550","0.5401","20.0393"
"201.9550","0.5405","20.0433"
"202.0550","0.5409","20.0429"
"202.1550","0.5413","20.0492"
"202.2550","0.5417","20.0520"
"202.3550","0.5421","20.0519"
"202.4550","0.5426","20.0570"
"202.5550","0.5430","20.0599"
"202.6550","0.5434","20.0601"
"202.7550","0.5438","20.0670"
"202.8550","0.5442","20.0669"
"202.9550","0.5446","20.0708"
"203.0550","0.5451","20.0719"
"203.1550","0.5455","20.0763"
"203.2550","0.5459","20.0786"
"203.3550","0.5463","20.0839"
"203.4550","0.5467","20.0820"
"203.5550","0.5471","20.0872"
"203.6550","0.5476","20.0904"
"203.7550","0.5480","20.0905"
"203.8550","0.5484","20.0959"
"203.9550","0.5488","20.1008"
"204.0550","0.5492","20.0996"
"204.1550","0.5496","20.1032"
"204.2550","0.5501","20.1085"
"204.3550","0.5505","20.1087"
"204.4550","0.5509","20.1127"
"204.5550","0.5513","20.1179"
"204.6550","0.5517","20.1167"
"204.7550","0.5521","20.1205"
"204.8550","0.5526","20.1252"
"204.9550","0.5530","20.1269"
"205.0550","0.5534","20.1280"
"205.1550","0.5538","20.1328"
"205.2550","0.5542","20.1353"
"205.3550","0.5546","20.1383"
"205.4550","0.5551","20.1409"
"205.5550","0.5555","20.1462"
"205.6550","0.5559","20.1467"
"205.7550","0.5563","20.1477"
"205.8550","0.5567","20.1527"
"205.9550","0.5571","20.1563"
"206.0550","0.5576","20.1541"
"206.1550","0.5580","20.1619"
"206.2550","0.5584","20.1603"
"206.3550","0.5588","20.1664"
"206.4550","0.5592","20.1656"
"206.5550","0.5596","20.1726"
"206.6550","0.5601","20.1712"
"206.7550","0.5605","20.1770"
"206.8550","0.5609","20.1790"
"206.9550","0.5613","20.1832"
"207.0550","0.5617","20.1846"
"207.1550","0.5621","20.1869"
"207.2550","0.5626","20.1919"
"207.3550","0.5630","20.1933"
"207.4550","0.5634","20.1959"
"207.5550","0.5638","20.1987"
"207.6550","0.5642","20.2018"
"207.7550","0.5646","20.2018"
"207.8550","0.5651","20.2056"
"207.9550","0.5655","20.2080"
"208.0550","0.5659","20.2096"
"208.1550","0.5663","20.2160"
"208.2550","0.5667","20.2190"
"208.3550","0.5671","20.2172"
"208.4550","0.5676","20.2219"
"208.5550","0.5680","20.2262"
"208.6550","0.5684","20.2259"
"208.7550","0.5688","20.2315"
"208.8550","0.5692","20.2338"
"208.9550","0.5696","20.2354"
"209.0550","0.5701","20.2392"
"209.1550","0.5705","20.2423"
"209.2550","0.5709","20.2421"
"209.3550","0.5713","20.2471"
"209.4550","0.5717","20.2467"
"209.5550","0.5721","20.2512"
"209.6550","0.5726","20.2550"
"209.7550","0.5730","20.2569"
"209.8550","0.5734","20.2608"
"209.9550","0.5738","20.2636"
"210.0550","0.5742","20.2628"
"210.1550","0.5746","20.2680"
"210.2550","0.5751","20.2719"
"210.3550","0.5755","20.2733"
"210.4550","0.5759","20.2766"
"210.5550","0.5763","20.2789"
"210.6550","0.5767","20.2792"
"210.7550","0.5771","20.2860"
"210.8550","0.5776","20.2875"
"210.9550","0.5780","20.2872"
"211.0550","0.5784","20.2935"
"211.1550","0.5788","20.2955"
"211.2550","0.5792","20.2961"
"211.3550","0.5796","20.3016"
"211.4550","0.5801","20.3028"
"211.5550","0.5805","20.3047"
"211.6550","0.5809","20.3098"
"211.7550","0.5813","20.3088"
"211.8550","0.5817","20.3135"
"211.9550","0.5821","20.3169"
"212.0550","0.5826","20.3173"
"212.1550","0.5830","20.3231"
"212.2550","0.5834","20.3259"
"212.3550","0.5838","20.3249"
"212.4550","0.5842","20.3281"
"212.5550","0.5846","20.3320"
"212.6550","0.5851","20.3323"
"212.7550","0.5855","20.3350"
"212.8550","0.5859","20.3409"
"212.9550","0.5863","20.3418"
"213.0550","0.5867","20.3450"
"213.1550","0.5871","20.3484"
"213.2550","0.5876","20.3490"
"213.3550","0.5880","20.3525"
"213.4550","0.5884","20.3557"
"213.5550","0.5888","20.3582"
"213.6550","0.5892","20.3602"
"213.7550","0.5896","20.3629"
"213.8550","0.5901","20.3656"
"213.9550","0.5905","20.3691"
"214.0550","0.5909","20.3722"
"214.1550","0.5913","20.3728"
"214.2550","0.5917","20.3768"
"214.3550","0.5921","20.3757"
"214.4550","0.5926","20.3826"
"214.5550","0.5930","20.3857"
"214.6550","0.5934","20.3860"
"214.7550","0.5938","20.3903"
"214.8550","0.5942","20.3932"
"214.9550","0.5946","20.3924"
"215.0550","0.5951","20.3966"
"215.1550","0.5955","20.4015"
"215.2550","0.5959","20.4019"
"215.3550","0.5963","20.4049"
"215.4550","0.5967","20.4072"
"215.5550","0.5971","20.4102"
"215.6550","0.5976","20.4162"
"215.7550","0.5980","20.4147"
"215.8550","0.5984","20.4205"
"215.9550","0.5988","20.4225"
"216.0550","0.5992","20.4223"
"216.1550","0.5996","20.4263"
"216.2550","0.6001","20.4306"
"216.3550","0.6005","20.4275"
"216.4550","0.6009","20.4354"
"216.5550","0.6013","20.4365"
"216.6550","0.6017","20.4380"
"216.7550","0.6021","20.4425"
"216.8550","0.6026","20.4450"
"216.9550","0.6030","20.4470"
"217.0550","0.6034","20.4493"
"217.1550","0.6038","20.4527"
"217.2550","0.6042","20.4540"
"217.3550","0.6046","20.4560"
"217.4550","0.6051","20.4615"
"217.5550","0.6055","20.4599"
"217.6550","0.6059","20.4647"
"217.7550","0.6063","20.4671"
"217.8550","0.6067","20.4715"
"217.9550","0.6071","20.4738"
"218.0550","0.6076","20.4759"
"218.1550","0.6080","20.4800"
"218.2550","0.6084","20.4821"
"218.3550","0.6088","20.4828"
"218.4550","0.6092","20.4874"
"218.5550","0.6096","20.4900"
"218.6550","0.6101","20.4916"
"218.7550","0.6105","20.4960"
"218.8550","0.6109","20.5000"
"218.9550","0.6113","20.4965"
"219.0550","0.6117","20.5045"
"219.1550","0.6121","20.5055"
"219.2550","0.6126","20.5064"
"219.3550","0.6130","20.5099"
"219.4550","0.6134","20.5132"
"219.5550","0.6138","20.5138"
"219.6550","0.6142","20.5177"
"219.7550","0.6146","20.5210"
"219.8550","0.6151","20.5228"
"219.9550","0.6155","20.5251"
"220.0550","0.6159","20.5262"
"220.1550","0.6163","20.5307"
"220.2550","0.6167","20.5339"
"220.3550","0.6171","20.5332"
"220.4550","0.6176","20.5380"
"220.5550","0.6180","20.5402"
"220.6550","0.6184","20.5380"
"220.7550","0.6188","20.5419"
"220.8550","0.6192","20.5449"
"220.9550","0.6196","20.5453"
"221.0550","0.6201","20.5517"
"221.1550","0.6205","20.5532"
"221.2550","0.6209","20.5527"
"221.3550","0.6213","20.5588"
"221.4550","0.6217","20.5614"
"221.5550","0.6221","20.5606"
"221.6550","0.6226","20.5660"
"221.7550","0.6230","20.5680"
"221.8550","0.6234","20.5694"
"221.9550","0.6238","20.5712"
"222.0550","0.6242","20.5751"
"222.1550","0.6246","20.5774"
"222.2550","0.6251","20.5816"
"222.3550","0.6255","20.5823"
"222.4550","0.6259","20.5854"
"222.5550","0.6263","20.5890"
"222.6550","0.6267","20.5885"
"222.7550","0.6271","20.5948"
"222.8550","0.6276","20.5967"
"222.9550","0.6280","20.5950"
"223.0550","0.6284","20.5993"
"223.1550","0.6288","20.6021"
"223.2550","0.6292","20.6034"
"223.3550","0.6296","20.6088"
"223.4550","0.6301","20.6108"
"223.5550","0.6305","20.6114"
"223.6550","0.6309","20.6157"
"223.7550","0.6313","20.6168"
"223.8550","0.6317","20.6189"
"223.9550","0.6321","20.6230"
"224.0550","0.6326","20.6238"
"224.1550","0.6330","20.6249"
"224.2550","0.6334","20.6298"
"224.3550","0.6338","20.6306"
"224.4550","0.6342","20.6328"
"224.5550","0.6346","20.6364"
"224.6550","0.6351","20.6366"
"224.7550","0.6355","20.6404"
"224.8550","0.6359","20.6427"
"224.9550","0.6363","20.6424"
"225.0550","0.6367","20.6463"
"225.1550","0.6371","20.6495"
"225.2550","0.6376","20.6489"
"225.3550","0.6380","20.6545"
"225.4550","0.6384","20.6542"
"225.5550","0.6388","20.6561"
"225.6550","0.6392","20.6583"
"225.7550","0.6396","20.6625"
"225.8550","0.6401","20.6651"
"225.9550","0.6405","20.6668"
"226.0550","0.6409","20.6693"
"226.1550","0.6413","20.6729"
"226.2550","0.6417","20.6730"
"226.3550","0.6421","20.6747"
"226.4550","0.6426","20.6797"
"226.5550","0.6430","20.6800"
"226.6550","0.6434","20.6827"
"226.7550","0.6438","20.6873"
"226.8550","0.6442","20.6893"
"226.9550","0.6446","20.6914"
"227.0550","0.6451","20.6928"
"227.1550","0.6455","20.6956"
"227.2550","0.6459","20.6947"
"227.3550","0.6463","20.6995"
"227.4550","0.6467","20.7011"
"227.5550","0.6471","20.7043"
"227.6550","0.6476","20.7082"
"227.7550","0.6480","20.7110"
"227.8550","0.6484","20.7102"
"227.9550","0.6488","20.7153"
"228.0550","0.6492","20.7184"
"228.1550","0.6496","20.7219"
"228.2550","0.6501","20.7242"
"228.3550","0.6505","20.7243"
"228.4550","0.6509","20.7276"
"228.5550","0.6513","20.7319"
"228.6550","0.6517","20.7296"
"228.7550","0.6521","20.7362"
"228.8550","0.6526","20.7366"
"228.9550","0.6530","20.7353"
"229.0550","0.6534","20.7408"
"229.1550","0.6538","20.7450"
"229.2550","0.6542","20.7436"
"229.3550","0.6546","20.7495"
"229.4550","0.6551","20.7518"
"229.5550","0.6555","20.7503"
"229.6550","0.6559","20.7526"
"229.7550","0.6563","20.7571"
"229.8550","0.6567","20.7590"
"229.9550","0.6571","20.7606"
"230.0550","0.6576","20.7634"
"230.1550","0.6580","20.7667"
"230.2550","0.6584","20.7687"
"230.3550","0.6588","20.7718"
"230.4550","0.6592","20.7712"
"230.5550","0.6596","20.7759"
"230.6550","0.6601","20.7776"
"230.7550","0.6605","20.7815"
"230.8550","0.6609","20.7832"
"230.9550","0.6613","20.7823"
"231.0550","0.6617","20.7876"
"231.1550","0.6621","20.7899"
"231.2550","0.6626","20.7902"
"231.3550","0.6630","20.7941"
"231.4550","0.6634","20.7981"
"231.5550","0.6638","20.7979"
"231.6550","0.6642","20.8032"
"231.7550","0.6647","20.8063"
"231.8550","0.6651","20.8049"
"231.9550","0.6655","20.8088"
"232.0550","0.6659","20.8093"
"232.1550","0.6663","20.8107"
"232.2550","0.6667","20.8137"
"232.3550","0.6671","20.8182"
"232.4550","0.6676","20.8179"
"232.5550","0.6680","20.8209"
"232.6550","0.6684","20.8231"
"232.7550","0.6688","20.8268"
"232.8550","0.6692","20.8272"
"232.9550","0.6696","20.8297"
"233.0550","0.6701","20.8324"
"233.1550","0.6705","20.8349"
"233.2550","0.6709","20.8340"
"233.3550","0.6713","20.8397"
"233.4550","0.6717","20.8420"
"233.5550","0.6721","20.8412"
"233.6550","0.6726","20.8431"
"233.7550","0.6730","20.8492"
"233.8550","0.6734","20.8474"
"233.9550","0.6738","20.8522"
"234.0550","0.6742","20.8544"
"234.1550","0.6746","20.8537"
"234.2550","0.6751","20.8561"
"234.3550","0.6755","20.8599"
"234.4550","0.6759","20.8610"
"234.5550","0.6763","20.8675"
"234.6550","0.6767","20.8677"
"234.7550","0.6771","20.8721"
"234.8550","0.6776","20.8716"
"234.9550","0.6780","20.8742"
"235.0550","0.6784","20.8776"
"235.1550","0.6788","20.8799"
"235.2550","0.6792","20.8802"
"235.3550","0.6796","20.8856"
"235.4550","0.6801","20.8846"
"235.5550","0.6805","20.8865"
"235.6550","0.6809","20.8915"
"235.7550","0.6813","20.8937"
"235.8550","0.6817","20.8949"
"235.9550","0.6821","20.8991"
"236.0550","0.6826","20.9002"
"236.1550","0.6830","20.9007"
"236.2550","0.6834","20.9043"
"236.3550","0.6838","20.9072"
"236.4550","0.6842","20.9088"
"236.5550","0.6846","20.9123"
"236.6550","0.6851","20.9129"
"236.7550","0.6855","20.9149"
"236.8550","0.6859","20.9177"
"236.9550","0.6863","20.9174"
"237.0550","0.6867","20.9229"
"237.1550","0.6871","20.9261"
"237.2550","0.6876","20.9228"
"237.3550","0.6880","20.9276"
"237.4550","0.6884","20.9305"
"237.5550","0.6888","20.9293"
"237.6550","0.6892","20.9344"
"237.7550","0.6896","20.9363"
"237.8550","0.6901","20.9352"
"237.9550","0.6905","20.9390"
"238.0550","0.6909","20.9410"
"238.1550","0.6913","20.9411"
"238.2550","0.6917","20.9451"
"238.3550","0.6921","20.9438"
"238.4550","0.6926","20.9467"
"238.5550","0.6930","20.9503"
"238.6550","0.6934","20.9530"
"238.7550","0.6938","20.9548"
"238.8550","0.6942","20.9571"
"238.9550","0.6946","20.9563"
"239.0550","0.6951","20.9590"
"239.1550","0.6955","20.9614"
"239.2550","0.6959","20.9623"
"239.3550","0.6963","20.9661"
"239.4550","0.6967","20.9688"
"239.5550","0.6971","20.9696"
"239.6550","0.6976","20.9735"
"239.7550","0.6980","20.9763"
"239.8550","0.6984","20.9759"
"239.9550","0.6988","20.9785"
"240.0550","0.6992","20.9846"
"240.1550","0.6996","20.9802"
"240.2550","0.7001","20.9839"
"240.3550","0.7005","20.9867"
"240.4550","0.7009","20.9891"
"240.5550","0.7013","20.9923"
"240.6550","0.7017","20.9935"
"240.7550","0.7021","20.9945"
"240.8550","0.7026","20.9991"
"240.9550","0.7030","20.9997"
"241.0550","0.7034","21.0019"
"241.1550","0.7038","21.0059"
"241.2550","0.7042","21.0061"
"241.3550","0.7046","21.0096"
"241.4550","0.7051","21.0139"
"241.5550","0.7055","21.0087"
"241.6550","0.7059","21.0155"
"241.7550","0.7063","21.0179"
"241.8550","0.7067","21.0181"
"241.9550","0.7071","21.0218"
"242.0550","0.7076","21.0270"
"242.1550","0.7080","21.0226"
"242.2550","0.7084","21.0274"
"242.3550","0.7088","21.0306"
"242.4550","0.7092","21.0284"
"242.5550","0.7096","21.0310"
"242.6550","0.7101","21.0346"
"242.7550","0.7105","21.0370"
"242.8550","0.7109","21.0393"
"242.9550","0.7113","21.0411"
"243.0550","0.7117","21.0441"
"243.1550","0.7121","21.0433"
"243.2550","0.7126","21.0467"
"243.3550","0.7130","21.0463"
"243.4550","0.7134","21.0519"
"243.5550","0.7138","21.0525"
"243.6550","0.7142","21.0557"
"243.7550","0.7146","21.0577"
"243.8550","0.7151","21.0575"
"243.9550","0.7155","21.0621"
"244.0550","0.7159","21.0650"
"244.1550","0.7163","21.0638"
"244.2550","0.7167","21.0685"
"244.3550","0.7171","21.0685"
"244.4550","0.7176","21.0704"
"244.5550","0.7180","21.0730"
"244.6550","0.7184","21.0773"
"244.7550","0.7188","21.0757"
"244.8550","0.7192","21.0800"
"244.9550","0.7196","21.0814"
"245.0550","0.7201","21.0840"
"245.1550","0.7205","21.0861"
"245.2550","0.7209","21.0882"
"245.3550","0.7213","21.0919"
"245.4550","0.7217","21.0926"
"245.5550","0.7221","21.0929"
"245.6550","0.7226","21.0957"
"245.7550","0.7230","21.0974"
"245.8550","0.7234","21.0990"
"245.9550","0.7238","21.1036"
"246.0550","0.7242","21.1044"
"246.1550","0.7246","21.1034"
"246.2550","0.7251","21.1086"
"246.3550","0.7255","21.1115"
"246.4550","0.7259","21.1097"
"246.5550","0.7263","21.1125"
"246.6550","0.7267","21.1142"
"246.7550","0.7271","21.1142"
"246.8550","0.7276","21.1177"
"246.9550","0.7280","21.1212"
"247.0550","0.7284","21.1204"
"247.1550","0.7288","21.1226"
"247.2550","0.7292","21.1258"
"247.3550","0.7296","21.1284"
"247.4550","0.7301","21.1325"
"247.5550","0.7305","21.1314"
"247.6550","0.7309","21.1374"
"247.7550","0.7313","21.1383"
"247.8550","0.7317","21.1371"
"247.9550","0.7321","21.1408"
"248.0550","0.7326","21.1415"
"248.1550","0.7330","21.1419"
"248.2550","0.7334","21.1460"
"248.3550","0.7338","21.1470"
"248.4550","0.7342","21.1475"
"248.5550","0.7346","21.1543"
"248.6550","0.7351","21.1530"
"248.7550","0.7355","21.1548"
"248.8550","0.7359","21.1583"
"248.9550","0.7363","21.1599"
"249.0550","0.7367","21.1608"
"249.1550","0.7371","21.1638"
"249.2550","0.7376","21.1648"
"249.3550","0.7380","21.1675"
"249.4550","0.7384","21.1704"
"249.5550","0.7388","21.1715"
"249.6550","0.7392","21.1737"
"249.7550","0.7396","21.1775"
"249.8550","0.7401","21.1758"
"249.9550","0.7405","21.1806"
"250.0550","0.7409","21.1829"
"250.1550","0.7413","21.1798"
"250.2550","0.7417","21.1827"
"250.3550","0.7421","21.1864"
"250.4550","0.7426","21.1870"
"250.5550","0.7430","21.1900"
"250.6550","0.7434","21.1931"
"250.7550","0.7438","21.1937"
"250.8550","0.7442","21.1970"
"250.9550","0.7446","21.1997"
"251.0550","0.7451","21.1981"
"251.1550","0.7455","21.2038"
"251.2550","0.7459","21.2033"
"251.3550","0.7463","21.2056"
"251.4550","0.7467","21.2067"
"251.5550","0.7471","21.2083"
"251.6550","0.7476","21.2107"
"251.7550","0.7480","21.2152"
"251.8550","0.7484","21.2145"
"251.9550","0.7488","21.2184"
"252.0550","0.7492","21.2183"
"252.1550","0.7496","21.2175"
"252.2550","0.7501","21.2216"
"252.3550","0.7505","21.2252"
"252.4550","0.7509","21.2255"
"252.5550","0.7513","21.2276"
"252.6550","0.7517","21.2302"
"252.7550","0.7521","21.2327"
"252.8550","0.7526","21.2346"
"252.9550","0.7530","21.2387"
"253.0550","0.7534","21.2372"
"253.1550","0.7538","21.2401"
"253.2550","0.7542","21.2413"
"253.3550","0.7546","21.2417"
"253.4550","0.7551","21.2439"
"253.5550","0.7555","21.2465"
"253.6550","0.7559","21.2473"
"253.7550","0.7563","21.2518"
"253.8550","0.7567","21.2501"
"253.9550","0.7571","21.2534"
"254.0550","0.7576","21.2563"
"254.1550","0.7580","21.2569"
"254.2550","0.7584","21.2594"
"254.3550","0.7588","21.2629"
"254.4550","0.7592","21.2585"
"254.5550","0.7596","21.2639"
"254.6550","0.7601","21.2653"
"254.7550","0.7605","21.2648"
"254.8550","0.7609","21.2697"
"254.9550","0.7613","21.2723"
"255.0550","0.7617","21.2704"
"255.1550","0.7621","21.2749"
"255.2550","0.7626","21.2779"
"255.3550","0.7630","21.2795"
"255.4550","0.7634","21.2810"
"255.5550","0.7638","21.2829"
"255.6550","0.7642","21.2852"
"255.7550","0.7646","21.2868"
"255.8550","0.7651","21.2865"
"255.9550","0.7655","21.2921"
"256.0550","0.7659","21.2919"
"256.1550","0.7663","21.2934"
"256.2550","0.7667","21.2944"
"256.3550","0.7671","21.2991"
"256.4550","0.7676","21.2987"
"256.5550","0.7680","21.3042"
"256.6550","0.7684","21.3035"
"256.7550","0.7688","21.3032"
"256.8550","0.7692","21.3070"
"256.9550","0.7696","21.3088"
"257.0550","0.7701","21.3095"
"257.1550","0.7705","21.3153"
"257.2550","0.7709","21.3162"
"257.3550","0.7713","21.3167"
"257.4550","0.7717","21.3193"
"257.5550","0.7721","21.3209"
"257.6550","0.7726","21.3235"
"257.7550","0.7730","21.3256"
"257.8550","0.7734","21.3249"
"257.9550","0.7738","21.3276"
"258.0550","0.7742","21.3280"
"258.1550","0.7746","21.3297"
"258.2550","0.7751","21.3338"
"258.3550","0.7755","21.3353"
"258.4550","0.7759","21.3345"
"258.5550","0.7763","21.3377"
"258.6550","0.7767","21.3399"
"258.7550","0.7771","21.3400"
"258.8550","0.7776","21.3445"
"258.9550","0.7780","21.3459"
"259.0550","0.7784","21.3441"
"259.1550","0.7788","21.3478"
"259.2550","0.7792","21.3495"
"259.3550","0.7796","21.3492"
"259.4550","0.7801","21.3523"
"259.5550","0.7805","21.3539"
"259.6550","0.7809","21.3551"
"259.7550","0.7813","21.3575"
"259.8550","0.7817","21.3588"
"259.9550","0.7821","21.3609"
"260.0550","0.7826","21.3635"
"260.1550","0.7830","21.3623"
"260.2550","0.7834","21.3670"
"260.3550","0.7838","21.3691"
"260.4550","0.7842","21.3678"
"260.5550","0.7846","21.3736"
"260.6550","0.7851","21.3749"
"260.7550","0.7855","21.3730"
"260.8550","0.7859","21.3781"
"260.9550","0.7863","21.3791"
"261.0550","0.7867","21.3773"
"261.1550","0.7871","21.3816"
"261.2550","0.7876","21.3839"
"261.3550","0.7880","21.3831"
"261.4550","0.7884","21.3872"
"261.5550","0.7888","21.3858"
"261.6550","0.7892","21.3892"
"261.7550","0.7896","21.3912"
"261.8550","0.7901","21.3924"
"261.9550","0.7905","21.3960"
"262.0550","0.7909","21.3960"
"262.1550","0.7913","21.3975"
"262.2550","0.7917","21.3982"
"262.3550","0.7921","21.4000"
"262.4550","0.7926","21.4008"
"262.5550","0.7930","21.4024"
"262.6550","0.7934","21.4060"
"262.7550","0.7938","21.4033"
"262.8550","0.7942","21.4093"
"262.9550","0.7946","21.4118"
"263.0550","0.7951","21.4104"
"263.1550","0.7955","21.4132"
"263.2550","0.7959","21.4144"
"263.3550","0.7963","21.4140"
"263.4550","0.7967","21.4183"
"263.5550","0.7971","21.4204"
"263.6550","0.7976","21.4203"
"263.7550","0.7980","21.4228"
"263.8550","0.7984","21.4252"
"263.9550","0.7988","21.4266"
"264.0550","0.7992","21.4289"
"264.1550","0.7996","21.4277"
"264.2550","0.8001","21.4327"
"264.3550","0.8005","21.4329"
"264.4550","0.8009","21.4328"
"264.5550","0.8013","21.4357"
"264.6550","0.8017","21.4392"
"264.7550","0.8021","21.4374"
"264.8550","0.8026","21.4412"
"264.9550","0.8030","21.4428"
"265.0550","0.8034","21.4406"
"265.1550","0.8038","21.4451"
"265.2550","0.8042","21.4490"
"265.3550","0.8046","21.4502"
"265.4550","0.8051","21.4523"
"265.5550","0.8055","21.4534"
"265.6550","0.8059","21.4540"
"265.7550","0.8063","21.4556"
"265.8550","0.8067","21.4576"
"265.9550","0.8071","21.4584"
"266.0550","0.8076","21.4626"
"266.1550","0.8080","21.4618"
"266.2550","0.8084","21.4645"
"266.3550","0.8088","21.4649"
"266.4550","0.8092","21.4652"
"266.5550","0.8096","21.4690"
"266.6550","0.8101","21.4712"
"266.7550","0.8105","21.4696"
"266.8550","0.8109","21.4740"
"266.9550","0.8113","21.4751"
"267.0550","0.8117","21.4761"
"267.1550","0.8121","21.4783"
"267.2550","0.8126","21.4832"
"267.3550","0.8130","21.4792"
"267.4550","0.8134","21.4838"
"267.5550","0.8138","21.4845"
"267.6550","0.8142","21.4853"
"267.7550","0.8146","21.4885"
"267.8550","0.8151","21.4904"
"267.9550","0.8155","21.4896"
"268.0550","0.8159","21.4922"
"268.1550","0.8163","21.4934"
"268.2550","0.8167","21.4968"
"268.3550","0.8171","21.4967"
"268.4550","0.8176","21.4980"
"268.5550","0.8180","21.5028"
"268.6550","0.8184","21.5033"
"268.7550","0.8188","21.5027"
"268.8550","0.8192","21.5068"
"268.9550","0.8196","21.5068"
"269.0550","0.8201","21.5065"
"269.1550","0.8205","21.5085"
"269.2550","0.8209","21.5117"
"269.3550","0.8213","21.5080"
"269.4550","0.8217","21.5170"
"269.5550","0.8221","21.5183"
"269.6550","0.8226","21.5161"
"269.7550","0.8230","21.5189"
"269.8550","0.8234","21.5200"
"269.9550","0.8238","21.5216"
"270.0550","0.8242","21.5251"
"270.1550","0.8246","21.5252"
"270.2550","0.8251","21.5259"
"270.3550","0.8255","21.5266"
"270.4550","0.8259","21.5280"
"270.5550","0.8263","21.5299"
"270.6550","0.8267","21.5330"
"270.7550","0.8271","21.5328"
"270.8550","0.8276","21.5342"
"270.9550","0.8280","21.5354"
"271.0550","0.8284","21.5355"
"271.1550","0.8288","21.5390"
"271.2550","0.8292","21.5388"
"271.3550","0.8296","21.5391"
"271.4550","0.8301","21.5412"
"271.5550","0.8305","21.5430"
"271.6550","0.8309","21.5433"
"271.7550","0.8313","21.5452"
"271.8550","0.8317","21.5482"
"271.9550","0.8321","21.5470"
"272.0550","0.8326","21.5516"
"272.1550","0.8330","21.5511"
"272.2550","0.8334","21.5514"
"272.3550","0.8338","21.5522"
"272.4550","0.8342","21.5540"
"272.5550","0.8346","21.5576"
"272.6550","0.8351","21.5592"
"272.7550","0.8355","21.5599"
"272.8550","0.8359","21.5616"
"272.9550","0.8363","21.5635"
"273.0550","0.8367","21.5624"
"273.1550","0.8371","21.5659"
"273.2550","0.8376","21.5673"
"273.3550","0.8380","21.5654"
"273.4550","0.8384","21.5698"
"273.5550","0.8388","21.5708"
"273.6550","0.8392","21.5698"
"273.7550","0.8396","21.5748"
"273.8550","0.8401","21.5738"
"273.9550","0.8405","21.5754"
"274.0550","0.8409","21.5799"
"274.1550","0.8413","21.5804"
"274.2550","0.8417","21.5824"
"274.3550","0.8421","21.5855"
"274.4550","0.8426","21.5842"
"274.5550","0.8430","21.5868"
"274.6550","0.8434","21.5881"
"274.7550","0.8438","21.5886"
"274.8550","0.8442","21.5947"
"274.9550","0.8446","21.5955"
"275.0550","0.8451","21.5957"
"275.1550","0.8455","21.5974"
"275.2550","0.8459","21.5989"
"275.3550","0.8463","21.5997"
"275.4550","0.8467","21.6018"
"275.5550","0.8471","21.6059"
"275.6550","0.8476","21.6004"
"275.7550","0.8480","21.6054"
"275.8550","0.8484","21.6074"
"275.9550","0.8488","21.6090"
"276.0550","0.8492","21.6113"
"276.1550","0.8496","21.6135"
"276.2550","0.8501","21.6118"
"276.3550","0.8505","21.6154"
"276.4550","0.8509","21.6161"
"276.5550","0.8513","21.6175"
"276.6550","0.8517","21.6198"
"276.7550","0.8521","21.6198"
"276.8550","0.8526","21.6217"
"276.9550","0.8530","21.6254"
"277.0550","0.8534","21.6223"
"277.1550","0.8538","21.6271"
"277.2550","0.8542","21.6282"
"277.3550","0.8546","21.6274"
"277.4550","0.8551","21.6294"
"277.5550","0.8555","21.6333"
"277.6550","0.8559","21.6312"
"277.7550","0.8563","21.6350"
"277.8550","0.8567","21.6362"
"277.9550","0.8571","21.6355"
"278.0550","0.8576","21.6382"
"278.1550","0.8580","21.6404"
"278.2550","0.8584","21.6413"
"278.3550","0.8588","21.6426"
"278.4550","0.8592","21.6438"
"278.5550","0.8596","21.6457"
"278.6550","0.8601","21.6473"
"278.7550","0.8605","21.6467"
"278.8550","0.8609","21.6472"
"278.9550","0.8613","21.6501"
"279.0550","0.8617","21.6474"
"279.1550","0.8621","21.6523"
"279.2550","0.8626","21.6527"
"279.3550","0.8630","21.6512"
"279.4550","0.8634","21.6566"
"279.5550","0.8638","21.6587"
"279.6550","0.8642","21.6567"
"279.7550","0.8646","21.6599"
"279.8550","0.8651","21.6612"
"279.9550","0.8655","21.6595"
"280.0550","0.8659","21.6635"
"280.1550","0.8663","21.6653"
"280.2550","0.8667","21.6630"
"280.3550","0.8671","21.6650"
"280.4550","0.8676","21.6645"
"280.5550","0.8680","21.6657"
"280.6550","0.8684","21.6693"
"280.7550","0.8688","21.6713"
"280.8550","0.8692","21.6705"
"280.9550","0.8696","21.6719"
"281.0550","0.8701","21.6730"
"281.1550","0.8705","21.6752"
"281.2550","0.8709","21.6789"
"281.3550","0.8713","21.6785"
"281.4550","0.8717","21.6803"
"281.5550","0.8721","21.6827"
"281.6550","0.8726","21.6812"
"281.7550","0.8730","21.6859"
"281.8550","0.8734","21.6861"
"281.9550","0.8738","21.6848"
"282.0550","0.8742","21.6873"
"282.1550","0.8746","21.6896"
"282.2550","0.8751","21.6893"
"282.3550","0.8755","21.6934"
"282.4550","0.8759","21.6941"
"282.5550","0.8763","21.6940"
"282.6550","0.8767","21.6962"
"282.7550","0.8771","21.6973"
"282.8550","0.8776","21.6977"
"282.9550","0.8780","21.7006"
"283.0550","0.8784","21.7018"
"283.1550","0.8788","21.7047"
"283.2550","0.8792","21.7050"
"283.3550","0.8796","21.7049"
"283.4550","0.8801","21.7064"
"283.5550","0.8805","21.7089"
"283.6550","0.8809","21.7082"
"283.7550","0.8813","21.7101"
"283.8550","0.8817","21.7112"
"283.9550","0.8821","21.7146"
"284.0550","0.8826","21.7260"
"284.1550","0.8830","21.7283"
"284.2550","0.8834","21.7161"
"284.3550","0.8838","21.7237"
"284.4550","0.8842","21.7175"
"284.5550","0.8846","21.7261"
"284.6550","0.8851","21.7197"
"284.7550","0.8855","21.7228"
"284.8550","0.8859","21.7248"
"284.9550","0.8863","21.7290"
"285.0550","0.8867","21.7303"
"285.1550","0.8871","21.7315"
"285.2550","0.8876","21.7319"
"285.3550","0.8880","21.7305"
"285.4550","0.8884","21.7348"
"285.5550","0.8888","21.7363"
"285.6550","0.8892","21.7349"
"285.7550","0.8896","21.7376"
"285.8550","0.8901","21.7414"
"285.9550","0.8905","21.7395"
"286.0550","0.8909","21.7431"
"286.1550","0.8913","21.7431"
"286.2550","0.8917","21.7403"
"286.3550","0.8921","21.7446"
"286.4550","0.8926","21.7484"
"286.5550","0.8930","21.7475"
"286.6550","0.8934","21.7513"
"286.7550","0.8938","21.7499"
"286.8550","0.8942","21.7523"
"286.9550","0.8946","21.7534"
"287.0550","0.8951","21.7534"
"287.1550","0.8955","21.7553"
"287.2550","0.8959","21.7589"
"287.3550","0.8963","21.7565"
"287.4550","0.8967","21.7599"
"287.5550","0.8971","21.7612"
"287.6550","0.8976","21.7612"
"287.7550","0.8980","21.7633"
"287.8550","0.8984","21.7652"
"287.9550","0.8988","21.7636"
"288.0550","0.8992","21.7655"
"288.1550","0.8996","21.7687"
"288.2550","0.9001","21.7685"
"288.3550","0.9005","21.7687"
"288.4550","0.9009","21.7717"
"288.5550","0.9013","21.7692"
"288.6550","0.9017","21.7714"
"288.7550","0.9021","21.7745"
"288.8550","0.9026","21.7759"
"288.9550","0.9030","21.7759"
"289.0550","0.9034","21.7777"
"289.1550","0.9038","21.7769"
"289.2550","0.9042","21.7801"
"289.3550","0.9046","21.7817"
"289.4550","0.9051","21.7827"
"289.5550","0.9055","21.7863"
"289.6550","0.9059","21.7847"
"289.7550","0.9063","21.7867"
"289.8550","0.9067","21.7900"
"289.9550","0.9071","21.7864"
"290.0550","0.9076","21.7931"
"290.1550","0.9080","21.7900"
"290.2550","0.9084","21.7930"
"290.3550","0.9088","21.7944"
"290.4550","0.9092","21.7966"
"290.5550","0.9096","21.7953"
"290.6550","0.9101","21.7990"
"290.7550","0.9105","21.8003"
"290.8550","0.9109","21.7992"
"290.9550","0.9113","21.8011"
"291.0550","0.9117","21.8026"
"291.1550","0.9121","21.8043"
"291.2550","0.9126","21.8052"
"291.3550","0.9130","21.8070"
"291.4550","0.9134","21.8081"
"291.5550","0.9138","21.8079"
"291.6550","0.9142","21.8089"
"291.7550","0.9146","21.8105"
"291.8550","0.9151","21.8117"
"291.9550","0.9155","21.8099"
"292.0550","0.9159","21.8140"
"292.1550","0.9163","21.8148"
"292.2550","0.9167","21.8123"
"292.3550","0.9171","21.8158"
"292.4550","0.9176","21.8194"
"292.5550","0.9180","21.8193"
"292.6550","0.9184","21.8232"
"292.7550","0.9188","21.8243"
"292.8550","0.9192","21.8227"
"292.9550","0.9196","21.8242"
"293.0550","0.9201","21.8269"
"293.1550","0.9205","21.8267"
"293.2550","0.9209","21.8285"
"293.3550","0.9213","21.8274"
"293.4550","0.9217","21.8190"
"293.5550","0.9221","21.8187"
"293.6550","0.9226","21.8302"
"293.7550","0.9230","21.8333"
"293.8550","0.9234","21.8392"
"293.9550","0.9238","21.8362"
"294.0550","0.9242","21.8401"
"294.1550","0.9246","21.8425"
"294.2550","0.9251","21.8393"
"294.3550","0.9255","21.8441"
"294.4550","0.9259","21.8429"
"294.5550","0.9263","21.8427"
"294.6550","0.9267","21.8471"
"294.7550","0.9271","21.8480"
"294.8550","0.9276","21.8483"
"294.9550","0.9280","21.8511"
"295.0550","0.9284","21.8509"
"295.1550","0.9288","21.8509"
"295.2550","0.9292","21.8546"
"295.3550","0.9296","21.8546"
"295.4550","0.9301","21.8524"
"295.5550","0.9305","21.8557"
"295.6550","0.9309","21.8538"
"295.7550","0.9313","21.8578"
"295.8550","0.9317","21.8599"
"295.9550","0.9321","21.8569"
"296.0550","0.9326","21.8613"
"296.1550","0.9330","21.8624"
"296.2550","0.9334","21.8605"
"296.3550","0.9338","21.8642"
"296.4550","0.9342","21.8634"
"296.5550","0.9346","21.8617"
"296.6550","0.9351","21.8644"
"296.7550","0.9355","21.8673"
"296.8550","0.9359","21.8661"
"296.9550","0.9363","21.8680"
"297.0550","0.9367","21.8677"
"297.1550","0.9371","21.8687"
"297.2550","0.9376","21.8715"
"297.3550","0.9380","21.8716"
"297.4550","0.9384","21.8727"
"297.5550","0.9388","21.8727"
"297.6550","0.9392","21.8740"
"297.7550","0.9396","21.8757"
"297.8550","0.9401","21.8766"
"297.9550","0.9405","21.8788"
"298.0550","0.9409","21.8778"
"298.1550","0.9413","21.8803"
"298.2550","0.9417","21.8786"
"298.3550","0.9421","21.8828"
"298.4550","0.9426","21.8830"
"298.5550","0.9430","21.8824"
"298.6550","0.9434","21.8842"
"298.7550","0.9438","21.8866"
"298.8550","0.9442","21.8847"
"298.9550","0.9446","21.8891"
"299.0550","0.9451","21.8916"
"299.1550","0.9455","21.8906"
"299.2550","0.9459","21.8933"
"299.3550","0.9463","21.8941"
"299.4550","0.9467","21.8923"
"299.5550","0.9471","21.8979"
"299.6550","0.9476","21.8959"
"299.7550","0.9480","21.8976"
"299.8550","0.9484","21.8966"
"299.9550","0.9488","21.8970"
"300.0550","0.9492","21.9023"
"300.1550","0.9496","21.9035"
"300.2550","0.9501","21.9033"
"300.3550","0.9505","21.9054"
"300.4550","0.9509","21.9044"
"300.5550","0.9513","21.9031"
"300.6550","0.9517","21.9062"
"300.7550","0.9521","21.9092"
"300.8550","0.9526","21.9086"
"300.9550","0.9530","21.9093"
"301.0550","0.9534","21.9121"
"301.1550","0.9538","21.9099"
"301.2550","0.9542","21.9113"
"301.3550","0.9546","21.9160"
"301.4550","0.9551","21.9130"
"301.5550","0.9555","21.9150"
"301.6550","0.9559","21.9158"
"301.7550","0.9563","21.9199"
"301.8550","0.9567","21.9189"
"301.9550","0.9571","21.9196"
"302.0550","0.9576","21.9208"
"302.1550","0.9580","21.9219"
"302.2550","0.9584","21.9222"
"302.3550","0.9588","21.9254"
"302.4550","0.9592","21.9269"
"302.5550","0.9596","21.9265"
"302.6550","0.9601","21.9270"
"302.7550","0.9605","21.9309"
"302.8550","0.9609","21.9271"
"302.9550","0.9613","21.9332"
"303.0550","0.9617","21.9327"
"303.1550","0.9621","21.9331"
"303.2550","0.9626","21.9360"
"303.3550","0.9630","21.9362"
"303.4550","0.9634","21.9379"
"303.5550","0.9638","21.9376"
"303.6550","0.9642","21.9395"
"303.7550","0.9646","21.9407"
"303.8550","0.9651","21.9414"
"303.9550","0.9655","21.9427"
"304.0550","0.9659","21.9443"
"304.1550","0.9663","21.9458"
"304.2550","0.9667","21.9468"
"304.3550","0.9671","21.9491"
"304.4550","0.9676","21.9498"
"304.5550","0.9680","21.9478"
"304.6550","0.9684","21.9510"
"304.7550","0.9688","21.9515"
"304.8550","0.9692","21.9510"
"304.9550","0.9696","21.9556"
"305.0550","0.9701","21.9535"
"305.1550","0.9705","21.9510"
"305.2550","0.9709","21.9543"
"305.3550","0.9713","21.9556"
"305.4550","0.9717","21.9574"
"305.5550","0.9721","21.9581"
"305.6550","0.9726","21.9611"
"305.7550","0.9730","21.9594"
"305.8550","0.9734","21.9606"
"305.9550","0.9738","21.9607"
"306.0550","0.9742","21.9619"
"306.1550","0.9746","21.9652"
"306.2550","0.9751","21.9621"
"306.3550","0.9755","21.9663"
"306.4550","0.9759","21.9666"
"306.5550","0.9763","21.9657"
"306.6550","0.9767","21.9687"
"306.7550","0.9771","21.9703"
"306.8550","0.9776","21.9673"
"306.9550","0.9780","21.9698"
"307.0550","0.9784","21.9724"
"307.1550","0.9788","21.9731"
"307.2550","0.9792","21.9741"
"307.3550","0.9796","21.9754"
"307.4550","0.9801","21.9713"
"307.5550","0.9805","21.9757"
"307.6550","0.9809","21.9775"
"307.7550","0.9813","21.9778"
"307.8550","0.9817","21.9805"
"307.9550","0.9821","21.9787"
"308.0550","0.9826","21.9801"
"308.1550","0.9830","21.9825"
"308.2550","0.9834","21.9813"
"308.3550","0.9838","21.9805"
"308.4550","0.9842","21.9837"
"308.5550","0.9846","21.9811"
"308.6550","0.9851","21.9876"
"308.7550","0.9855","21.9865"
"308.8550","0.9859","21.9866"
"308.9550","0.9863","21.9873"
"309.0550","0.9867","21.9898"
"309.1550","0.9871","21.9903"
"309.2550","0.9876","21.9880"
"309.3550","0.9880","21.9902"
"309.4550","0.9884","21.9902"
"309.5550","0.9888","21.9897"
"309.6550","0.9892","21.9924"
"309.7550","0.9896","21.9932"
"309.8550","0.9901","21.9954"
"309.9550","0.9905","21.9925"
"310.0550","0.9909","21.9957"
"310.1550","0.9913","21.9989"
"310.2550","0.9917","21.9973"
"310.3550","0.9921","21.9986"
"310.4550","0.9926","21.9998"
"310.5550","0.9930","22.0012"
"310.6550","0.9934","22.0032"
"310.7550","0.9938","22.0034"
"310.8550","0.9942","22.0027"
"310.9550","0.9946","22.0034"
"311.0550","0.9951","22.0045"
"311.1550","0.9955","22.0040"
"311.2550","0.9959","22.0081"
"311.3550","0.9963","22.0092"
"311.4550","0.9967","22.0087"
"311.5550","0.9971","22.0094"
"311.6550","0.9976","22.0102"
"311.7550","0.9980","22.0104"
"311.8550","0.9984","22.0131"
"311.9550","0.9988","22.0137"
"312.0550","0.9992","22.0125"
"312.1550","0.9996","22.0164"
"312.2550","1.0001","22.0141"
"312.3550","1.0005","22.0173"
"312.4550","1.0009","22.0191"
"312.5550","1.0013","22.0163"
"312.6550","1.0017","22.0199"
"312.7550","1.0021","22.0203"
"312.8550","1.0026","22.0175"
"312.9550","1.0030","22.0214"
"313.0550","1.0034","22.0233"
"313.1550","1.0038","22.0208"
"313.2550","1.0042","22.0250"
"313.3550","1.0046","22.0246"
"313.4550","1.0051","22.0236"
"313.5550","1.0055","22.0271"
"313.6550","1.0059","22.0288"
"313.7550","1.0063","22.0285"
"313.8550","1.0067","22.0292"
"313.9550","1.0071","22.0277"
"314.0550","1.0076","22.0301"
"314.1550","1.0080","22.0293"
"314.2550","1.0084","22.0333"
"314.3550","1.0088","22.0328"
"314.4550","1.0092","22.0341"
"314.5550","1.0096","22.0333"
"314.6550","1.0101","22.0360"
"314.7550","1.0105","22.0366"
"314.8550","1.0109","22.0359"
"314.9550","1.0113","22.0395"
"315.0550","1.0117","22.0394"
"315.1550","1.0121","22.0378"
"315.2550","1.0126","22.0416"
"315.3550","1.0130","22.0426"
"315.4550","1.0134","22.0417"
"315.5550","1.0138","22.0429"
"315.6550","1.0142","22.0457"
"315.7550","1.0146","22.0432"
"315.8550","1.0151","22.0461"
"315.9550","1.0155","22.0453"
"316.0550","1.0159","22.0454"
"316.1550","1.0163","22.0473"
"316.2550","1.0167","22.0498"
"316.3550","1.0171","22.0481"
"316.4550","1.0176","22.0488"
"316.5550","1.0180","22.0489"
"316.6550","1.0184","22.0524"
"316.7550","1.0188","22.0518"
"316.8550","1.0192","22.0524"
"316.9550","1.0196","22.0535"
"317.0550","1.0201","22.0549"
"317.1550","1.0205","22.0534"
"317.2550","1.0209","22.0552"
"317.3550","1.0213","22.0581"
"317.4550","1.0217","22.0542"
"317.5550","1.0221","22.0553"
"317.6550","1.0226","22.0579"
"317.7550","1.0230","22.0561"
"317.8550","1.0234","22.0601"
"317.9550","1.0238","22.0605"
"318.0550","1.0242","22.0586"
"318.1550","1.0246","22.0606"
"318.2550","1.0251","22.0616"
"318.3550","1.0255","22.0602"
"318.4550","1.0259","22.0632"
"318.5550","1.0263","22.0629"
"318.6550","1.0267","22.0649"
"318.7550","1.0271","22.0661"
"318.8550","1.0276","22.0676"
"318.9550","1.0280","22.0662"
"319.0550","1.0284","22.0694"
"319.1550","1.0288","22.0672"
"319.2550","1.0292","22.0693"
"319.3550","1.0296","22.0687"
"319.4550","1.0301","22.0696"
"319.5550","1.0305","22.0729"
"319.6550","1.0309","22.0742"
"319.7550","1.0313","22.0718"
"319.8550","1.0317","22.0746"
"319.9550","1.0321","22.0756"
"320.0550","1.0326","22.0760"
"320.1550","1.0330","22.0765"
"320.2550","1.0334","22.0774"
"320.3550","1.0338","22.0783"
"320.4550","1.0342","22.0790"
"320.5550","1.0346","22.0800"
"320.6550","1.0351","22.0816"
"320.7550","1.0355","22.0819"
"320.8550","1.0359","22.0831"
"320.9550","1.0363","22.0829"
"321.0550","1.0367","22.0863"
"321.1550","1.0371","22.0840"
"321.2550","1.0376","22.0872"
"321.3550","1.0380","22.0877"
"321.4550","1.0384","22.0883"
"321.5550","1.0388","22.0856"
"321.6550","1.0392","22.0915"
"321.7550","1.0396","22.0862"
"321.8550","1.0401","22.0924"
"321.9550","1.0405","22.0919"
"322.0550","1.0409","22.0933"
"322.1550","1.0413","22.0943"
"322.2550","1.0417","22.0953"
"322.3550","1.0421","22.0941"
"322.4550","1.0426","22.0941"
"322.5550","1.0430","22.0949"
"322.6550","1.0434","22.0965"
"322.7550","1.0438","22.0979"
"322.8550","1.0442","22.0958"
"322.9550","1.0446","22.0976"
"323.0550","1.0451","22.1013"
"323.1550","1.0455","22.1006"
"323.2550","1.0459","22.1023"
"323.3550","1.0463","22.1031"
"323.4550","1.0467","22.1033"
"323.5550","1.0471","22.1045"
"323.6550","1.0476","22.1055"
"323.7550","1.0480","22.1058"
"323.8550","1.0484","22.1078"
"323.9550","1.0488","22.1093"
"324.0550","1.0492","22.1037"
"324.1550","1.0496","22.1110"
"324.2550","1.0501","22.1096"
"324.3550","1.0505","22.1119"
"324.4550","1.0509","22.1088"
"324.5550","1.0513","22.1129"
"324.6550","1.0517","22.1088"
"324.7550","1.0521","22.1143"
"324.8550","1.0526","22.1120"
"324.9550","1.0530","22.1149"
"325.0550","1.0534","22.1174"
"325.1550","1.0538","22.1156"
"325.2550","1.0542","22.1185"
"325.3550","1.0546","22.1186"
"325.4550","1.0551","22.1146"
"325.5550","1.0555","22.1192"
"325.6550","1.0559","22.1192"
"325.7550","1.0563","22.1180"
"325.8550","1.0567","22.1197"
"325.9550","1.0571","22.1218"
"326.0550","1.0576","22.1188"
"326.1550","1.0580","22.1203"
"326.2550","1.0584","22.1233"
"326.3550","1.0588","22.1228"
"326.4550","1.0592","22.1237"
"326.5550","1.0596","22.1246"
"326.6550","1.0601","22.1269"
"326.7550","1.0605","22.1294"
"326.8550","1.0609","22.1261"
"326.9550","1.0613","22.1270"
"327.0550","1.0617","22.1251"
"327.1550","1.0621","22.1272"
"327.2550","1.0626","22.1283"
"327.3550","1.0630","22.1294"
"327.4550","1.0634","22.1297"
"327.5550","1.0638","22.1330"
"327.6550","1.0642","22.1331"
"327.7550","1.0646","22.1310"
"327.8550","1.0651","22.1346"
"327.9550","1.0655","22.1358"
"328.0550","1.0659","22.1349"
"328.1550","1.0663","22.1366"
"328.2550","1.0667","22.1372"
"328.3550","1.0671","22.1358"
"328.4550","1.0676","22.1373"
"328.5550","1.0680","22.1396"
"328.6550","1.0684","22.1391"
"328.7550","1.0688","22.1387"
"328.8550","1.0692","22.1392"
"328.9550","1.0696","22.1389"
"329.0550","1.0701","22.1403"
"329.1550","1.0705","22.1404"
"329.2550","1.0709","22.1417"
"329.3550","1.0713","22.1408"
"329.4550","1.0717","22.1417"
"329.5550","1.0721","22.1439"
"329.6550","1.0726","22.1438"
"329.7550","1.0730","22.1450"
"329.8550","1.0734","22.1445"
"329.9550","1.0738","22.1455"
"330.0550","1.0742","22.1440"
"330.1550","1.0746","22.1474"
"330.2550","1.0751","22.1466"
"330.3550","1.0755","22.1438"
"330.4550","1.0759","22.1471"
"330.5550","1.0763","22.1473"
"330.6550","1.0767","22.1482"
"330.7550","1.0771","22.1510"
"330.8550","1.0776","22.1507"
"330.9550","1.0780","22.1506"
"331.0550","1.0784","22.1509"
"331.1550","1.0788","22.1508"
"331.2550","1.0792","22.1525"
"331.3550","1.0796","22.1537"
"331.4550","1.0801","22.1520"
"331.5550","1.0805","22.1533"
"331.6550","1.0809","22.1536"
"331.7550","1.0813","22.1539"
"331.8550","1.0817","22.1562"
"331.9550","1.0821","22.1564"
"332.0550","1.0826","22.1562"
"332.1550","1.0830","22.1573"
"332.2550","1.0834","22.1572"
"332.3550","1.0838","22.1572"
"332.4550","1.0842","22.1601"
"332.5550","1.0846","22.1584"
"332.6550","1.0851","22.1600"
"332.7550","1.0855","22.1612"
"332.8550","1.0859","22.1600"
"332.9550","1.0863","22.1623"
"333.0550","1.0867","22.1628"
"333.1550","1.0871","22.1629"
"333.2550","1.0876","22.1640"
"333.3550","1.0880","22.1647"
"333.4550","1.0884","22.1616"
"333.5550","1.0888","22.1654"
"333.6550","1.0892","22.1681"
"333.7550","1.0896","22.1621"
"333.8550","1.0901","22.1680"
"333.9550","1.0905","22.1686"
"334.0550","1.0909","22.1655"
"334.1550","1.0913","22.1690"
"334.2550","1.0917","22.1715"
"334.3550","1.0921","22.1683"
"334.4550","1.0926","22.1689"
"334.5550","1.0930","22.1697"
"334.6550","1.0934","22.1689"
"334.7550","1.0938","22.1706"
"334.8550","1.0942","22.1713"
"334.9550","1.0946","22.1737"
"335.0550","1.0951","22.1735"
"335.1550","1.0955","22.1719"
"335.2550","1.0959","22.1742"
"335.3550","1.0963","22.1732"
"335.4550","1.0967","22.1736"
"335.5550","1.0971","22.1732"
"335.6550","1.0976","22.1783"
"335.7550","1.0980","22.1742"
"335.8550","1.0984","22.1739"
"335.9550","1.0988","22.1767"
"336.0550","1.0992","22.1795"
"336.1550","1.0996","22.1797"
"336.2550","1.1001","22.1814"
"336.3550","1.1005","22.1792"
"336.4550","1.1009","22.1800"
"336.5550","1.1013","22.1820"
"336.6550","1.1017","22.1801"
"336.7550","1.1021","22.1824"
"336.8550","1.1026","22.1832"
"336.9550","1.1030","22.1818"
"337.0550","1.1034","22.1836"
"337.1550","1.1038","22.1835"
"337.2550","1.1042","22.1862"
"337.3550","1.1046","22.1879"
"337.4550","1.1051","22.1871"
"337.5550","1.1055","22.1861"
"337.6550","1.1059","22.1886"
"337.7550","1.1063","22.1862"
"337.8550","1.1067","22.1877"
"337.9550","1.1071","22.1915"
"338.0550","1.1076","22.1897"
"338.1550","1.1080","22.1905"
"338.2550","1.1084","22.1919"
"338.3550","1.1088","22.1889"
"338.4550","1.1092","22.1930"
"338.5550","1.1096","22.1922"
"338.6550","1.1101","22.1910"
"338.7550","1.1105","22.1934"
"338.8550","1.1109","22.1941"
"338.9550","1.1113","22.1910"
"339.0550","1.1117","22.1965"
"339.1550","1.1121","22.1968"
"339.2550","1.1126","22.1966"
"339.3550","1.1130","22.1975"
"339.4550","1.1134","22.1970"
"339.5550","1.1138","22.1983"
"339.6550","1.1142","22.1989"
"339.7550","1.1146","22.1985"
"339.8550","1.1151","22.2013"
"339.9550","1.1155","22.2005"
"340.0550","1.1159","22.1974"
"340.1550","1.1163","22.1990"
"340.2550","1.1167","22.2008"
"340.3550","1.1171","22.2009"
"340.4550","1.1176","22.2050"
"340.5550","1.1180","22.2023"
"340.6550","1.1184","22.2015"
"340.7550","1.1188","22.2060"
"340.8550","1.1192","22.2068"
"340.9550","1.1196","22.2022"
"341.0550","1.1201","22.2063"
"341.1550","1.1205","22.2034"
"341.2550","1.1209","22.2052"
"341.3550","1.1213","22.2059"
"341.4550","1.1217","22.2068"
"341.5550","1.1221","22.2068"
"341.6550","1.1226","22.2071"
"341.7550","1.1230","22.2049"
"341.8550","1.1234","22.2074"
"341.9550","1.1238","22.2084"
"342.0550","1.1242","22.2073"
"342.1550","1.1246","22.2081"
"342.2550","1.1251","22.2075"
"342.3550","1.1255","22.2060"
"342.4550","1.1259","22.2105"
"342.5550","1.1263","22.2109"
"342.6550","1.1267","22.2094"
"342.7550","1.1271","22.2123"
"342.8550","1.1276","22.2116"
"342.9550","1.1280","22.2113"
"343.0550","1.1284","22.2107"
"343.1550","1.1288","22.2123"
"343.2550","1.1292","22.2102"
"343.3550","1.1296","22.2118"
"343.4550","1.1301","22.2139"
"343.5550","1.1305","22.2125"
"343.6550","1.1309","22.2144"
"343.7550","1.1313","22.2153"
"343.8550","1.1317","22.2151"
"343.9550","1.1321","22.2144"
"344.0550","1.1326","22.2158"
"344.1550","1.1330","22.2145"
"344.2550","1.1334","22.2166"
"344.3550","1.1338","22.2152"
"344.4550","1.1342","22.2174"
"344.5550","1.1346","22.2160"
"344.6550","1.1351","22.2162"
"344.7550","1.1355","22.2190"
"344.8550","1.1359","22.2189"
"344.9550","1.1363","22.2183"
"345.0550","1.1367","22.2203"
"345.1550","1.1371","22.2200"
"345.2550","1.1376","22.2199"
"345.3550","1.1380","22.2217"
"345.4550","1.1384","22.2195"
"345.5550","1.1388","22.2207"
"345.6550","1.1392","22.2219"
"345.7550","1.1396","22.2219"
"345.8550","1.1401","22.2223"
"345.9550","1.1405","22.2226"
"346.0550","1.1409","22.2242"
"346.1550","1.1413","22.2247"
"346.2550","1.1417","22.2260"
"346.3550","1.1421","22.2244"
"346.4550","1.1426","22.2245"
"346.5550","1.1430","22.2249"
"346.6550","1.1434","22.2224"
"346.7550","1.1438","22.2246"
"346.8550","1.1442","22.2278"
"346.9550","1.1446","22.2277"
"347.0550","1.1451","22.2275"
"347.1550","1.1455","22.2302"
"347.2550","1.1459","22.2254"
"347.3550","1.1463","22.2292"
"347.4550","1.1467","22.2278"
"347.5550","1.1471","22.2272"
"347.6550","1.1476","22.2289"
"347.7550","1.1480","22.2293"
"347.8550","1.1484","22.2301"
"347.9550","1.1488","22.2303"
"348.0550","1.1492","22.2285"
"348.1550","1.1496","22.2296"
"348.2550","1.1501","22.2288"
"348.3550","1.1505","22.2302"
"348.4550","1.1509","22.2311"
"348.5550","1.1513","22.2330"
"348.6550","1.1517","22.2314"
"348.7550","1.1521","22.2329"
"348.8550","1.1526","22.2328"
"348.9550","1.1530","22.2319"
"349.0550","1.1534","22.2335"
"349.1550","1.1538","22.2346"
"349.2550","1.1542","22.2356"
"349.3550","1.1546","22.2368"
"349.4550","1.1551","22.2358"
"349.5550","1.1555","22.2381"
"349.6550","1.1559","22.2353"
"349.7550","1.1563","22.2377"
"349.8550","1.1567","22.2363"
"349.9550","1.1571","22.2407"
"350.0550","1.1576","22.2358"
"350.1550","1.1580","22.2383"
"350.2550","1.1584","22.2402"
"350.3550","1.1588","22.2390"
"350.4550","1.1592","22.2409"
"350.5550","1.1596","22.2425"
"350.6550","1.1600","22.2397"
"350.7550","1.1605","22.2425"
"350.8550","1.1609","22.2441"
"350.9550","1.1613","22.2408"
"351.0550","1.1617","22.2413"
"351.1550","1.1621","22.2444"
"351.2550","1.1626","22.2417"
"351.3550","1.1630","22.2454"
"351.4550","1.1634","22.2445"
"351.5550","1.1638","22.2410"
"351.6550","1.1642","22.2440"
"351.7550","1.1646","22.2471"
"351.8550","1.1651","22.2455"
"351.9550","1.1655","22.2466"
"352.0550","1.1659","22.2456"
"352.1550","1.1663","22.2475"
"352.2550","1.1667","22.2467"
"352.3550","1.1671","22.2482"
"352.4550","1.1676","22.2504"
"352.5550","1.1680","22.2499"
"352.6550","1.1684","22.2481"
"352.7550","1.1688","22.2519"
"352.8550","1.1692","22.2511"
"352.9550","1.1696","22.2478"
"353.0550","1.1701","22.2493"
"353.1550","1.1705","22.2516"
"353.2550","1.1709","22.2508"
"353.3550","1.1713","22.2538"
"353.4550","1.1717","22.2534"
"353.5550","1.1721","22.2517"
"353.6550","1.1726","22.2534"
"353.7550","1.1730","22.2537"
"353.8550","1.1734","22.2545"
"353.9550","1.1738","22.2577"
"354.0550","1.1742","22.2544"
"354.1550","1.1746","22.2565"
"354.2550","1.1751","22.2557"
"354.3550","1.1755","22.2560"
"354.4550","1.1759","22.2568"
"354.5550","1.1763","22.2607"
"354.6550","1.1767","22.2583"
"354.7550","1.1771","22.2588"
"354.8550","1.1776","22.2584"
"354.9550","1.1780","22.2563"
"355.0550","1.1784","22.2596"
"355.1550","1.1788","22.2591"
"355.2550","1.1792","22.2597"
"355.3550","1.1796","22.2582"
"355.4550","1.1801","22.2599"
"355.5550","1.1805","22.2578"
"355.6550","1.1809","22.2627"
"355.7550","1.1813","22.2625"
"355.8550","1.1817","22.2613"
"355.9550","1.1821","22.2630"
"356.0550","1.1826","22.2598"
"356.1550","1.1830","22.2621"
"356.2550","1.1834","22.2604"
"356.3550","1.1838","22.2630"
"356.4550","1.1842","22.2607"
"356.5550","1.1846","22.2651"
"356.6550","1.1851","22.2624"
"356.7550","1.1855","22.2619"
"356.8550","1.1859","22.2663"
"356.9550","1.1863","22.2638"
"357.0550","1.1867","22.2664"
"357.1550","1.1871","22.2660"
"357.2550","1.1876","22.2639"
"357.3550","1.1880","22.2647"
"357.4550","1.1884","22.2653"
"357.5550","1.1888","22.2638"
"357.6550","1.1892","22.2685"
"357.7550","1.1896","22.2639"
"357.8550","1.1901","22.2657"
"357.9550","1.1905","22.2675"
"358.0550","1.1909","22.2656"
"358.1550","1.1913","22.2697"
"358.2550","1.1917","22.2701"
"358.3550","1.1921","22.2664"
"358.4550","1.1926","22.2680"
"358.5550","1.1930","22.2682"
"358.6550","1.1934","22.2662"
"358.7550","1.1938","22.2699"
"358.8550","1.1942","22.2707"
"358.9550","1.1946","22.2684"
"359.0550","1.1951","22.2698"
"359.1550","1.1955","22.2716"
"359.2550","1.1959","22.2701"
"359.3550","1.1963","22.2691"
"359.4550","1.1967","22.2711"
"359.5550","1.1971","22.2684"
"359.6550","1.1976","22.2701"
"359.7550","1.1980","22.2709"
"359.8550","1.1984","22.2710"
"359.9550","1.1988","22.2715"
"360.0550","1.1992","22.2738"
"360.1550","1.1996","22.2716"
"360.2550","1.2001","22.2725"
"360.3550","1.2005","22.2735"
"360.4550","1.2009","22.2738"
"360.5550","1.2013","22.2757"
"360.6550","1.2017","22.2727"
"360.7550","1.2021","22.2738"
"360.8550","1.2026","22.2761"
"360.9550","1.2030","22.2707"
"361.0550","1.2034","22.2755"
"361.1550","1.2038","22.2737"
"361.2550","1.2042","22.2721"
"361.3550","1.2046","22.2729"
"361.4550","1.2051","22.2785"
"361.5550","1.2055","22.2738"
"361.6550","1.2059","22.2753"
"361.7550","1.2063","22.2756"
"361.8550","1.2067","22.2728"
"361.9550","1.2071","22.2741"
"362.0550","1.2076","22.2778"
"362.1550","1.2080","22.2762"
"362.2550","1.2084","22.2747"
"362.3550","1.2088","22.2767"
"362.4550","1.2092","22.2759"
"362.5550","1.2096","22.2758"
"362.6550","1.2101","22.2756"
"362.7550","1.2105","22.2740"
"362.8550","1.2109","22.2768"
"362.9550","1.2113","22.2732"
"363.0550","1.2117","22.2757"
"363.1550","1.2121","22.2761"
"363.2550","1.2125","22.2749"
"363.3550","1.2130","22.2786"
"363.4550","1.2134","22.2785"
"363.5550","1.2138","22.2740"
"363.6550","1.2142","22.2754"
"363.7550","1.2146","22.2778"
"363.8550","1.2151","22.2745"
"363.9550","1.2155","22.2757"
"364.0550","1.2159","22.2757"
"364.1550","1.2163","22.2731"
"364.2550","1.2167","22.2750"
"364.3550","1.2171","22.2759"
"364.4550","1.2176","22.2756"
"364.5550","1.2180","22.2750"
"364.6550","1.2184","22.2784"
"364.7550","1.2188","22.2755"
"364.8550","1.2192","22.2768"
"364.9550","1.2196","22.2733"
"365.0550","1.2201","22.2756"
"365.1550","1.2205","22.2745"
"365.2550","1.2209","22.2766"
"365.3550","1.2213","22.2779"
"365.4550","1.2217","22.2770"
"365.5550","1.2221","22.2744"
"365.6550","1.2226","22.2788"
"365.7550","1.2230","22.2766"
"365.8550","1.2234","22.2774"
"365.9550","1.2238","22.2753"
"366.0550","1.2242","22.2748"
"366.1550","1.2246","22.2754"
"366.2550","1.2251","22.2785"
"366.3550","1.2255","22.2764"
"366.4550","1.2259","22.2756"
"366.5550","1.2263","22.2771"
"366.6550","1.2267","22.2763"
"366.7550","1.2271","22.2763"
"366.8550","1.2276","22.2791"
"366.9550","1.2280","22.2751"
"367.0550","1.2284","22.2791"
"367.1550","1.2288","22.2776"
"367.2550","1.2292","22.2734"
"367.3550","1.2296","22.2780"
"367.4550","1.2301","22.2767"
"367.5550","1.2305","22.2755"
"367.6550","1.2309","22.2760"
"367.7550","1.2313","22.2776"
"367.8550","1.2317","22.2745"
"367.9550","1.2321","22.2773"
"368.0550","1.2326","22.2747"
"368.1550","1.2330","22.2759"
"368.2550","1.2334","22.2735"
"368.3550","1.2338","22.2746"
"368.4550","1.2342","22.2736"
"368.5550","1.2346","22.2753"
"368.6550","1.2351","22.2754"
"368.7550","1.2355","22.2768"
"368.8550","1.2359","22.2750"
"368.9550","1.2363","22.2747"
"369.0550","1.2367","22.2741"
"369.1550","1.2371","22.2742"
"369.2550","1.2376","22.2733"
"369.3550","1.2380","22.2729"
"369.4550","1.2384","22.2726"
"369.5550","1.2388","22.2715"
"369.6550","1.2392","22.2708"
"369.7550","1.2396","22.2731"
"369.8550","1.2401","22.2706"
"369.9550","1.2405","22.2737"
"370.0550","1.2409","22.2726"
"370.1550","1.2413","22.2707"
"370.2550","1.2417","22.2695"
"370.3550","1.2421","22.2690"
"370.4550","1.2426","22.2701"
"370.5550","1.2430","22.2705"
"370.6550","1.2434","22.2706"
"370.7550","1.2438","22.2676"
"370.8550","1.2442","22.2684"
"370.9550","1.2446","22.2667"
"371.0550","1.2451","22.2686"
"371.1550","1.2455","22.2692"
"371.2550","1.2459","22.2664"
"371.3550","1.2463","22.2666"
"371.4550","1.2467","22.2639"
"371.5550","1.2471","22.2627"
"371.6550","1.2476","22.2647"
"371.7550","1.2480","22.2641"
"371.8550","1.2484","22.2636"
"371.9550","1.2488","22.2626"
"372.0550","1.2492","22.2606"
"372.1550","1.2496","22.2592"
"372.2550","1.2501","22.2582"
"372.3550","1.2505","22.2565"
"372.4550","1.2509","22.2523"
"372.5550","1.2513","22.2532"
"372.6550","1.2517","22.2507"
"372.7550","1.2521","22.2513"
"372.8550","1.2526","22.2468"
"372.9550","1.2530","22.2479"
"373.0550","1.2534","22.2440"
"373.1550","1.2538","22.2399"
"373.2550","1.2542","22.2371"
"373.3550","1.2546","22.2319"
"373.4550","1.2551","22.2292"
"373.5550","1.2555","22.2211"
"373.6550","1.2559","22.2135"
"373.7550","1.2563","22.2068"
"373.8550","1.2567","22.1915"
"373.9550","1.2571","22.1802"
"374.0550","1.2576","22.1559"
"374.1550","1.2580","22.1196"
"374.2550","1.2584","22.0520"
"374.3450","1.2588","12.9898"

